qid,docno,relevance,iteration
5743,D2,2,0
6266,D13,2,0
7918,D17,2,0
5215,D25,1,0
1173,D37,1,0
3567,D55,1,0
5246,D73,2,0
328,D79,1,0
9909,D83,2,0
6822,D84,1,0
2397,D97,1,0
2438,D99,1,0
834,D127,2,0
8650,D128,2,0
3542,D135,2,0
6999,D138,1,0
8542,D145,2,0
400,D158,1,0
1606,D168,2,0
1439,D169,1,0
1291,D176,2,0
4035,D194,1,0
7712,D219,1,0
5355,D236,2,0
7882,D258,1,0
4678,D262,2,0
5231,D263,2,0
3575,D277,1,0
8517,D286,1,0
3256,D292,1,0
4904,D294,2,0
5838,D301,1,0
4507,D302,1,0
4874,D303,2,0
3545,D319,1,0
6277,D320,1,0
1164,D332,2,0
2222,D333,1,0
7580,D334,1,0
4349,D340,1,0
2258,D348,2,0
8447,D355,1,0
8991,D359,2,0
6187,D361,2,0
5359,D375,2,0
8426,D409,2,0
36,D420,2,0
1754,D436,1,0
1190,D450,1,0
9917,D467,2,0
3016,D468,2,0
3111,D486,1,0
4031,D512,1,0
5759,D524,2,0
8892,D525,1,0
995,D536,2,0
9103,D537,1,0
3067,D540,1,0
8029,D541,1,0
7619,D546,1,0
110,D567,1,0
5876,D568,2,0
9398,D577,1,0
7645,D601,2,0
9770,D616,2,0
3716,D624,2,0
5721,D643,2,0
902,D657,2,0
5569,D663,1,0
5357,D701,2,0
4459,D704,2,0
4401,D706,1,0
8594,D710,1,0
1625,D723,2,0
2769,D738,2,0
8678,D741,1,0
8665,D743,2,0
8294,D745,2,0
1455,D750,1,0
4971,D766,2,0
5890,D770,1,0
4220,D773,2,0
6369,D777,2,0
4110,D786,2,0
4373,D809,1,0
4796,D814,2,0
6671,D817,2,0
2619,D818,2,0
7543,D822,1,0
3357,D832,1,0
5282,D852,2,0
8571,D859,1,0
4061,D862,1,0
4228,D866,2,0
2935,D874,2,0
8024,D877,2,0
4802,D884,2,0
5034,D889,2,0
329,D890,1,0
9267,D892,2,0
3904,D899,2,0
9376,D902,2,0
8888,D906,2,0
860,D907,2,0
2825,D912,2,0
8734,D918,2,0
999,D920,2,0
7691,D948,1,0
7973,D953,1,0
118,D982,1,0
1754,D995,2,0
8832,D1002,2,0
449,D1005,1,0
878,D1009,1,0
3379,D1016,2,0
4972,D1026,1,0
4234,D1032,2,0
1469,D1039,1,0
3829,D1043,1,0
8898,D1052,1,0
640,D1055,1,0
8210,D1059,2,0
780,D1068,2,0
2440,D1069,2,0
4751,D1074,1,0
3823,D1076,1,0
333,D1082,1,0
1448,D1083,2,0
1793,D1096,2,0
7383,D1105,2,0
8525,D1108,2,0
5818,D1110,1,0
57,D1165,1,0
6372,D1169,2,0
7564,D1170,2,0
1,D1173,2,0
7139,D1174,1,0
5835,D1180,1,0
2851,D1183,1,0
2739,D1194,1,0
2877,D1200,1,0
5726,D1204,2,0
2781,D1214,2,0
2148,D1215,1,0
9034,D1240,1,0
2048,D1245,2,0
8921,D1255,1,0
7277,D1267,1,0
1248,D1268,2,0
5593,D1269,2,0
2123,D1274,2,0
3009,D1275,1,0
5538,D1286,2,0
6513,D1325,1,0
782,D1328,1,0
1924,D1340,1,0
8062,D1345,1,0
5067,D1359,2,0
3317,D1360,1,0
4809,D1362,2,0
7177,D1368,1,0
5583,D1372,1,0
8166,D1385,2,0
7430,D1400,1,0
4961,D1406,2,0
1935,D1417,2,0
1917,D1420,2,0
4633,D1425,1,0
9160,D1430,2,0
8925,D1459,2,0
604,D1462,2,0
9694,D1464,2,0
8814,D1471,2,0
4024,D1473,1,0
5089,D1479,2,0
5888,D1495,2,0
2358,D1498,2,0
7150,D1501,1,0
9057,D1508,1,0
1124,D1514,1,0
5016,D1524,2,0
4147,D1534,1,0
4201,D1548,2,0
6127,D1573,1,0
6059,D1574,2,0
5146,D1580,2,0
8485,D1594,1,0
2411,D1599,1,0
3756,D1605,1,0
9834,D1614,2,0
4717,D1625,1,0
7683,D1627,1,0
9894,D1636,1,0
1836,D1638,1,0
2609,D1652,1,0
5037,D1657,2,0
2507,D1669,2,0
9546,D1672,1,0
1210,D1673,2,0
8615,D1698,2,0
8284,D1736,1,0
3287,D1737,1,0
8300,D1738,2,0
4564,D1757,2,0
9596,D1759,2,0
5605,D1769,2,0
679,D1773,1,0
9348,D1817,2,0
1798,D1825,2,0
2442,D1836,1,0
7390,D1839,1,0
1219,D1848,1,0
2049,D1850,2,0
5420,D1855,2,0
6056,D1856,1,0
3961,D1890,2,0
7665,D1899,2,0
4497,D1908,2,0
5767,D1912,2,0
2876,D1927,1,0
2777,D1933,1,0
9876,D1943,1,0
4260,D1957,1,0
3182,D1964,1,0
7152,D1966,1,0
4259,D1973,2,0
107,D1982,1,0
4883,D1991,1,0
6066,D1996,1,0
4111,D1998,1,0
7067,D2007,1,0
3983,D2009,1,0
21,D2014,2,0
7256,D2034,1,0
9407,D2039,1,0
8610,D2046,1,0
5001,D2048,1,0
6379,D2054,2,0
3882,D2061,1,0
6004,D2070,2,0
8306,D2073,1,0
766,D2074,2,0
6074,D2077,1,0
6889,D2085,2,0
5972,D2104,1,0
2699,D2109,1,0
7620,D2111,2,0
6254,D2116,2,0
9644,D2125,2,0
5275,D2126,2,0
562,D2136,1,0
4362,D2144,1,0
9500,D2146,1,0
4250,D2151,2,0
8984,D2152,2,0
991,D2155,1,0
9085,D2156,2,0
679,D2169,2,0
2288,D2179,1,0
8201,D2187,1,0
2045,D2231,2,0
4589,D2251,2,0
1820,D2262,1,0
4029,D2275,2,0
4435,D2280,2,0
9259,D2292,2,0
7877,D2294,2,0
404,D2307,2,0
4995,D2308,2,0
1221,D2318,1,0
7461,D2321,2,0
9613,D2339,2,0
4242,D2349,2,0
447,D2364,2,0
9830,D2375,2,0
4579,D2385,2,0
809,D2413,2,0
659,D2427,2,0
8133,D2428,2,0
9473,D2433,1,0
833,D2438,2,0
3223,D2443,2,0
6775,D2445,2,0
4748,D2450,2,0
4197,D2451,1,0
5265,D2459,1,0
52,D2472,2,0
2957,D2474,2,0
7794,D2476,1,0
6527,D2482,2,0
4620,D2489,2,0
9809,D2492,2,0
7725,D2501,2,0
4496,D2528,1,0
9864,D2538,1,0
8637,D2541,2,0
9502,D2551,1,0
7655,D2555,2,0
1752,D2584,2,0
9939,D2597,1,0
7649,D2602,2,0
6460,D2604,2,0
7693,D2624,1,0
2317,D2637,1,0
5993,D2640,2,0
237,D2646,2,0
5540,D2673,2,0
8754,D2674,2,0
167,D2675,1,0
9187,D2690,1,0
8080,D2693,2,0
7879,D2698,2,0
2245,D2720,2,0
7479,D2733,1,0
8394,D2749,2,0
3440,D2757,2,0
6050,D2768,2,0
8017,D2769,1,0
9781,D2792,1,0
9159,D2796,2,0
4949,D2797,1,0
3238,D2803,2,0
2518,D2811,2,0
8261,D2824,2,0
2966,D2825,1,0
9377,D2855,2,0
7444,D2858,2,0
697,D2862,2,0
3220,D2865,2,0
9846,D2868,1,0
9492,D2877,1,0
4823,D2880,1,0
2760,D2887,1,0
8632,D2898,1,0
8022,D2911,1,0
6599,D2916,2,0
4950,D2917,2,0
9383,D2918,2,0
1297,D2922,2,0
7021,D2923,1,0
5302,D2925,1,0
8738,D2940,1,0
9802,D2949,1,0
2666,D2950,2,0
9590,D2982,1,0
4698,D2991,2,0
3651,D3010,1,0
6134,D3012,2,0
2928,D3013,2,0
849,D3018,2,0
3837,D3033,1,0
7381,D3056,2,0
6225,D3060,2,0
4148,D3087,2,0
7023,D3089,2,0
6293,D3114,2,0
2670,D3125,2,0
337,D3140,2,0
8604,D3149,1,0
7676,D3156,1,0
5643,D3158,1,0
1938,D3172,2,0
3402,D3174,2,0
2823,D3195,1,0
8627,D3200,1,0
764,D3206,1,0
4316,D3213,1,0
9230,D3215,2,0
3887,D3228,2,0
1112,D3233,1,0
754,D3236,2,0
3980,D3245,1,0
9997,D3251,2,0
3769,D3279,2,0
8075,D3286,1,0
6802,D3291,2,0
7344,D3297,2,0
9672,D3301,2,0
1060,D3318,2,0
7137,D3374,1,0
5017,D3375,2,0
7721,D3379,1,0
1647,D3384,1,0
284,D3390,1,0
53,D3396,1,0
4417,D3418,2,0
3143,D3420,1,0
5897,D3423,2,0
6546,D3426,2,0
225,D3431,2,0
7015,D3437,1,0
9559,D3447,2,0
8606,D3462,2,0
5924,D3474,1,0
3940,D3477,2,0
2006,D3493,1,0
4513,D3507,1,0
4003,D3510,2,0
4863,D3518,2,0
7592,D3528,1,0
447,D3544,1,0
4207,D3545,1,0
5448,D3555,2,0
9736,D3560,1,0
2994,D3561,1,0
6815,D3566,1,0
5087,D3569,2,0
8043,D3590,1,0
2984,D3601,2,0
233,D3604,2,0
4551,D3612,1,0
7815,D3613,2,0
4428,D3615,1,0
2257,D3617,1,0
2660,D3628,1,0
7136,D3645,2,0
9431,D3678,1,0
8652,D3686,2,0
1038,D3696,1,0
1666,D3708,1,0
1263,D3709,2,0
2800,D3717,1,0
2847,D3731,1,0
6469,D3736,1,0
6271,D3747,1,0
1910,D3758,2,0
6405,D3759,2,0
9950,D3763,1,0
6429,D3765,1,0
5024,D3788,1,0
8241,D3789,1,0
7359,D3792,2,0
5774,D3801,2,0
8781,D3811,2,0
1929,D3812,2,0
2140,D3817,2,0
8100,D3826,2,0
8469,D3833,1,0
906,D3857,1,0
4358,D3858,2,0
7780,D3866,2,0
4681,D3875,1,0
7700,D3877,2,0
4858,D3887,1,0
8110,D3892,2,0
3952,D3895,1,0
4223,D3902,2,0
3981,D3915,1,0
1890,D3927,2,0
9749,D3941,1,0
6141,D3946,1,0
7692,D3949,1,0
8243,D3958,1,0
9516,D3960,2,0
4532,D3977,2,0
5074,D3991,2,0
4184,D3997,2,0
5294,D4006,1,0
7678,D4008,1,0
1104,D4014,1,0
3250,D4021,2,0
4994,D4028,2,0
9414,D4030,2,0
1542,D4044,2,0
2056,D4046,1,0
444,D4049,2,0
3557,D4082,2,0
8719,D4092,2,0
2273,D4095,1,0
3715,D4096,1,0
2232,D4108,2,0
263,D4115,1,0
4231,D4117,1,0
4389,D4120,2,0
7603,D4145,2,0
5452,D4163,2,0
8797,D4168,2,0
9882,D4177,2,0
2565,D4179,1,0
7526,D4200,2,0
2231,D4203,1,0
8698,D4216,1,0
5820,D4237,1,0
6086,D4250,2,0
3226,D4260,1,0
6458,D4276,2,0
4355,D4291,1,0
1574,D4304,2,0
2638,D4314,1,0
6515,D4316,2,0
3959,D4360,1,0
2108,D4363,2,0
1964,D4367,2,0
6153,D4369,1,0
1458,D4376,2,0
7628,D4396,1,0
8432,D4398,1,0
5876,D4399,1,0
7315,D4400,2,0
4470,D4411,2,0
5851,D4417,1,0
3611,D4421,2,0
5580,D4431,1,0
9295,D4433,1,0
2744,D4447,2,0
3134,D4458,1,0
272,D4464,2,0
2407,D4468,1,0
1878,D4474,2,0
8487,D4475,2,0
8369,D4492,2,0
6666,D4496,2,0
8988,D4498,1,0
3345,D4509,1,0
634,D4543,2,0
2531,D4558,2,0
7265,D4559,1,0
4476,D4569,2,0
3093,D4576,1,0
656,D4578,1,0
5775,D4581,2,0
5072,D4597,1,0
7293,D4604,2,0
9925,D4613,2,0
8410,D4615,1,0
8955,D4623,1,0
4984,D4629,1,0
1018,D4631,1,0
5854,D4635,2,0
2539,D4640,1,0
2740,D4644,1,0
8732,D4655,1,0
5087,D4661,1,0
4339,D4682,1,0
2569,D4694,2,0
1658,D4695,2,0
1056,D4703,2,0
9477,D4706,2,0
7875,D4708,1,0
105,D4714,2,0
3807,D4726,2,0
915,D4727,1,0
8557,D4740,2,0
8677,D4747,2,0
376,D4750,2,0
4247,D4759,1,0
5336,D4769,1,0
1378,D4780,1,0
9320,D4802,2,0
2081,D4810,1,0
2865,D4823,2,0
2516,D4839,2,0
1761,D4849,2,0
9584,D4852,2,0
3224,D4867,2,0
2176,D4871,2,0
9362,D4874,1,0
5277,D4878,1,0
5507,D4892,2,0
5190,D4914,2,0
2768,D4934,1,0
1644,D4940,1,0
2251,D4952,1,0
3509,D4970,2,0
3327,D4972,2,0
4603,D4976,1,0
9262,D4987,2,0
8279,D4991,1,0
8659,D4998,2,0
5253,D4999,2,0
338,D5020,1,0
7266,D5023,1,0
6147,D5044,2,0
8544,D5049,1,0
40,D5052,2,0
6797,D5054,1,0
2141,D5056,1,0
5604,D5067,2,0
1299,D5073,1,0
8521,D5086,2,0
3815,D5090,2,0
8121,D5115,1,0
6583,D5127,2,0
9426,D5129,1,0
4925,D5131,1,0
3596,D5141,1,0
819,D5156,1,0
753,D5159,2,0
3913,D5160,1,0
2377,D5165,2,0
70,D5172,1,0
8879,D5189,1,0
2722,D5195,2,0
6491,D5199,2,0
3612,D5202,1,0
3670,D5204,2,0
3373,D5206,1,0
658,D5213,1,0
1012,D5216,1,0
562,D5217,2,0
8573,D5222,2,0
2499,D5232,2,0
7261,D5236,1,0
6043,D5255,1,0
9201,D5256,2,0
4473,D5259,2,0
2863,D5269,1,0
757,D5284,2,0
7426,D5288,2,0
5103,D5340,1,0
7504,D5346,2,0
1351,D5351,1,0
3001,D5371,1,0
1967,D5374,1,0
8335,D5376,1,0
3314,D5379,2,0
7305,D5383,1,0
8281,D5387,2,0
6412,D5391,2,0
9530,D5395,1,0
5070,D5398,2,0
5447,D5401,1,0
9828,D5402,2,0
8761,D5405,1,0
9289,D5411,1,0
5476,D5413,1,0
8145,D5422,1,0
567,D5449,2,0
6994,D5454,2,0
1830,D5457,1,0
734,D5470,2,0
5500,D5472,1,0
1689,D5473,1,0
8477,D5478,1,0
7566,D5491,2,0
9203,D5494,2,0
1583,D5505,2,0
7506,D5511,1,0
1681,D5520,2,0
3181,D5523,2,0
5994,D5536,2,0
2635,D5553,1,0
4412,D5555,1,0
1926,D5556,1,0
266,D5569,2,0
5328,D5586,2,0
198,D5595,2,0
8854,D5600,1,0
929,D5602,1,0
7019,D5605,1,0
16,D5611,1,0
5612,D5613,2,0
3233,D5621,2,0
3196,D5622,2,0
6067,D5625,2,0
3821,D5633,1,0
6612,D5637,1,0
507,D5639,2,0
1868,D5644,1,0
3743,D5654,2,0
4238,D5655,2,0
8359,D5658,2,0
4277,D5673,1,0
2488,D5680,2,0
5471,D5684,1,0
2893,D5689,2,0
8855,D5690,1,0
5022,D5691,1,0
2399,D5692,2,0
1202,D5722,2,0
8699,D5738,2,0
9607,D5740,1,0
3024,D5744,1,0
2160,D5751,2,0
107,D5766,2,0
7825,D5776,2,0
8956,D5784,2,0
9814,D5794,1,0
9016,D5812,2,0
2828,D5814,2,0
5326,D5831,2,0
2829,D5839,2,0
2648,D5865,2,0
8338,D5903,2,0
7759,D5909,1,0
6592,D5925,1,0
5043,D5940,1,0
6803,D5942,1,0
7008,D5947,1,0
7929,D5948,2,0
5944,D5954,1,0
4386,D5961,2,0
1270,D5963,2,0
724,D5965,1,0
1369,D5972,1,0
3543,D5984,1,0
5808,D5989,1,0
6005,D6013,2,0
3835,D6017,2,0
9718,D6025,2,0
8057,D6032,2,0
1161,D6039,2,0
8489,D6049,1,0
2558,D6064,2,0
7094,D6065,2,0
3964,D6066,1,0
8116,D6097,2,0
8563,D6100,1,0
3063,D6106,2,0
7690,D6111,1,0
8952,D6116,2,0
4661,D6124,2,0
2497,D6127,2,0
5999,D6130,2,0
2514,D6142,2,0
1403,D6153,2,0
1470,D6159,2,0
9705,D6162,1,0
4544,D6164,1,0
3048,D6165,2,0
6467,D6171,2,0
3190,D6173,2,0
5526,D6174,2,0
8578,D6180,2,0
4889,D6189,2,0
3219,D6190,2,0
9803,D6191,2,0
3300,D6198,1,0
7622,D6202,2,0
5036,D6212,1,0
7866,D6224,1,0
8772,D6252,1,0
4549,D6254,1,0
6588,D6256,1,0
4011,D6270,1,0
4786,D6274,2,0
8441,D6275,1,0
2136,D6278,2,0
4162,D6291,2,0
3605,D6300,2,0
1635,D6305,2,0
1877,D6319,1,0
9733,D6340,1,0
7943,D6341,2,0
3160,D6349,2,0
1960,D6352,1,0
333,D6355,2,0
2515,D6369,1,0
9328,D6372,2,0
3785,D6391,2,0
436,D6392,2,0
85,D6396,2,0
7056,D6398,1,0
6035,D6422,1,0
4790,D6434,1,0
5394,D6435,1,0
4775,D6439,2,0
8604,D6440,2,0
2321,D6454,1,0
3226,D6456,2,0
1335,D6462,2,0
7885,D6467,2,0
9468,D6471,2,0
4329,D6472,2,0
1181,D6477,1,0
1304,D6491,1,0
6377,D6499,2,0
5035,D6500,2,0
1236,D6505,2,0
8268,D6508,1,0
7550,D6509,2,0
1953,D6511,1,0
8371,D6517,2,0
1108,D6523,1,0
9008,D6543,1,0
3187,D6566,2,0
4654,D6573,1,0
9363,D6575,1,0
2494,D6577,2,0
2578,D6579,2,0
9622,D6581,2,0
2270,D6602,2,0
5587,D6605,1,0
5399,D6619,1,0
922,D6627,2,0
2302,D6632,2,0
4380,D6641,2,0
5511,D6642,2,0
174,D6646,1,0
6965,D6656,1,0
4016,D6663,1,0
6458,D6666,1,0
5422,D6672,2,0
4090,D6673,1,0
884,D6674,1,0
9165,D6679,1,0
4327,D6681,1,0
1725,D6691,1,0
4092,D6696,2,0
4520,D6702,1,0
6833,D6703,2,0
2296,D6721,2,0
4939,D6728,1,0
2769,D6738,1,0
5403,D6741,2,0
7903,D6745,2,0
2943,D6749,1,0
7735,D6750,2,0
9123,D6760,2,0
5675,D6764,1,0
2818,D6784,2,0
6913,D6818,2,0
683,D6829,2,0
4000,D6834,1,0
3779,D6851,1,0
6577,D6853,1,0
6126,D6857,1,0
4794,D6864,2,0
3104,D6866,2,0
2270,D6871,1,0
6078,D6882,2,0
9233,D6889,2,0
2833,D6892,2,0
1643,D6893,2,0
2214,D6899,1,0
126,D6905,2,0
8773,D6906,2,0
7551,D6909,1,0
8005,D6921,1,0
6336,D6923,1,0
4846,D6926,1,0
7294,D6931,1,0
8936,D6938,2,0
1525,D6972,2,0
5046,D6976,1,0
9782,D6981,2,0
2383,D6988,2,0
3403,D6993,2,0
1991,D6998,2,0
6331,D6999,2,0
3996,D7001,2,0
4170,D7014,2,0
321,D7021,1,0
3112,D7026,1,0
7999,D7039,1,0
1499,D7043,1,0
6387,D7049,2,0
8127,D7050,2,0
2842,D7054,1,0
5954,D7064,2,0
424,D7071,1,0
9531,D7077,2,0
6095,D7078,1,0
9353,D7108,1,0
3498,D7122,2,0
374,D7140,1,0
3787,D7159,2,0
3781,D7165,2,0
9200,D7169,2,0
5546,D7175,1,0
4649,D7183,1,0
9873,D7185,2,0
1188,D7196,1,0
1021,D7200,2,0
9579,D7208,1,0
2477,D7214,1,0
5835,D7244,2,0
8790,D7258,1,0
962,D7259,2,0
9708,D7275,1,0
1731,D7276,2,0
3798,D7278,2,0
1319,D7292,1,0
5095,D7293,1,0
8552,D7321,2,0
9263,D7331,1,0
709,D7336,2,0
9028,D7344,1,0
950,D7367,1,0
4914,D7386,2,0
6555,D7399,1,0
4634,D7401,1,0
5770,D7402,2,0
3091,D7403,1,0
7636,D7409,1,0
8811,D7421,2,0
4207,D7437,2,0
4199,D7442,1,0
6933,D7473,2,0
8106,D7507,1,0
5763,D7515,2,0
3982,D7516,2,0
5640,D7517,2,0
9146,D7533,2,0
504,D7545,1,0
7810,D7565,2,0
323,D7566,2,0
1109,D7570,2,0
5533,D7580,1,0
6055,D7601,1,0
4783,D7612,2,0
8084,D7618,1,0
6179,D7632,1,0
4718,D7645,2,0
2065,D7654,1,0
5737,D7656,2,0
1760,D7662,1,0
1118,D7679,2,0
6593,D7694,1,0
6944,D7695,1,0
8084,D7701,2,0
8319,D7710,1,0
4499,D7722,2,0
3416,D7724,1,0
5658,D7728,2,0
2594,D7729,1,0
3342,D7736,1,0
8737,D7738,1,0
6192,D7741,2,0
299,D7743,2,0
524,D7750,2,0
958,D7751,1,0
1391,D7763,2,0
1915,D7767,1,0
7103,D7772,2,0
3363,D7776,1,0
1322,D7780,1,0
5777,D7801,2,0
4282,D7824,1,0
9556,D7827,1,0
30,D7828,2,0
9983,D7845,1,0
2194,D7847,1,0
2684,D7861,1,0
6472,D7862,1,0
5402,D7863,2,0
9565,D7865,2,0
8821,D7871,2,0
1777,D7872,2,0
234,D7887,1,0
6539,D7902,2,0
8389,D7912,2,0
1303,D7941,1,0
4317,D7947,1,0
9750,D7971,2,0
3462,D7974,1,0
3740,D7977,2,0
2808,D7994,2,0
8865,D8039,2,0
4740,D8040,2,0
760,D8052,2,0
863,D8054,1,0
4787,D8058,2,0
4422,D8063,1,0
6048,D8075,2,0
7879,D8076,1,0
503,D8078,2,0
6642,D8082,2,0
2577,D8105,2,0
2792,D8111,1,0
893,D8117,2,0
274,D8119,2,0
5407,D8127,1,0
4024,D8128,2,0
722,D8129,2,0
9771,D8132,1,0
7582,D8134,2,0
2698,D8145,1,0
276,D8148,2,0
1565,D8154,1,0
2819,D8157,1,0
5243,D8163,1,0
3925,D8171,2,0
645,D8174,2,0
7874,D8181,1,0
8173,D8190,1,0
6988,D8191,2,0
8232,D8201,2,0
7376,D8207,1,0
890,D8212,1,0
5816,D8220,2,0
6197,D8231,2,0
5935,D8245,1,0
7786,D8262,2,0
6972,D8272,1,0
1797,D8273,2,0
4759,D8289,1,0
6778,D8290,2,0
5597,D8293,1,0
5023,D8298,2,0
4583,D8299,2,0
1112,D8302,2,0
8238,D8317,1,0
7982,D8319,1,0
3291,D8320,2,0
4244,D8329,1,0
8808,D8344,2,0
9787,D8356,2,0
3940,D8373,1,0
6769,D8382,2,0
1090,D8388,1,0
6622,D8404,1,0
4608,D8426,2,0
6695,D8434,1,0
2261,D8437,2,0
1064,D8443,2,0
1186,D8444,1,0
961,D8448,1,0
5555,D8454,2,0
2293,D8459,2,0
7980,D8494,1,0
3552,D8521,1,0
539,D8528,2,0
1431,D8532,2,0
8843,D8538,2,0
9448,D8539,2,0
1462,D8543,1,0
9128,D8545,2,0
7994,D8550,2,0
4033,D8560,1,0
4884,D8587,1,0
2592,D8589,2,0
8592,D8595,1,0
4167,D8597,2,0
6321,D8616,1,0
4206,D8622,2,0
3138,D8633,2,0
7904,D8653,2,0
8481,D8656,2,0
4152,D8660,2,0
3454,D8671,2,0
4221,D8673,2,0
9027,D8676,2,0
5740,D8677,1,0
1182,D8680,2,0
5817,D8688,2,0
4020,D8698,2,0
6582,D8719,2,0
912,D8722,2,0
4981,D8736,1,0
7448,D8760,2,0
3641,D8763,2,0
7462,D8766,2,0
3245,D8767,2,0
4931,D8777,1,0
5083,D8781,1,0
7606,D8782,1,0
6124,D8814,1,0
6983,D8820,2,0
8064,D8822,2,0
1094,D8831,2,0
5473,D8835,1,0
5002,D8852,2,0
2987,D8853,1,0
8181,D8863,2,0
5482,D8868,2,0
8886,D8869,1,0
210,D8872,1,0
8899,D8874,2,0
3147,D8875,2,0
5143,D8879,2,0
8379,D8883,1,0
9845,D8898,1,0
4714,D8904,1,0
2362,D8905,2,0
1533,D8908,2,0
6108,D8918,2,0
7339,D8922,2,0
5286,D8930,2,0
911,D8939,1,0
8271,D8942,2,0
1015,D8945,1,0
5373,D8955,2,0
4800,D8972,2,0
5229,D8982,1,0
496,D8988,1,0
5432,D9002,1,0
8967,D9004,2,0
686,D9006,2,0
662,D9008,2,0
1021,D9010,1,0
4012,D9015,2,0
7798,D9018,1,0
4114,D9024,2,0
4142,D9029,1,0
4211,D9034,2,0
1203,D9043,2,0
7394,D9045,1,0
2920,D9066,2,0
8217,D9070,1,0
2499,D9071,1,0
4409,D9089,1,0
9197,D9090,1,0
431,D9107,2,0
7565,D9118,2,0
1667,D9125,2,0
7673,D9131,1,0
8996,D9132,2,0
9330,D9136,1,0
8214,D9144,2,0
3954,D9166,1,0
6864,D9172,2,0
1244,D9189,1,0
8827,D9218,1,0
3646,D9220,2,0
3326,D9233,1,0
4590,D9239,2,0
1467,D9253,1,0
9842,D9258,2,0
8160,D9268,2,0
1359,D9273,2,0
2613,D9276,1,0
4705,D9302,1,0
3696,D9306,2,0
3188,D9307,2,0
7991,D9308,2,0
4276,D9331,2,0
3747,D9341,2,0
986,D9387,2,0
9321,D9394,1,0
9645,D9396,1,0
4481,D9403,1,0
5131,D9406,1,0
1536,D9426,2,0
2042,D9430,2,0
3112,D9431,2,0
5693,D9433,2,0
5381,D9434,1,0
5689,D9439,2,0
692,D9440,2,0
1809,D9448,1,0
7275,D9450,2,0
8190,D9456,1,0
3582,D9457,2,0
2114,D9458,2,0
2144,D9459,2,0
8200,D9462,1,0
6340,D9466,2,0
5252,D9468,2,0
3529,D9469,1,0
7667,D9474,1,0
1743,D9489,2,0
6925,D9495,1,0
8901,D9498,2,0
9251,D9500,2,0
9918,D9501,1,0
6647,D9507,2,0
1315,D9529,2,0
3435,D9533,1,0
9680,D9537,2,0
7160,D9539,1,0
6803,D9554,2,0
5608,D9569,2,0
3872,D9572,1,0
2028,D9582,2,0
8819,D9583,2,0
952,D9589,2,0
4240,D9604,1,0
410,D9610,1,0
9454,D9613,2,0
4030,D9651,2,0
5406,D9662,2,0
8477,D9665,2,0
6485,D9677,2,0
1401,D9684,2,0
3749,D9686,2,0
7810,D9709,1,0
2484,D9716,2,0
2412,D9718,2,0
791,D9719,2,0
9911,D9721,1,0
9537,D9723,2,0
9091,D9736,1,0
4245,D9747,2,0
9674,D9773,2,0
8684,D9784,1,0
216,D9800,2,0
211,D9802,1,0
5981,D9814,1,0
4458,D9837,2,0
2233,D9846,2,0
2634,D9847,1,0
933,D9848,1,0
4491,D9856,2,0
576,D9873,2,0
9785,D9884,2,0
502,D9918,2,0
4666,D9922,2,0
5786,D9928,2,0
8974,D9940,2,0
9776,D9943,1,0
4008,D9952,2,0
385,D9960,1,0
9933,D9977,2,0
9504,D9983,1,0
2021,D9985,1,0
9455,D9989,1,0
5390,D9993,2,0
229,D9999,1,0
4400,D10011,1,0
7609,D10020,1,0
2109,D10028,1,0
1220,D10045,2,0
1189,D10051,1,0
7257,D10056,2,0
9621,D10063,2,0
5552,D10066,1,0
1447,D10082,2,0
6975,D10083,1,0
1873,D10092,1,0
5029,D10096,2,0
7119,D10108,2,0
7024,D10118,1,0
2696,D10120,1,0
3608,D10125,1,0
2668,D10132,1,0
5133,D10137,2,0
6090,D10146,1,0
3728,D10150,1,0
3963,D10166,2,0
3775,D10167,2,0
2310,D10178,2,0
5944,D10181,2,0
8057,D10189,1,0
4934,D10193,2,0
9053,D10206,2,0
5974,D10212,1,0
2604,D10222,1,0
374,D10235,2,0
3291,D10236,1,0
1343,D10239,1,0
2543,D10240,2,0
2451,D10246,2,0
1445,D10247,1,0
2572,D10251,1,0
7395,D10252,2,0
1144,D10254,2,0
3008,D10255,2,0
9446,D10259,1,0
5438,D10262,1,0
2229,D10284,2,0
9460,D10289,2,0
5848,D10294,2,0
5219,D10305,1,0
6993,D10328,1,0
5596,D10333,1,0
431,D10348,1,0
9535,D10365,2,0
5140,D10386,1,0
1734,D10402,2,0
5103,D10403,2,0
4345,D10411,1,0
6677,D10427,2,0
2158,D10437,1,0
1426,D10483,1,0
435,D10484,2,0
3124,D10485,2,0
4576,D10489,1,0
8900,D10497,2,0
95,D10502,1,0
9233,D10521,1,0
8594,D10525,2,0
3865,D10531,2,0
3917,D10538,2,0
4503,D10560,2,0
7597,D10561,2,0
6863,D10570,2,0
2373,D10579,1,0
5306,D10591,2,0
673,D10596,1,0
3641,D10609,1,0
228,D10625,1,0
6393,D10653,1,0
3143,D10662,2,0
2897,D10664,1,0
5767,D10668,1,0
2178,D10672,2,0
7384,D10673,2,0
8735,D10678,1,0
2643,D10687,2,0
26,D10707,2,0
6442,D10721,2,0
2842,D10759,2,0
2249,D10761,1,0
8538,D10765,2,0
4025,D10769,1,0
2471,D10771,1,0
8389,D10781,1,0
4205,D10782,1,0
4774,D10809,2,0
9857,D10810,2,0
9286,D10815,2,0
6209,D10827,1,0
6830,D10828,1,0
1928,D10835,1,0
3435,D10860,2,0
8680,D10870,1,0
8864,D10884,1,0
3369,D10885,2,0
1353,D10889,1,0
4406,D10903,1,0
2426,D10905,1,0
9946,D10909,1,0
5189,D10917,1,0
3901,D10920,2,0
7575,D10921,1,0
9274,D10941,2,0
7313,D10942,1,0
6252,D10952,2,0
6517,D10955,2,0
4903,D10958,1,0
1271,D10962,2,0
1280,D10974,1,0
2860,D10987,2,0
139,D11005,2,0
9481,D11011,2,0
9696,D11014,2,0
7849,D11018,1,0
6721,D11019,1,0
5830,D11021,2,0
7906,D11023,2,0
3621,D11038,2,0
8647,D11049,2,0
5822,D11069,2,0
8427,D11077,1,0
9152,D11091,1,0
1004,D11097,2,0
657,D11102,2,0
2903,D11105,2,0
2268,D11130,1,0
9218,D11136,1,0
1051,D11140,1,0
8268,D11143,2,0
8811,D11146,1,0
1505,D11173,1,0
1945,D11192,1,0
8634,D11203,2,0
1277,D11208,2,0
4419,D11210,1,0
4204,D11211,1,0
9692,D11213,2,0
2930,D11218,1,0
6148,D11220,2,0
668,D11233,2,0
2997,D11240,1,0
3088,D11242,2,0
8708,D11250,1,0
6963,D11257,2,0
7239,D11264,1,0
5600,D11270,2,0
7153,D11272,2,0
1145,D11288,1,0
1374,D11305,1,0
6587,D11308,2,0
122,D11319,2,0
1384,D11327,2,0
41,D11331,2,0
6971,D11335,1,0
959,D11346,1,0
1035,D11348,1,0
9257,D11357,2,0
8409,D11369,2,0
4986,D11371,1,0
9120,D11373,2,0
7508,D11428,2,0
7464,D11431,2,0
8453,D11441,1,0
8834,D11449,1,0
4834,D11451,2,0
9235,D11455,2,0
2224,D11466,1,0
9420,D11487,2,0
3517,D11510,2,0
1690,D11512,2,0
4178,D11514,1,0
4538,D11525,2,0
7311,D11532,1,0
1131,D11538,2,0
1516,D11542,1,0
68,D11550,2,0
1478,D11559,1,0
6186,D11560,1,0
8125,D11563,1,0
7642,D11570,2,0
5054,D11572,2,0
678,D11584,1,0
9030,D11590,1,0
2773,D11595,1,0
5819,D11620,2,0
9185,D11627,2,0
3174,D11650,1,0
2298,D11653,2,0
6194,D11667,2,0
4472,D11671,2,0
5977,D11703,2,0
493,D11709,2,0
5534,D11724,1,0
7040,D11727,2,0
2312,D11735,1,0
646,D11743,2,0
5596,D11746,2,0
7476,D11754,2,0
7478,D11761,2,0
2933,D11765,2,0
2472,D11776,1,0
2176,D11782,1,0
2889,D11791,1,0
9689,D11795,2,0
2566,D11802,2,0
9440,D11809,2,0
1491,D11817,1,0
6935,D11818,2,0
7692,D11823,2,0
6097,D11829,1,0
5589,D11837,2,0
8475,D11879,2,0
733,D11885,1,0
4411,D11898,2,0
8864,D11910,2,0
9299,D11943,2,0
3848,D11944,1,0
1612,D11945,2,0
6635,D11952,2,0
5568,D11959,2,0
5964,D11978,2,0
5437,D11986,1,0
8313,D11990,2,0
8318,D12003,2,0
5224,D12030,1,0
81,D12035,1,0
2887,D12047,2,0
1370,D12048,1,0
9242,D12051,1,0
6187,D12056,1,0
2179,D12059,2,0
7821,D12065,1,0
3156,D12075,2,0
5671,D12094,1,0
5515,D12101,1,0
5622,D12109,1,0
651,D12139,1,0
2881,D12149,2,0
8330,D12152,2,0
1296,D12160,1,0
276,D12164,1,0
7099,D12171,2,0
5539,D12174,2,0
4276,D12175,1,0
1474,D12179,2,0
456,D12183,2,0
8216,D12202,1,0
8763,D12219,2,0
1594,D12235,2,0
9579,D12239,2,0
6335,D12246,1,0
4054,D12256,2,0
9383,D12261,1,0
7358,D12271,2,0
1209,D12286,1,0
8278,D12306,2,0
1809,D12308,2,0
9750,D12309,1,0
6663,D12311,2,0
9323,D12320,2,0
2907,D12326,1,0
9030,D12338,2,0
8351,D12339,2,0
8998,D12344,2,0
6831,D12355,1,0
1113,D12357,1,0
2307,D12365,1,0
4921,D12385,1,0
7836,D12391,2,0
72,D12394,2,0
217,D12404,1,0
2105,D12415,1,0
7627,D12425,2,0
8216,D12445,2,0
1745,D12475,2,0
6410,D12478,2,0
2146,D12490,1,0
4593,D12506,1,0
6158,D12511,2,0
2355,D12516,1,0
4091,D12528,2,0
8493,D12538,1,0
9392,D12558,2,0
265,D12572,1,0
7135,D12588,2,0
9556,D12589,2,0
9615,D12598,2,0
3177,D12611,1,0
5656,D12620,2,0
816,D12662,2,0
8484,D12663,1,0
3277,D12676,1,0
882,D12684,2,0
7433,D12696,2,0
6686,D12701,2,0
7603,D12704,1,0
62,D12718,2,0
389,D12728,1,0
4266,D12730,1,0
4853,D12734,2,0
8295,D12742,2,0
5764,D12749,1,0
6388,D12750,2,0
6924,D12757,2,0
8709,D12762,2,0
5009,D12766,2,0
2308,D12774,2,0
7803,D12777,1,0
1127,D12786,2,0
4347,D12801,1,0
9790,D12825,2,0
4586,D12827,1,0
1885,D12830,1,0
3083,D12835,2,0
4115,D12836,1,0
1904,D12851,2,0
9382,D12856,2,0
7431,D12873,2,0
2147,D12877,1,0
5216,D12879,1,0
8088,D12914,1,0
9449,D12919,2,0
970,D12925,1,0
9976,D12950,2,0
5116,D12952,2,0
2244,D12956,2,0
9452,D12991,2,0
976,D12999,1,0
5046,D13006,2,0
6360,D13011,1,0
347,D13013,1,0
147,D13020,2,0
4172,D13037,2,0
2492,D13042,1,0
8914,D13051,1,0
9520,D13063,1,0
1761,D13071,1,0
2175,D13075,2,0
3858,D13090,2,0
9726,D13108,2,0
6052,D13118,1,0
2055,D13138,2,0
7788,D13146,2,0
1578,D13149,2,0
6389,D13166,1,0
2420,D13170,1,0
2058,D13176,2,0
1257,D13190,2,0
751,D13194,1,0
1034,D13200,2,0
7247,D13206,1,0
2992,D13221,2,0
1231,D13225,1,0
1067,D13240,2,0
5162,D13252,1,0
6511,D13269,2,0
9474,D13270,2,0
8333,D13272,2,0
4478,D13276,2,0
9629,D13281,1,0
6703,D13283,2,0
3576,D13307,2,0
1216,D13326,2,0
7956,D13328,1,0
5129,D13336,2,0
5167,D13343,1,0
6574,D13346,1,0
3099,D13353,1,0
5805,D13370,1,0
2300,D13387,2,0
2308,D13397,1,0
8572,D13399,2,0
7379,D13408,2,0
91,D13409,2,0
5609,D13410,2,0
7016,D13412,2,0
9795,D13418,2,0
3272,D13432,2,0
5480,D13437,2,0
3335,D13445,1,0
1302,D13446,1,0
3394,D13447,1,0
772,D13475,2,0
5426,D13476,1,0
4960,D13481,2,0
1156,D13491,2,0
3162,D13495,2,0
6508,D13502,2,0
1304,D13524,2,0
5196,D13530,1,0
2703,D13546,2,0
9770,D13561,1,0
7797,D13564,2,0
9313,D13588,2,0
2597,D13590,1,0
1076,D13593,1,0
2866,D13595,2,0
2556,D13605,2,0
869,D13613,1,0
8663,D13616,2,0
7986,D13623,2,0
486,D13624,1,0
10,D13628,1,0
6188,D13647,2,0
8053,D13651,1,0
2704,D13667,1,0
7533,D13668,2,0
6097,D13676,2,0
4413,D13683,1,0
3216,D13691,2,0
3635,D13704,2,0
1004,D13711,1,0
3613,D13725,1,0
924,D13729,2,0
5068,D13734,1,0
8374,D13735,1,0
2282,D13756,2,0
6280,D13777,1,0
1696,D13787,2,0
2008,D13789,1,0
2084,D13791,1,0
2557,D13805,1,0
2910,D13806,2,0
2247,D13809,1,0
711,D13822,2,0
9847,D13823,2,0
2791,D13850,2,0
4923,D13863,2,0
2713,D13881,1,0
7598,D13892,1,0
2501,D13893,2,0
6166,D13899,1,0
6820,D13921,2,0
8159,D13931,2,0
8776,D13957,2,0
3080,D13960,2,0
7020,D13973,1,0
6838,D13996,2,0
3247,D13999,2,0
9545,D14003,2,0
8949,D14007,2,0
9630,D14013,2,0
3167,D14035,2,0
9446,D14037,2,0
2727,D14042,1,0
1710,D14055,1,0
8644,D14063,2,0
2315,D14070,2,0
3681,D14090,1,0
7134,D14100,1,0
8376,D14114,1,0
2931,D14132,2,0
9141,D14137,2,0
6354,D14144,2,0
8867,D14152,2,0
6094,D14164,2,0
1654,D14166,1,0
1184,D14171,1,0
4868,D14172,1,0
1370,D14185,2,0
3525,D14202,1,0
6550,D14206,2,0
8217,D14210,2,0
7496,D14228,1,0
6696,D14234,2,0
8479,D14241,1,0
6323,D14245,1,0
8946,D14251,2,0
1599,D14253,1,0
8417,D14277,2,0
1865,D14297,2,0
5802,D14299,1,0
1940,D14309,2,0
8867,D14318,1,0
2967,D14320,1,0
9231,D14321,1,0
4671,D14322,1,0
2594,D14329,2,0
1041,D14330,2,0
7728,D14336,1,0
3405,D14349,1,0
1179,D14352,1,0
5968,D14386,1,0
9293,D14391,1,0
5638,D14408,1,0
3741,D14409,1,0
9812,D14415,2,0
3379,D14416,1,0
4525,D14418,2,0
7968,D14424,2,0
5715,D14432,2,0
9700,D14436,1,0
5603,D14441,2,0
7127,D14452,1,0
7704,D14458,1,0
4146,D14465,1,0
8655,D14482,2,0
1293,D14484,2,0
7601,D14486,1,0
2488,D14508,1,0
3324,D14520,2,0
7548,D14523,1,0
2024,D14524,2,0
1422,D14526,2,0
8720,D14528,1,0
4575,D14530,2,0
8360,D14559,1,0
4381,D14569,2,0
2260,D14575,2,0
1900,D14576,1,0
7377,D14588,1,0
1557,D14595,1,0
9941,D14596,1,0
6901,D14608,1,0
3737,D14614,2,0
3016,D14623,1,0
616,D14631,2,0
2029,D14637,2,0
2304,D14641,2,0
4757,D14653,2,0
8641,D14671,2,0
100,D14684,1,0
2479,D14693,2,0
9782,D14719,1,0
3194,D14726,2,0
474,D14732,2,0
8600,D14736,1,0
3068,D14751,2,0
6048,D14770,1,0
5364,D14781,1,0
7499,D14782,1,0
4563,D14788,2,0
9819,D14795,2,0
7823,D14800,2,0
378,D14818,1,0
7356,D14823,1,0
5251,D14828,1,0
8212,D14856,2,0
5505,D14864,1,0
7027,D14875,2,0
5629,D14878,1,0
4309,D14885,1,0
5938,D14888,2,0
2347,D14905,1,0
7081,D14913,1,0
8939,D14915,2,0
684,D14919,2,0
4323,D14926,2,0
6641,D14937,2,0
5345,D14941,1,0
5554,D14945,1,0
865,D14960,1,0
8775,D14964,2,0
2928,D14966,1,0
3209,D14969,1,0
5022,D14983,2,0
2872,D14994,2,0
4798,D15006,2,0
252,D15019,1,0
6585,D15020,2,0
4313,D15030,1,0
7602,D15035,2,0
7238,D15041,1,0
6889,D15047,1,0
5334,D15062,2,0
3511,D15063,2,0
36,D15067,1,0
875,D15069,1,0
6100,D15081,2,0
7637,D15087,2,0
9046,D15088,2,0
3919,D15089,2,0
9692,D15096,1,0
9674,D15103,1,0
306,D15110,2,0
3499,D15111,2,0
5451,D15124,1,0
8347,D15130,2,0
9385,D15136,2,0
1859,D15140,2,0
1817,D15141,1,0
8478,D15164,2,0
6623,D15178,2,0
4417,D15198,1,0
2554,D15199,1,0
9877,D15202,2,0
1098,D15205,2,0
817,D15210,1,0
4895,D15211,2,0
4937,D15218,2,0
3176,D15220,2,0
8274,D15227,1,0
2829,D15237,1,0
183,D15249,1,0
2969,D15259,2,0
2606,D15275,2,0
876,D15276,2,0
9414,D15283,1,0
8113,D15284,2,0
37,D15288,1,0
5754,D15294,2,0
1626,D15307,2,0
5364,D15320,2,0
1365,D15321,1,0
3757,D15325,2,0
7411,D15332,2,0
6316,D15336,2,0
2647,D15337,2,0
3702,D15340,2,0
3913,D15345,2,0
1461,D15352,2,0
6457,D15355,1,0
6836,D15360,1,0
2506,D15363,2,0
1402,D15365,2,0
4477,D15371,2,0
8368,D15372,1,0
3159,D15391,1,0
1354,D15397,1,0
2533,D15399,1,0
5162,D15408,2,0
5057,D15420,2,0
1651,D15427,1,0
4300,D15430,1,0
155,D15433,2,0
9266,D15442,1,0
12,D15451,1,0
5021,D15457,1,0
8616,D15473,2,0
6652,D15491,1,0
5501,D15494,1,0
9827,D15495,2,0
8662,D15496,2,0
4992,D15500,2,0
3768,D15501,2,0
5222,D15531,2,0
7436,D15549,2,0
4523,D15556,2,0
9651,D15563,1,0
6565,D15564,1,0
213,D15574,2,0
1302,D15577,2,0
5685,D15578,2,0
4250,D15586,1,0
9543,D15604,2,0
2947,D15630,1,0
5277,D15631,2,0
2891,D15639,2,0
7677,D15650,1,0
9649,D15655,2,0
5855,D15660,2,0
1544,D15662,1,0
9313,D15664,1,0
891,D15669,2,0
7854,D15680,1,0
5839,D15686,1,0
6104,D15702,2,0
7271,D15708,1,0
5319,D15728,2,0
5518,D15730,2,0
5464,D15740,2,0
9876,D15749,2,0
2376,D15751,1,0
405,D15759,2,0
4574,D15774,1,0
554,D15779,2,0
6210,D15784,2,0
2828,D15791,1,0
384,D15797,2,0
8602,D15799,1,0
9581,D15802,1,0
6595,D15803,2,0
4181,D15819,2,0
6253,D15820,2,0
2946,D15822,2,0
5771,D15831,2,0
4334,D15844,2,0
5437,D15849,2,0
1466,D15854,2,0
8616,D15857,1,0
3096,D15865,1,0
2738,D15878,2,0
9301,D15897,1,0
4364,D15907,1,0
8963,D15923,1,0
4613,D15958,2,0
6885,D15990,1,0
351,D15995,2,0
7489,D15997,1,0
3313,D16009,2,0
4058,D16013,1,0
5898,D16026,1,0
4725,D16028,1,0
4700,D16032,2,0
1463,D16041,2,0
3405,D16048,2,0
8423,D16050,2,0
1151,D16055,1,0
6582,D16056,1,0
1608,D16061,2,0
52,D16065,1,0
3196,D16072,1,0
9275,D16080,2,0
7009,D16081,2,0
4437,D16083,2,0
9719,D16086,2,0
6992,D16092,2,0
2010,D16098,2,0
9521,D16109,1,0
3159,D16131,2,0
4088,D16147,2,0
1873,D16160,2,0
6655,D16162,2,0
6238,D16164,2,0
6714,D16197,1,0
1083,D16210,2,0
1484,D16213,2,0
1832,D16216,2,0
2584,D16221,1,0
3983,D16234,2,0
3019,D16242,2,0
9945,D16252,2,0
1413,D16255,2,0
5302,D16258,2,0
3165,D16268,2,0
4861,D16278,2,0
1659,D16282,2,0
6450,D16296,1,0
8195,D16299,2,0
1298,D16301,2,0
3391,D16306,1,0
4660,D16310,2,0
8312,D16315,2,0
9364,D16346,1,0
3149,D16348,1,0
2650,D16350,2,0
2127,D16353,1,0
8353,D16354,1,0
5173,D16376,2,0
7250,D16378,2,0
928,D16386,2,0
4511,D16387,1,0
8769,D16391,2,0
8386,D16405,1,0
192,D16406,1,0
1592,D16410,2,0
321,D16417,2,0
1730,D16425,1,0
717,D16441,1,0
4861,D16442,1,0
6537,D16454,1,0
998,D16457,2,0
1704,D16458,2,0
1641,D16482,1,0
3433,D16505,1,0
35,D16507,1,0
7054,D16508,2,0
2279,D16509,1,0
7813,D16557,1,0
6575,D16568,1,0
2850,D16569,1,0
7303,D16571,1,0
133,D16576,2,0
3055,D16580,2,0
9391,D16601,2,0
315,D16610,2,0
2095,D16614,2,0
3981,D16618,2,0
5632,D16619,2,0
5919,D16628,1,0
4500,D16631,1,0
207,D16633,1,0
7041,D16634,2,0
3127,D16639,1,0
2793,D16646,2,0
5094,D16649,2,0
7737,D16663,2,0
2671,D16672,2,0
6621,D16682,2,0
6727,D16690,2,0
2986,D16691,1,0
6827,D16697,2,0
6645,D16709,2,0
7007,D16712,2,0
7260,D16716,2,0
6678,D16729,1,0
2885,D16761,2,0
6045,D16773,2,0
4719,D16774,1,0
5517,D16797,1,0
2696,D16809,2,0
2247,D16810,2,0
79,D16866,1,0
8717,D16872,2,0
3306,D16875,1,0
7858,D16877,1,0
3503,D16878,2,0
4969,D16886,2,0
5268,D16890,2,0
312,D16893,1,0
1345,D16901,1,0
4163,D16912,2,0
5567,D16936,1,0
2126,D16944,1,0
7458,D16946,2,0
1802,D16953,2,0
5976,D16979,2,0
9094,D16999,1,0
7166,D17002,1,0
3594,D17004,1,0
5082,D17008,1,0
4226,D17009,2,0
509,D17013,1,0
5178,D17019,2,0
140,D17028,1,0
4289,D17042,2,0
3683,D17047,2,0
9515,D17068,2,0
4634,D17079,2,0
4304,D17084,2,0
4792,D17086,2,0
3384,D17087,2,0
2889,D17093,2,0
1925,D17121,2,0
8098,D17123,2,0
109,D17126,2,0
204,D17129,1,0
6905,D17141,1,0
7873,D17149,2,0
2087,D17156,2,0
2398,D17191,1,0
7946,D17204,2,0
8043,D17210,2,0
4970,D17216,2,0
502,D17225,1,0
2573,D17226,2,0
3438,D17229,2,0
3151,D17231,1,0
4297,D17234,2,0
4333,D17235,1,0
8638,D17236,2,0
8466,D17238,1,0
3283,D17243,1,0
407,D17268,1,0
5206,D17284,1,0
1048,D17285,2,0
2154,D17296,2,0
9399,D17322,2,0
8348,D17330,1,0
4583,D17340,1,0
1306,D17341,1,0
2706,D17354,1,0
822,D17356,1,0
2625,D17369,2,0
112,D17378,2,0
7365,D17379,1,0
5972,D17388,2,0
5117,D17391,2,0
8433,D17398,2,0
181,D17401,2,0
5235,D17403,2,0
991,D17413,2,0
5443,D17417,1,0
9506,D17437,2,0
9250,D17451,1,0
3069,D17461,1,0
8913,D17474,1,0
14,D17479,2,0
6881,D17485,1,0
7850,D17486,1,0
8250,D17488,2,0
4884,D17490,2,0
3293,D17494,2,0
2507,D17495,1,0
5419,D17511,1,0
3115,D17513,2,0
1831,D17520,1,0
6998,D17523,2,0
6994,D17545,1,0
784,D17554,2,0
3415,D17562,2,0
3527,D17564,1,0
5794,D17570,2,0
7483,D17574,2,0
3322,D17582,2,0
9267,D17585,1,0
6346,D17593,1,0
2455,D17607,1,0
1360,D17619,1,0
2795,D17638,1,0
4089,D17651,1,0
7860,D17656,1,0
7158,D17664,2,0
2562,D17676,2,0
5872,D17680,1,0
135,D17683,2,0
2066,D17694,2,0
18,D17696,1,0
2458,D17698,2,0
4957,D17703,2,0
5218,D17716,1,0
616,D17731,1,0
8820,D17733,1,0
5115,D17736,2,0
5814,D17742,1,0
4456,D17750,2,0
1759,D17753,2,0
6337,D17760,2,0
4107,D17765,2,0
8761,D17769,2,0
3325,D17790,1,0
2054,D17792,1,0
1399,D17799,2,0
2762,D17803,1,0
5141,D17812,2,0
9310,D17813,1,0
4788,D17822,2,0
3410,D17839,2,0
1024,D17840,2,0
1152,D17848,2,0
6849,D17855,1,0
3936,D17863,2,0
9281,D17877,2,0
4624,D17888,2,0
2941,D17895,2,0
5305,D17906,2,0
1522,D17910,1,0
8944,D17936,2,0
3777,D17938,1,0
9944,D17942,1,0
3662,D17971,1,0
5122,D17986,1,0
5420,D17988,1,0
8441,D17999,2,0
6958,D18029,2,0
9801,D18035,2,0
2645,D18038,2,0
81,D18045,2,0
3451,D18052,1,0
665,D18071,1,0
4272,D18081,1,0
5387,D18082,2,0
7794,D18089,2,0
402,D18090,1,0
7755,D18094,1,0
5106,D18106,1,0
4166,D18117,2,0
2694,D18148,1,0
437,D18166,1,0
1537,D18168,2,0
660,D18179,2,0
4048,D18181,2,0
7487,D18182,2,0
9636,D18187,1,0
2039,D18195,2,0
1015,D18204,2,0
8943,D18205,1,0
8882,D18219,2,0
9048,D18239,1,0
2112,D18240,1,0
8206,D18244,1,0
4831,D18275,2,0
600,D18280,1,0
2511,D18302,1,0
6750,D18306,1,0
293,D18324,1,0
6466,D18335,1,0
6354,D18338,1,0
6773,D18354,1,0
638,D18364,1,0
4083,D18365,1,0
3531,D18370,2,0
7524,D18379,2,0
4262,D18386,2,0
1821,D18409,1,0
2715,D18410,2,0
2437,D18448,1,0
9994,D18453,2,0
9127,D18464,2,0
3468,D18475,2,0
6877,D18482,2,0
887,D18492,2,0
4252,D18496,1,0
6282,D18497,2,0
1133,D18498,2,0
5676,D18505,2,0
6333,D18518,1,0
1920,D18519,2,0
1380,D18521,1,0
5427,D18524,2,0
9536,D18527,1,0
727,D18533,2,0
5999,D18539,1,0
4462,D18544,1,0
7498,D18546,1,0
5598,D18547,1,0
9998,D18548,2,0
2450,D18554,1,0
1550,D18558,2,0
8704,D18572,1,0
611,D18575,1,0
6023,D18576,2,0
9057,D18577,2,0
5132,D18581,2,0
5386,D18593,2,0
5184,D18598,1,0
4239,D18599,1,0
2986,D18600,2,0
4253,D18603,1,0
1554,D18608,1,0
8153,D18610,2,0
2229,D18618,1,0
9353,D18626,2,0
8384,D18629,2,0
4811,D18642,1,0
5971,D18647,1,0
7428,D18655,2,0
4662,D18663,2,0
2267,D18683,1,0
3773,D18694,1,0
6407,D18700,2,0
5949,D18714,2,0
162,D18716,2,0
4315,D18717,2,0
8922,D18719,1,0
553,D18735,1,0
7219,D18756,2,0
2427,D18757,1,0
7705,D18768,1,0
1105,D18772,1,0
8651,D18774,2,0
6952,D18778,1,0
5550,D18791,1,0
8539,D18793,2,0
8463,D18805,2,0
8683,D18820,2,0
5305,D18824,1,0
3937,D18829,1,0
8930,D18831,1,0
1931,D18850,1,0
9170,D18853,2,0
5410,D18860,2,0
5285,D18866,2,0
1128,D18873,2,0
7416,D18879,2,0
7244,D18891,1,0
6318,D18896,2,0
8547,D18899,1,0
5701,D18904,1,0
3539,D18907,2,0
1311,D18912,1,0
2876,D18919,2,0
9334,D18927,2,0
4630,D18962,2,0
781,D18964,2,0
1723,D18983,1,0
8713,D18992,1,0
3278,D18999,1,0
5479,D19000,2,0
6823,D19002,2,0
7343,D19016,2,0
693,D19019,2,0
2902,D19023,2,0
5093,D19024,2,0
7131,D19025,2,0
8358,D19027,1,0
8048,D19040,1,0
6801,D19045,1,0
1419,D19051,1,0
2778,D19063,2,0
1965,D19083,1,0
2147,D19090,2,0
719,D19093,2,0
4511,D19127,2,0
3988,D19139,1,0
3345,D19140,2,0
202,D19144,1,0
7077,D19168,2,0
6601,D19176,2,0
5901,D19178,2,0
3720,D19183,2,0
2518,D19220,1,0
1417,D19222,2,0
9007,D19225,2,0
8927,D19229,2,0
1132,D19239,2,0
4262,D19246,1,0
8744,D19263,1,0
2536,D19271,2,0
2918,D19273,2,0
7611,D19275,2,0
8046,D19279,2,0
3659,D19281,2,0
5202,D19293,2,0
1200,D19302,1,0
4090,D19304,2,0
8708,D19315,2,0
2242,D19317,2,0
302,D19358,1,0
6512,D19360,1,0
7128,D19364,1,0
2105,D19368,2,0
4002,D19375,1,0
6026,D19378,2,0
384,D19379,1,0
3932,D19387,2,0
8846,D19397,2,0
6452,D19399,1,0
4183,D19402,2,0
3400,D19406,2,0
9082,D19408,1,0
1744,D19415,2,0
5658,D19429,1,0
2565,D19441,2,0
883,D19454,1,0
9775,D19458,1,0
1312,D19468,1,0
467,D19472,2,0
3136,D19475,1,0
1231,D19479,2,0
6869,D19483,1,0
5882,D19484,1,0
8508,D19488,2,0
1150,D19490,1,0
8176,D19504,2,0
1222,D19513,2,0
9004,D19515,2,0
7006,D19556,1,0
1335,D19562,1,0
6743,D19568,2,0
496,D19572,2,0
2880,D19581,1,0
1657,D19592,2,0
1204,D19601,2,0
3021,D19622,2,0
1146,D19625,1,0
7917,D19632,1,0
6001,D19640,2,0
6987,D19641,2,0
7722,D19647,1,0
2393,D19655,2,0
2213,D19658,2,0
2681,D19662,1,0
4023,D19666,1,0
5402,D19674,1,0
6382,D19676,2,0
1815,D19690,2,0
1461,D19693,1,0
1879,D19696,1,0
1867,D19697,2,0
3838,D19718,2,0
217,D19722,2,0
3732,D19744,2,0
5407,D19747,2,0
6732,D19748,2,0
2112,D19754,2,0
5058,D19756,1,0
3854,D19758,2,0
4706,D19762,2,0
2936,D19766,1,0
1829,D19769,2,0
6263,D19773,2,0
3051,D19778,2,0
4829,D19786,1,0
2255,D19787,1,0
775,D19788,2,0
9638,D19791,2,0
154,D19798,2,0
8706,D19808,2,0
7322,D19820,2,0
5628,D19831,2,0
601,D19835,1,0
1338,D19844,2,0
6029,D19862,1,0
4410,D19863,2,0
6318,D19867,1,0
9496,D19886,1,0
6184,D19904,2,0
2990,D19905,2,0
3783,D19913,2,0
4446,D19914,1,0
7636,D19918,2,0
9844,D19924,1,0
5761,D19930,2,0
9542,D19932,1,0
3257,D19938,1,0
3268,D19952,1,0
4425,D19954,2,0
2882,D19958,1,0
8543,D19959,1,0
1796,D19970,1,0
7605,D19971,2,0
2108,D19973,1,0
4037,D19999,1,0
8816,D20005,2,0
8990,D20008,1,0
9379,D20011,2,0
4482,D20014,1,0
2093,D20026,2,0
2627,D20030,2,0
1276,D20074,2,0
3688,D20089,2,0
2931,D20100,1,0
3531,D20109,1,0
5506,D20114,2,0
9724,D20131,1,0
1128,D20163,1,0
6272,D20169,2,0
2019,D20187,1,0
4361,D20200,1,0
493,D20206,1,0
6643,D20209,2,0
6630,D20219,1,0
4959,D20220,2,0
2394,D20229,1,0
2320,D20234,2,0
6636,D20240,1,0
6158,D20252,1,0
2680,D20255,2,0
1363,D20256,1,0
2659,D20257,2,0
6013,D20269,2,0
4046,D20282,2,0
9066,D20294,2,0
9327,D20302,2,0
8551,D20315,2,0
2121,D20316,2,0
614,D20317,2,0
2796,D20341,1,0
2684,D20370,2,0
2369,D20381,1,0
6662,D20393,1,0
5334,D20413,1,0
7982,D20426,2,0
9684,D20427,1,0
1147,D20429,2,0
8035,D20432,1,0
1320,D20433,2,0
2979,D20436,2,0
9820,D20444,1,0
9914,D20464,1,0
3237,D20473,1,0
6712,D20491,2,0
7959,D20495,2,0
6982,D20498,1,0
6921,D20503,2,0
847,D20512,1,0
3267,D20519,2,0
3171,D20531,2,0
9493,D20540,2,0
5689,D20551,1,0
9524,D20561,2,0
4343,D20563,2,0
1000,D20596,1,0
7755,D20603,2,0
9000,D20604,2,0
387,D20605,2,0
1862,D20609,1,0
9779,D20614,2,0
4031,D20626,2,0
1499,D20628,2,0
4619,D20633,1,0
539,D20660,1,0
2801,D20674,2,0
7290,D20679,1,0
3951,D20687,1,0
8364,D20697,2,0
9482,D20703,2,0
9234,D20731,2,0
3927,D20732,1,0
7228,D20741,2,0
4727,D20748,2,0
9796,D20750,1,0
7355,D20763,2,0
9283,D20766,1,0
579,D20767,1,0
2453,D20775,2,0
7405,D20787,1,0
3773,D20797,2,0
6883,D20798,2,0
5301,D20800,1,0
4404,D20802,1,0
9826,D20810,2,0
2284,D20823,2,0
2563,D20824,1,0
1443,D20829,2,0
1556,D20853,2,0
5245,D20861,2,0
5931,D20864,1,0
4589,D20871,1,0
7974,D20893,2,0
4485,D20902,2,0
8168,D20904,2,0
9443,D20909,2,0
4676,D20916,2,0
6408,D20919,2,0
4669,D20937,2,0
3679,D20940,2,0
1403,D20944,1,0
5941,D20968,1,0
1154,D21008,2,0
3805,D21009,2,0
5623,D21013,1,0
3146,D21021,1,0
3199,D21034,1,0
3844,D21039,1,0
2403,D21059,2,0
3386,D21062,2,0
2621,D21068,1,0
3044,D21076,1,0
2191,D21079,2,0
939,D21081,2,0
5831,D21088,2,0
8838,D21092,2,0
1709,D21097,1,0
39,D21103,2,0
9566,D21105,1,0
2221,D21110,1,0
9978,D21121,1,0
4709,D21128,2,0
2328,D21139,1,0
6089,D21148,1,0
9510,D21160,1,0
714,D21175,2,0
8461,D21178,2,0
1899,D21183,1,0
1249,D21202,1,0
9047,D21213,2,0
7107,D21219,1,0
3010,D21239,1,0
3780,D21244,1,0
5561,D21287,1,0
8294,D21290,1,0
5395,D21301,2,0
9362,D21308,2,0
4157,D21319,2,0
5134,D21327,2,0
2953,D21329,2,0
1483,D21331,1,0
9131,D21353,2,0
3311,D21357,2,0
5599,D21368,1,0
1647,D21379,2,0
7490,D21388,2,0
8529,D21402,1,0
6217,D21417,1,0
7070,D21426,1,0
3421,D21430,2,0
982,D21431,2,0
8161,D21432,1,0
9494,D21434,1,0
2145,D21439,2,0
8993,D21447,2,0
6342,D21453,2,0
6701,D21467,1,0
4048,D21474,1,0
8327,D21478,2,0
4051,D21486,2,0
7508,D21487,1,0
3873,D21508,1,0
2915,D21509,2,0
5496,D21510,1,0
5966,D21511,1,0
7523,D21514,1,0
118,D21518,2,0
3924,D21540,1,0
3467,D21554,2,0
8241,D21561,2,0
8311,D21562,2,0
9492,D21575,2,0
6947,D21581,1,0
2190,D21598,2,0
7471,D21607,2,0
6492,D21610,1,0
9572,D21612,1,0
5669,D21613,1,0
4750,D21625,2,0
1153,D21627,2,0
2989,D21632,1,0
5354,D21633,2,0
3017,D21634,1,0
5723,D21645,2,0
958,D21647,2,0
6253,D21650,1,0
9106,D21657,2,0
4089,D21660,2,0
5703,D21670,2,0
3744,D21671,2,0
5537,D21679,2,0
2481,D21680,1,0
8916,D21686,1,0
8039,D21694,2,0
4191,D21704,2,0
9611,D21708,2,0
9068,D21716,1,0
5099,D21718,1,0
6690,D21721,1,0
5842,D21728,1,0
7173,D21733,1,0
6626,D21738,2,0
8536,D21745,1,0
1655,D21751,1,0
9256,D21767,2,0
1194,D21781,2,0
6837,D21785,1,0
9026,D21787,2,0
7826,D21801,1,0
8166,D21824,1,0
9206,D21829,1,0
3348,D21843,1,0
8284,D21850,2,0
8627,D21864,2,0
5096,D21898,2,0
4592,D21905,1,0
5893,D21917,1,0
964,D21922,1,0
4832,D21929,2,0
9427,D21943,2,0
5855,D21956,1,0
9502,D21967,2,0
6409,D21969,1,0
1054,D21970,2,0
2428,D21990,1,0
5389,D21993,2,0
8288,D22011,2,0
4352,D22029,2,0
6248,D22030,1,0
769,D22034,1,0
6130,D22061,2,0
7037,D22071,2,0
3378,D22073,1,0
5857,D22075,2,0
4017,D22090,1,0
2940,D22091,2,0
3496,D22100,2,0
7520,D22118,1,0
3027,D22122,1,0
6713,D22146,2,0
20,D22147,1,0
1558,D22172,2,0
251,D22175,1,0
2701,D22177,2,0
4791,D22187,2,0
2902,D22188,1,0
3034,D22207,1,0
1383,D22212,1,0
5917,D22214,2,0
3325,D22219,2,0
303,D22230,2,0
8405,D22235,2,0
5591,D22240,2,0
504,D22245,2,0
4750,D22250,1,0
4009,D22253,2,0
7269,D22256,2,0
3508,D22276,2,0
1023,D22278,1,0
7602,D22293,1,0
1102,D22294,2,0
2911,D22301,2,0
7997,D22312,1,0
9738,D22315,2,0
7753,D22327,1,0
294,D22339,2,0
4077,D22345,2,0
8131,D22357,2,0
8013,D22383,1,0
4193,D22398,1,0
3086,D22400,2,0
6940,D22401,2,0
6524,D22408,2,0
9929,D22409,2,0
840,D22410,1,0
1996,D22413,2,0
988,D22416,2,0
2689,D22422,2,0
8729,D22431,2,0
9590,D22440,2,0
4354,D22444,2,0
6333,D22465,2,0
282,D22477,2,0
3260,D22478,2,0
7930,D22505,1,0
799,D22521,2,0
5864,D22537,2,0
5166,D22564,2,0
5927,D22571,1,0
5869,D22578,2,0
1680,D22591,1,0
2859,D22592,2,0
2782,D22594,2,0
4697,D22596,1,0
4931,D22602,2,0
6230,D22605,1,0
894,D22615,2,0
1593,D22627,1,0
1098,D22639,1,0
2572,D22657,2,0
3033,D22679,2,0
4921,D22683,2,0
5721,D22693,1,0
1250,D22697,1,0
3158,D22699,1,0
498,D22703,1,0
2505,D22722,2,0
5355,D22724,1,0
2354,D22738,2,0
8841,D22744,1,0
4323,D22772,1,0
353,D22773,1,0
4152,D22786,1,0
9428,D22787,1,0
6235,D22793,2,0
594,D22800,1,0
9956,D22802,2,0
3001,D22808,2,0
9306,D22822,1,0
9985,D22834,2,0
9641,D22839,1,0
9461,D22841,2,0
1462,D22855,2,0
5577,D22860,2,0
1760,D22866,2,0
2919,D22869,1,0
4164,D22873,1,0
1028,D22880,2,0
226,D22901,2,0
8983,D22902,2,0
5639,D22905,2,0
7983,D22908,1,0
1550,D22916,1,0
7706,D22919,1,0
8041,D22923,2,0
1176,D22939,2,0
2815,D22941,1,0
3918,D22942,1,0
113,D22952,2,0
1827,D22969,2,0
7720,D22975,2,0
229,D22976,2,0
7346,D22984,2,0
5981,D22993,2,0
9927,D23008,1,0
653,D23013,2,0
7111,D23022,2,0
9602,D23027,1,0
8466,D23028,2,0
6308,D23046,2,0
917,D23053,1,0
4993,D23065,2,0
3715,D23068,2,0
3619,D23072,1,0
3280,D23074,1,0
1568,D23081,2,0
9740,D23090,2,0
8121,D23099,2,0
2657,D23107,1,0
4068,D23112,2,0
5073,D23127,1,0
5033,D23131,2,0
3064,D23149,2,0
9640,D23157,1,0
2846,D23166,2,0
9928,D23169,2,0
1969,D23176,2,0
3321,D23177,2,0
6969,D23180,2,0
2069,D23181,2,0
9085,D23189,1,0
1768,D23190,2,0
968,D23192,1,0
8248,D23213,2,0
3849,D23218,2,0
784,D23221,1,0
8273,D23229,1,0
7419,D23234,2,0
2129,D23237,1,0
5233,D23249,2,0
187,D23253,1,0
9612,D23259,1,0
3587,D23262,2,0
2910,D23280,1,0
7237,D23281,2,0
289,D23287,1,0
6137,D23303,2,0
6096,D23310,1,0
9179,D23316,2,0
2831,D23327,1,0
98,D23333,2,0
2925,D23353,2,0
8881,D23366,1,0
18,D23368,2,0
3627,D23376,1,0
5678,D23379,2,0
2453,D23386,1,0
3761,D23390,2,0
3726,D23392,1,0
9381,D23395,1,0
6063,D23397,2,0
1387,D23405,2,0
7374,D23417,2,0
305,D23419,1,0
7957,D23425,2,0
2288,D23429,2,0
559,D23432,1,0
5863,D23433,2,0
9281,D23435,1,0
5548,D23440,2,0
2875,D23450,2,0
7767,D23459,2,0
6411,D23464,2,0
4121,D23481,1,0
8515,D23485,1,0
7305,D23490,2,0
2408,D23495,1,0
3770,D23500,1,0
2921,D23504,2,0
9304,D23512,2,0
4155,D23519,1,0
1394,D23526,2,0
9568,D23545,1,0
1620,D23553,2,0
9672,D23583,1,0
7066,D23624,1,0
7607,D23629,2,0
8155,D23632,2,0
7845,D23641,2,0
1033,D23645,2,0
852,D23654,2,0
4097,D23655,1,0
4607,D23663,1,0
7543,D23683,2,0
735,D23696,2,0
3286,D23700,1,0
1826,D23703,2,0
7486,D23742,2,0
5812,D23747,1,0
230,D23753,2,0
2980,D23759,2,0
777,D23761,2,0
8498,D23763,2,0
2157,D23766,1,0
6015,D23769,1,0
7233,D23771,2,0
1245,D23820,2,0
5487,D23847,2,0
388,D23867,2,0
6288,D23886,1,0
6157,D23891,2,0
3061,D23897,2,0
3859,D23903,1,0
1914,D23913,2,0
1632,D23915,1,0
8247,D23926,2,0
7531,D23931,2,0
3011,D23933,1,0
520,D23940,2,0
9325,D23960,1,0
8023,D23972,2,0
9416,D23982,2,0
6520,D23992,2,0
222,D24002,1,0
3104,D24014,1,0
2250,D24018,2,0
9715,D24023,2,0
9246,D24024,1,0
2557,D24038,2,0
4056,D24044,1,0
5063,D24050,2,0
6063,D24057,1,0
8780,D24069,2,0
2859,D24087,1,0
4640,D24095,1,0
2158,D24110,2,0
7551,D24113,2,0
1187,D24114,2,0
1517,D24116,1,0
5370,D24118,2,0
4072,D24122,2,0
4399,D24146,2,0
763,D24153,2,0
1810,D24156,2,0
6347,D24165,2,0
4797,D24166,2,0
6506,D24176,1,0
6490,D24177,2,0
1036,D24197,2,0
3583,D24208,2,0
8506,D24219,2,0
2985,D24220,2,0
2693,D24221,1,0
2894,D24225,1,0
257,D24237,1,0
2709,D24247,2,0
6307,D24254,2,0
8169,D24266,1,0
7963,D24270,1,0
4771,D24274,2,0
1725,D24277,2,0
5457,D24289,2,0
6427,D24292,1,0
8220,D24297,1,0
5617,D24308,1,0
9947,D24314,1,0
7190,D24317,1,0
7396,D24321,2,0
6416,D24324,1,0
175,D24333,2,0
8737,D24334,2,0
2100,D24344,2,0
8485,D24354,2,0
304,D24359,2,0
2486,D24367,2,0
3598,D24381,1,0
4712,D24382,2,0
6986,D24392,2,0
6273,D24396,1,0
5220,D24424,1,0
5495,D24437,2,0
1253,D24444,1,0
8367,D24449,1,0
4470,D24460,1,0
1605,D24471,2,0
5722,D24491,2,0
6596,D24494,2,0
6653,D24501,2,0
7207,D24517,1,0
5374,D24519,2,0
671,D24538,2,0
1970,D24556,2,0
3922,D24563,2,0
6275,D24566,2,0
2372,D24571,1,0
4822,D24586,2,0
3530,D24588,2,0
492,D24599,2,0
7984,D24606,2,0
5472,D24610,1,0
2370,D24627,2,0
1486,D24637,1,0
6231,D24645,2,0
2329,D24648,2,0
6968,D24650,2,0
2022,D24651,1,0
4974,D24652,2,0
3120,D24668,1,0
1573,D24672,2,0
4817,D24673,1,0
6376,D24684,1,0
1019,D24700,1,0
3986,D24719,2,0
7682,D24720,2,0
2333,D24724,2,0
7512,D24733,1,0
4012,D24751,1,0
5323,D24758,2,0
1332,D24762,2,0
7896,D24764,2,0
6828,D24771,2,0
9438,D24796,1,0
2680,D24797,1,0
6555,D24802,2,0
6341,D24803,1,0
8361,D24807,1,0
2527,D24816,1,0
2884,D24819,1,0
5149,D24820,2,0
5497,D24824,1,0
2416,D24826,1,0
8009,D24842,2,0
1786,D24845,1,0
2257,D24855,2,0
453,D24861,1,0
2610,D24863,2,0
9633,D24869,2,0
1188,D24875,2,0
7333,D24886,1,0
5649,D24887,2,0
5490,D24898,2,0
9731,D24902,2,0
2218,D24908,1,0
6430,D24921,2,0
6300,D24925,1,0
2283,D24936,2,0
7342,D24940,1,0
3746,D24942,2,0
8940,D24949,2,0
8050,D24952,1,0
4241,D24953,1,0
2629,D24961,2,0
4716,D24967,2,0
1960,D24989,2,0
5659,D25008,2,0
5080,D25010,2,0
2061,D25015,2,0
9248,D25025,2,0
5147,D25035,1,0
1283,D25036,2,0
1405,D25037,1,0
9231,D25048,2,0
8773,D25051,1,0
9550,D25059,1,0
2808,D25070,1,0
1134,D25074,1,0
5204,D25089,1,0
7242,D25100,2,0
2111,D25119,2,0
1808,D25126,1,0
2742,D25134,2,0
2546,D25148,2,0
9486,D25153,2,0
3645,D25167,1,0
6433,D25176,1,0
2374,D25182,1,0
8263,D25183,2,0
9318,D25189,1,0
7005,D25192,2,0
1111,D25194,1,0
8200,D25207,2,0
145,D25210,2,0
7956,D25217,2,0
8152,D25223,1,0
1012,D25224,2,0
5148,D25229,1,0
9962,D25234,1,0
5171,D25235,2,0
7899,D25237,2,0
5011,D25239,2,0
9479,D25243,2,0
7632,D25249,1,0
5242,D25253,2,0
6753,D25260,2,0
2514,D25263,1,0
6531,D25266,2,0
8544,D25278,2,0
1765,D25279,1,0
7268,D25286,1,0
9236,D25289,2,0
9016,D25301,1,0
7193,D25307,1,0
5806,D25308,1,0
1817,D25319,2,0
1492,D25334,1,0
6005,D25351,1,0
371,D25360,2,0
1915,D25385,2,0
8287,D25395,1,0
3329,D25405,1,0
2508,D25416,1,0
6913,D25417,1,0
4876,D25434,1,0
2406,D25441,1,0
5924,D25442,2,0
2228,D25449,1,0
5769,D25457,1,0
630,D25474,1,0
8196,D25484,1,0
120,D25507,1,0
2707,D25513,2,0
2959,D25521,2,0
8105,D25534,1,0
4338,D25537,2,0
4498,D25546,2,0
5868,D25547,2,0
2129,D25549,2,0
6175,D25567,2,0
5115,D25570,1,0
691,D25578,2,0
2356,D25605,1,0
2037,D25607,2,0
2601,D25615,2,0
5809,D25622,2,0
5502,D25659,2,0
2641,D25678,2,0
47,D25686,2,0
6110,D25723,2,0
2951,D25725,2,0
2799,D25738,1,0
5195,D25751,2,0
7515,D25759,1,0
4351,D25779,1,0
6030,D25784,2,0
1972,D25809,2,0
7837,D25826,1,0
7864,D25848,2,0
1998,D25849,1,0
9185,D25860,1,0
8066,D25862,2,0
6499,D25868,1,0
1196,D25876,2,0
1197,D25891,1,0
4700,D25896,1,0
3368,D25898,2,0
823,D25900,1,0
560,D25916,2,0
1330,D25917,1,0
8917,D25959,1,0
3127,D25965,2,0
4685,D25978,2,0
3564,D25990,2,0
5532,D26007,1,0
3861,D26008,2,0
6659,D26014,2,0
7993,D26037,1,0
837,D26041,2,0
3036,D26063,2,0
1990,D26077,2,0
2817,D26080,1,0
8955,D26089,2,0
8574,D26092,2,0
7018,D26109,2,0
3859,D26116,2,0
6824,D26121,2,0
7075,D26122,2,0
1554,D26124,2,0
4627,D26125,2,0
1819,D26132,2,0
4596,D26137,2,0
5543,D26155,2,0
700,D26156,1,0
664,D26159,2,0
9252,D26160,2,0
2677,D26164,2,0
5229,D26166,2,0
7567,D26179,1,0
2464,D26181,2,0
7835,D26195,2,0
940,D26214,2,0
8568,D26215,1,0
5783,D26248,2,0
2945,D26249,2,0
9065,D26255,1,0
2467,D26263,2,0
6101,D26281,2,0
8545,D26286,1,0
4751,D26298,2,0
9799,D26301,1,0
7164,D26307,1,0
9859,D26316,2,0
734,D26321,1,0
1175,D26325,1,0
8293,D26328,2,0
5913,D26348,1,0
3000,D26349,1,0
6439,D26389,2,0
2644,D26396,1,0
836,D26399,2,0
2685,D26412,2,0
3137,D26413,1,0
5546,D26416,2,0
8069,D26428,2,0
818,D26432,2,0
1355,D26438,2,0
4691,D26446,1,0
7293,D26451,1,0
3563,D26465,2,0
444,D26485,1,0
7063,D26488,1,0
2879,D26494,1,0
1650,D26501,2,0
3078,D26503,1,0
5523,D26517,2,0
8528,D26521,1,0
4916,D26528,1,0
3921,D26533,2,0
3432,D26565,2,0
9616,D26573,2,0
5841,D26575,2,0
9975,D26580,2,0
6073,D26598,2,0
5555,D26605,1,0
5369,D26626,2,0
1478,D26630,2,0
3691,D26632,1,0
6598,D26660,2,0
827,D26668,1,0
1212,D26670,1,0
1404,D26679,2,0
3961,D26680,1,0
8465,D26681,1,0
115,D26685,2,0
1590,D26709,1,0
9473,D26711,2,0
1971,D26714,1,0
9661,D26729,1,0
8969,D26732,1,0
7143,D26735,1,0
4246,D26740,2,0
1918,D26742,2,0
6061,D26752,2,0
1309,D26758,1,0
2300,D26762,1,0
1678,D26768,1,0
7717,D26774,2,0
2059,D26777,1,0
6027,D26792,1,0
1071,D26795,2,0
1486,D26799,2,0
2449,D26808,1,0
4635,D26811,1,0
6138,D26812,1,0
2094,D26814,2,0
5795,D26835,2,0
3752,D26839,2,0
9230,D26848,1,0
1679,D26850,2,0
8644,D26852,1,0
2774,D26882,1,0
242,D26886,2,0
7625,D26889,2,0
3,D26912,2,0
8158,D26924,2,0
1834,D26934,2,0
9116,D26936,2,0
1014,D26946,2,0
529,D26948,2,0
2004,D26981,2,0
6818,D26982,1,0
2317,D26986,2,0
6799,D26992,2,0
5317,D27000,2,0
9694,D27007,1,0
4910,D27016,2,0
9051,D27018,2,0
6434,D27019,1,0
8411,D27028,2,0
2474,D27030,2,0
5170,D27031,2,0
9671,D27037,2,0
7824,D27039,2,0
3483,D27047,2,0
8125,D27051,2,0
4901,D27069,2,0
3208,D27078,2,0
8932,D27091,1,0
2049,D27117,1,0
3654,D27131,2,0
6107,D27135,2,0
6228,D27136,2,0
201,D27150,1,0
5928,D27155,1,0
5994,D27174,1,0
3131,D27179,2,0
4186,D27190,2,0
9424,D27201,1,0
7201,D27210,1,0
1693,D27217,2,0
9463,D27223,2,0
7117,D27262,1,0
5239,D27274,2,0
8707,D27311,1,0
1148,D27341,2,0
2366,D27344,2,0
9690,D27348,2,0
122,D27361,1,0
8673,D27365,2,0
9636,D27371,2,0
2903,D27377,1,0
2749,D27380,1,0
3046,D27387,1,0
2620,D27409,1,0
3573,D27423,2,0
9954,D27430,2,0
2055,D27442,1,0
7778,D27443,2,0
9024,D27447,2,0
4697,D27464,2,0
1089,D27473,1,0
4214,D27477,1,0
7210,D27484,2,0
6851,D27485,2,0
6339,D27502,2,0
3636,D27510,2,0
3123,D27515,2,0
7549,D27519,2,0
1897,D27520,1,0
4145,D27521,2,0
5519,D27530,2,0
5645,D27544,2,0
8451,D27555,2,0
984,D27557,2,0
5073,D27573,2,0
1418,D27577,1,0
696,D27580,1,0
1436,D27589,1,0
4294,D27596,2,0
4098,D27619,2,0
1749,D27621,2,0
7651,D27633,2,0
1127,D27645,1,0
5508,D27647,1,0
9924,D27657,1,0
9019,D27661,1,0
1840,D27673,2,0
6257,D27691,1,0
4199,D27694,2,0
3328,D27698,2,0
2988,D27707,2,0
7522,D27719,2,0
2227,D27724,1,0
8686,D27729,1,0
9845,D27732,2,0
5309,D27739,2,0
250,D27748,1,0
2612,D27750,2,0
9181,D27763,1,0
6003,D27764,1,0
7941,D27779,1,0
3856,D27784,2,0
9121,D27794,2,0
4466,D27808,1,0
2923,D27809,2,0
7663,D27812,2,0
7226,D27816,1,0
8765,D27818,2,0
4351,D27822,2,0
4899,D27824,1,0
684,D27835,1,0
7510,D27836,2,0
4804,D27850,2,0
5841,D27872,1,0
8446,D27874,2,0
2405,D27877,2,0
430,D27893,1,0
2096,D27894,2,0
5199,D27899,1,0
7736,D27918,2,0
6989,D27922,2,0
5880,D27929,2,0
2001,D27931,2,0
1942,D27934,2,0
435,D27948,1,0
7347,D27954,2,0
9988,D27958,2,0
6609,D27966,2,0
9788,D27967,2,0
855,D27977,1,0
7851,D27985,2,0
3020,D27987,2,0
6155,D28003,2,0
236,D28025,2,0
406,D28027,1,0
3018,D28028,1,0
6931,D28039,1,0
6358,D28042,1,0
8223,D28049,2,0
2418,D28052,1,0
1014,D28057,1,0
1551,D28079,1,0
1202,D28087,1,0
8115,D28090,1,0
4440,D28093,1,0
8111,D28099,2,0
3938,D28100,2,0
4572,D28102,2,0
8333,D28106,1,0
2730,D28108,2,0
8267,D28110,2,0
327,D28111,2,0
9367,D28115,2,0
6826,D28122,2,0
4130,D28143,1,0
6165,D28149,1,0
6277,D28155,2,0
249,D28166,2,0
83,D28167,2,0
8415,D28172,1,0
1356,D28179,1,0
3300,D28188,2,0
3782,D28190,2,0
7171,D28208,1,0
3906,D28229,1,0
9178,D28231,1,0
921,D28244,1,0
3082,D28246,1,0
6295,D28250,2,0
4396,D28257,1,0
3879,D28275,1,0
7421,D28278,1,0
7270,D28293,1,0
9614,D28301,2,0
4434,D28307,1,0
4968,D28311,2,0
8459,D28314,2,0
6474,D28331,2,0
1466,D28336,1,0
6351,D28337,2,0
5825,D28338,2,0
1305,D28360,2,0
2614,D28364,2,0
8859,D28365,2,0
7840,D28399,2,0
8204,D28408,2,0
9167,D28413,2,0
3441,D28415,1,0
8929,D28427,2,0
3130,D28441,2,0
2316,D28457,2,0
1343,D28471,2,0
3456,D28489,2,0
8348,D28508,2,0
7133,D28550,2,0
5928,D28556,2,0
7684,D28562,2,0
9539,D28569,1,0
8968,D28570,1,0
9352,D28571,2,0
3170,D28573,2,0
4434,D28579,2,0
7300,D28595,1,0
9911,D28596,2,0
7773,D28607,2,0
4847,D28610,2,0
8250,D28613,1,0
3990,D28623,2,0
9191,D28629,2,0
9430,D28638,2,0
9174,D28644,2,0
9721,D28662,2,0
3561,D28676,1,0
1229,D28687,2,0
1688,D28690,2,0
8742,D28694,1,0
6548,D28753,2,0
3423,D28762,1,0
9361,D28766,2,0
6424,D28769,2,0
195,D28787,2,0
3271,D28796,2,0
7279,D28797,2,0
1438,D28798,1,0
4473,D28824,1,0
3122,D28828,1,0
1860,D28837,2,0
2120,D28841,1,0
3312,D28842,1,0
9767,D28855,2,0
8381,D28856,1,0
3679,D28878,1,0
7657,D28888,2,0
2694,D28899,2,0
1767,D28900,1,0
2922,D28908,1,0
8238,D28925,2,0
8832,D28932,1,0
573,D28934,1,0
6441,D28944,1,0
815,D28956,1,0
580,D28961,1,0
5912,D28979,1,0
5201,D28983,1,0
4549,D29001,2,0
6012,D29007,1,0
1787,D29008,1,0
4966,D29012,2,0
6144,D29016,1,0
3594,D29023,2,0
4958,D29027,2,0
3890,D29028,2,0
3005,D29036,1,0
2246,D29037,2,0
1732,D29041,2,0
1780,D29049,2,0
8653,D29068,1,0
7026,D29069,2,0
1979,D29071,1,0
8094,D29072,1,0
2048,D29082,1,0
798,D29091,1,0
7875,D29094,2,0
1163,D29097,2,0
9190,D29098,2,0
9942,D29101,1,0
5285,D29107,1,0
7482,D29122,1,0
8659,D29123,1,0
9371,D29127,2,0
6529,D29135,2,0
6660,D29136,1,0
8892,D29138,2,0
6334,D29145,2,0
9593,D29147,1,0
4348,D29179,1,0
1108,D29199,2,0
9503,D29200,1,0
3191,D29212,2,0
6151,D29214,2,0
4467,D29226,2,0
3666,D29227,2,0
5589,D29246,1,0
7647,D29254,1,0
6325,D29267,2,0
5621,D29276,1,0
2917,D29278,1,0
2838,D29280,1,0
9874,D29294,2,0
6292,D29299,1,0
6003,D29302,2,0
631,D29306,1,0
944,D29309,1,0
1180,D29321,2,0
2523,D29333,1,0
6222,D29339,1,0
3697,D29342,2,0
8656,D29362,1,0
3481,D29380,2,0
8085,D29390,2,0
2406,D29391,2,0
7918,D29401,1,0
6152,D29417,2,0
4608,D29433,1,0
1855,D29446,2,0
7731,D29452,2,0
702,D29455,2,0
8585,D29472,1,0
695,D29475,1,0
3602,D29485,1,0
6296,D29489,2,0
7410,D29503,2,0
3490,D29517,2,0
7759,D29528,2,0
7273,D29535,1,0
394,D29537,2,0
802,D29545,2,0
442,D29551,2,0
1984,D29565,2,0
163,D29580,2,0
1514,D29604,1,0
3835,D29630,1,0
3476,D29631,2,0
1816,D29632,1,0
9437,D29639,2,0
5293,D29643,2,0
6151,D29658,1,0
864,D29681,1,0
2552,D29708,2,0
2392,D29722,1,0
285,D29739,2,0
4818,D29747,2,0
3921,D29749,1,0
7839,D29751,1,0
3332,D29772,1,0
300,D29775,2,0
4536,D29810,1,0
4452,D29815,1,0
965,D29822,1,0
2886,D29826,1,0
2197,D29834,1,0
9940,D29847,1,0
4038,D29848,1,0
4119,D29856,2,0
3823,D29857,2,0
9908,D29864,2,0
2580,D29888,2,0
163,D29892,1,0
5177,D29902,2,0
707,D29904,1,0
3721,D29906,2,0
6280,D29920,2,0
2935,D29928,1,0
3900,D29935,2,0
2373,D29938,2,0
8777,D29940,1,0
1661,D29946,2,0
7065,D29947,1,0
6850,D29966,1,0
260,D29969,2,0
9866,D29970,2,0
9742,D29973,1,0
4948,D29974,2,0
9544,D29980,2,0
9241,D29983,1,0
4179,D30005,1,0
7697,D30012,2,0
7348,D30021,1,0
5055,D30037,2,0
8385,D30040,2,0
4602,D30058,2,0
4231,D30065,2,0
7110,D30071,2,0
6032,D30083,2,0
5601,D30098,1,0
6336,D30112,2,0
3032,D30118,1,0
6565,D30148,2,0
2545,D30169,2,0
8701,D30177,1,0
9014,D30180,1,0
5692,D30183,1,0
3367,D30192,2,0
6028,D30198,2,0
4756,D30207,2,0
4010,D30209,2,0
5020,D30213,1,0
35,D30225,2,0
9866,D30230,1,0
9023,D30245,1,0
1674,D30246,1,0
6183,D30255,1,0
2005,D30265,2,0
5990,D30267,1,0
5497,D30280,2,0
39,D30282,1,0
345,D30302,1,0
1085,D30315,1,0
7727,D30321,2,0
4266,D30325,2,0
5336,D30332,2,0
1706,D30333,1,0
5528,D30349,2,0
2447,D30357,1,0
2626,D30361,2,0
892,D30372,1,0
5907,D30377,1,0
4483,D30384,1,0
3069,D30408,2,0
1796,D30421,2,0
4797,D30422,1,0
4600,D30423,1,0
3967,D30428,1,0
4598,D30429,1,0
5455,D30431,1,0
5611,D30443,2,0
5991,D30462,1,0
8937,D30477,2,0
5557,D30510,2,0
6016,D30515,2,0
450,D30516,2,0
1232,D30518,2,0
6925,D30521,2,0
7086,D30532,1,0
3218,D30534,1,0
9627,D30535,2,0
2821,D30538,1,0
8724,D30553,2,0
4711,D30556,2,0
191,D30569,2,0
4388,D30572,1,0
6609,D30577,1,0
6328,D30585,1,0
8973,D30587,2,0
4093,D30603,1,0
487,D30614,2,0
3137,D30631,2,0
1963,D30637,2,0
6495,D30643,2,0
3892,D30651,1,0
2513,D30657,2,0
1380,D30662,2,0
9059,D30679,1,0
2017,D30683,2,0
6923,D30684,2,0
543,D30689,2,0
5187,D30690,2,0
7243,D30698,2,0
208,D30714,2,0
3894,D30724,2,0
7947,D30725,2,0
3723,D30730,1,0
7333,D30733,2,0
5532,D30736,2,0
8059,D30744,1,0
2878,D30751,2,0
3176,D30755,1,0
1912,D30763,1,0
7295,D30767,2,0
7446,D30776,2,0
4376,D30778,1,0
1414,D30825,1,0
1584,D30840,1,0
1676,D30844,1,0
7285,D30861,2,0
1429,D30867,2,0
8431,D30868,2,0
4609,D30871,1,0
9151,D30901,2,0
7831,D30919,2,0
5643,D30927,2,0
4052,D30931,2,0
9009,D30948,2,0
316,D30959,1,0
8006,D30978,1,0
3786,D30985,2,0
4631,D30986,1,0
5393,D30992,2,0
1347,D31000,2,0
182,D31010,1,0
5135,D31013,2,0
4073,D31016,1,0
6391,D31025,1,0
5356,D31041,1,0
8746,D31045,1,0
5515,D31052,2,0
1694,D31053,2,0
6359,D31057,2,0
387,D31068,1,0
1719,D31071,2,0
5010,D31087,2,0
6356,D31089,2,0
8856,D31096,1,0
306,D31102,1,0
271,D31105,1,0
4894,D31136,1,0
8504,D31145,1,0
802,D31158,1,0
4482,D31163,2,0
8938,D31171,1,0
5329,D31187,2,0
65,D31199,2,0
3107,D31211,1,0
6566,D31213,2,0
361,D31220,2,0
6012,D31222,2,0
6177,D31227,1,0
9428,D31238,2,0
6729,D31242,2,0
6844,D31247,2,0
6309,D31253,2,0
1149,D31257,2,0
9077,D31287,2,0
8563,D31297,2,0
134,D31301,1,0
6109,D31307,2,0
1062,D31316,1,0
5265,D31330,2,0
0,D31336,2,0
5016,D31337,1,0
983,D31351,2,0
2315,D31353,1,0
5004,D31362,2,0
6619,D31369,2,0
4663,D31372,1,0
2528,D31379,1,0
3444,D31402,1,0
4680,D31406,1,0
6954,D31413,2,0
4222,D31417,2,0
1738,D31420,1,0
6176,D31458,2,0
4943,D31459,1,0
8037,D31468,2,0
9032,D31487,2,0
2622,D31501,2,0
4341,D31506,1,0
6637,D31508,1,0
2493,D31509,2,0
7888,D31523,1,0
6725,D31531,2,0
8783,D31534,2,0
9084,D31542,2,0
4320,D31552,2,0
1838,D31555,2,0
1711,D31571,2,0
9655,D31572,2,0
783,D31605,1,0
6839,D31609,2,0
2651,D31611,2,0
742,D31616,2,0
3626,D31625,1,0
5961,D31630,1,0
5142,D31644,1,0
3964,D31647,2,0
1255,D31650,2,0
5742,D31660,2,0
5892,D31661,2,0
1317,D31674,2,0
3257,D31677,2,0
6597,D31685,2,0
5954,D31697,1,0
6718,D31709,2,0
2115,D31713,1,0
8798,D31715,2,0
7241,D31718,1,0
4572,D31720,1,0
6485,D31739,1,0
4069,D31749,1,0
9625,D31752,2,0
870,D31754,2,0
5065,D31780,2,0
8876,D31822,1,0
6487,D31823,1,0
7828,D31824,2,0
4543,D31834,1,0
2465,D31850,1,0
6226,D31857,1,0
6157,D31879,1,0
7783,D31881,1,0
1278,D31885,1,0
2763,D31894,2,0
2086,D31896,2,0
3372,D31906,2,0
4842,D31909,2,0
6070,D31916,2,0
1860,D31917,1,0
343,D31922,1,0
48,D31924,1,0
8114,D31928,2,0
6801,D31942,2,0
8620,D31947,2,0
8375,D31962,1,0
8874,D31966,2,0
8076,D31970,2,0
1697,D31971,2,0
9358,D31974,1,0
9574,D31979,2,0
6690,D31982,2,0
1511,D31987,1,0
8579,D32002,2,0
7421,D32005,2,0
7388,D32035,2,0
8224,D32067,1,0
5137,D32071,2,0
9952,D32072,2,0
7246,D32075,1,0
6310,D32079,2,0
2494,D32084,1,0
4821,D32099,2,0
8660,D32100,2,0
604,D32123,1,0
1832,D32160,1,0
3556,D32161,2,0
9915,D32169,2,0
7077,D32175,1,0
3497,D32180,1,0
8077,D32192,2,0
2277,D32198,1,0
3623,D32200,2,0
7675,D32211,1,0
7833,D32216,2,0
4930,D32218,2,0
3586,D32227,1,0
6406,D32240,2,0
429,D32241,2,0
7674,D32246,2,0
9863,D32252,1,0
6313,D32262,2,0
9294,D32281,2,0
2022,D32286,2,0
2953,D32292,1,0
9990,D32301,1,0
2916,D32312,1,0
3072,D32319,2,0
50,D32363,2,0
4274,D32371,2,0
4545,D32379,2,0
8315,D32393,2,0
2788,D32406,2,0
871,D32411,1,0
1493,D32417,2,0
5381,D32427,2,0
1977,D32429,2,0
4095,D32445,2,0
7357,D32454,1,0
5606,D32468,2,0
8898,D32474,2,0
9626,D32500,1,0
2758,D32502,1,0
367,D32523,2,0
224,D32524,2,0
8827,D32527,2,0
2652,D32537,1,0
3704,D32539,1,0
477,D32543,2,0
6380,D32572,2,0
1778,D32578,1,0
1875,D32599,2,0
5341,D32603,2,0
6625,D32617,2,0
619,D32618,2,0
5122,D32620,2,0
1193,D32628,2,0
42,D32631,1,0
4267,D32636,1,0
934,D32640,2,0
1756,D32642,2,0
534,D32675,2,0
5750,D32680,2,0
1541,D32682,1,0
5896,D32683,1,0
8100,D32701,1,0
9161,D32708,2,0
3976,D32710,2,0
1658,D32712,1,0
3950,D32714,2,0
3887,D32725,1,0
7768,D32746,1,0
7199,D32748,2,0
8888,D32753,1,0
9614,D32762,1,0
1476,D32763,2,0
6610,D32766,2,0
8787,D32767,2,0
8436,D32775,2,0
583,D32781,1,0
2236,D32805,2,0
4668,D32815,2,0
8570,D32824,1,0
1149,D32827,1,0
1645,D32834,1,0
8012,D32844,1,0
5551,D32871,2,0
9454,D32882,1,0
4461,D32896,1,0
126,D32897,1,0
7442,D32928,2,0
2560,D32929,1,0
8440,D32931,2,0
7336,D32955,2,0
3460,D32963,2,0
7972,D32977,1,0
6264,D32979,2,0
4955,D32992,2,0
792,D33003,2,0
6249,D33011,2,0
1017,D33015,1,0
8730,D33021,2,0
4814,D33040,2,0
962,D33041,1,0
7118,D33050,2,0
6454,D33067,2,0
5616,D33071,2,0
8602,D33077,2,0
3424,D33078,1,0
2203,D33079,2,0
7571,D33087,2,0
6794,D33091,1,0
2758,D33103,2,0
2278,D33105,2,0
4542,D33108,2,0
1845,D33112,1,0
6286,D33123,1,0
4296,D33128,1,0
828,D33132,1,0
6069,D33133,2,0
2781,D33137,1,0
2121,D33156,1,0
927,D33163,2,0
1923,D33170,2,0
6335,D33181,2,0
4143,D33186,2,0
9150,D33191,1,0
2297,D33192,2,0
4372,D33194,2,0
9496,D33197,2,0
1409,D33201,1,0
5986,D33226,2,0
164,D33227,2,0
6812,D33243,2,0
91,D33253,1,0
3197,D33258,1,0
6945,D33270,2,0
6979,D33295,2,0
460,D33301,1,0
6841,D33303,1,0
6279,D33306,1,0
9009,D33312,1,0
2436,D33323,2,0
9305,D33335,1,0
8221,D33341,2,0
9116,D33365,1,0
234,D33368,2,0
8018,D33369,1,0
4753,D33370,2,0
7795,D33375,2,0
1834,D33376,1,0
760,D33387,1,0
194,D33391,1,0
881,D33399,1,0
736,D33404,1,0
6972,D33432,2,0
1322,D33438,2,0
5062,D33440,2,0
6697,D33460,2,0
8390,D33476,2,0
7621,D33478,2,0
829,D33485,2,0
4067,D33517,1,0
394,D33525,1,0
4457,D33531,1,0
2350,D33542,2,0
1183,D33557,1,0
5141,D33585,1,0
8711,D33588,1,0
8400,D33600,2,0
290,D33608,1,0
9244,D33614,2,0
1498,D33616,1,0
1782,D33619,2,0
811,D33622,2,0
1985,D33628,2,0
5130,D33639,1,0
6395,D33653,2,0
2669,D33660,1,0
2978,D33667,2,0
8119,D33679,1,0
2853,D33686,2,0
1430,D33693,1,0
6115,D33697,1,0
7609,D33698,2,0
7303,D33702,2,0
2689,D33718,1,0
4695,D33727,2,0
8475,D33751,1,0
7714,D33754,2,0
4946,D33757,2,0
7226,D33762,2,0
250,D33764,2,0
9561,D33774,1,0
2310,D33791,1,0
4059,D33794,1,0
1851,D33805,1,0
3743,D33834,1,0
8823,D33838,1,0
7267,D33844,2,0
4726,D33888,2,0
5662,D33903,1,0
602,D33905,2,0
7467,D33906,2,0
8782,D33910,1,0
5244,D33924,1,0
5979,D33937,2,0
1513,D33939,2,0
2109,D33952,2,0
5032,D33957,1,0
7219,D33969,1,0
9581,D33971,2,0
7785,D33980,1,0
6557,D33983,1,0
3867,D33988,2,0
708,D33991,1,0
9868,D34001,1,0
87,D34010,2,0
9421,D34011,2,0
1669,D34017,1,0
8277,D34028,2,0
9274,D34043,1,0
1856,D34055,1,0
7395,D34063,1,0
226,D34067,1,0
4510,D34073,2,0
2371,D34075,1,0
1765,D34101,2,0
1742,D34103,2,0
2417,D34121,2,0
2281,D34128,2,0
8522,D34130,2,0
2349,D34133,2,0
5666,D34142,1,0
7610,D34157,2,0
5183,D34165,2,0
8917,D34169,2,0
7085,D34173,2,0
3038,D34177,1,0
5338,D34186,1,0
531,D34190,2,0
3806,D34198,1,0
1495,D34207,1,0
4944,D34213,2,0
9663,D34243,2,0
813,D34249,2,0
5784,D34255,1,0
9062,D34270,2,0
154,D34293,1,0
767,D34312,2,0
7802,D34320,1,0
3532,D34329,2,0
2924,D34338,2,0
2148,D34340,2,0
5945,D34342,2,0
1501,D34345,2,0
3269,D34353,2,0
8852,D34365,1,0
7398,D34369,2,0
8056,D34389,2,0
77,D34406,1,0
2446,D34409,2,0
9268,D34410,2,0
7553,D34411,2,0
340,D34412,1,0
9509,D34415,1,0
5157,D34417,1,0
8803,D34430,2,0
5079,D34440,1,0
277,D34459,2,0
4509,D34460,2,0
1392,D34470,1,0
9711,D34472,1,0
8788,D34479,1,0
4063,D34486,2,0
2295,D34493,2,0
3100,D34503,2,0
4118,D34504,2,0
8958,D34505,2,0
9289,D34510,2,0
1933,D34514,2,0
1717,D34519,2,0
1589,D34523,2,0
8726,D34526,2,0
1117,D34543,1,0
5718,D34557,1,0
6935,D34562,1,0
5095,D34603,2,0
8278,D34610,1,0
506,D34619,2,0
8658,D34621,1,0
9594,D34622,2,0
4252,D34625,2,0
8108,D34628,1,0
1328,D34630,2,0
5840,D34658,1,0
7966,D34684,1,0
7491,D34688,2,0
976,D34689,2,0
2200,D34701,2,0
1543,D34724,2,0
1383,D34726,2,0
3520,D34728,2,0
2704,D34735,2,0
6564,D34738,1,0
6164,D34744,2,0
5453,D34747,1,0
847,D34753,2,0
9222,D34757,1,0
2713,D34764,2,0
8837,D34766,2,0
1490,D34770,2,0
225,D34778,1,0
2807,D34785,1,0
918,D34786,1,0
1001,D34808,2,0
6064,D34812,2,0
5006,D34813,1,0
8122,D34824,2,0
3684,D34826,2,0
9652,D34849,1,0
6338,D34868,1,0
6767,D34871,2,0
2356,D34880,2,0
9480,D34884,1,0
5645,D34900,1,0
7174,D34902,1,0
2711,D34905,2,0
3147,D34914,1,0
4353,D34924,2,0
8983,D34930,1,0
7437,D34933,1,0
5412,D34934,1,0
5654,D34941,2,0
4079,D34956,2,0
7902,D34957,1,0
5201,D34958,2,0
4935,D34963,1,0
2070,D34977,1,0
450,D34981,1,0
3547,D34983,1,0
5670,D34984,2,0
9848,D34985,2,0
1424,D34987,2,0
1454,D34993,1,0
1475,D34995,1,0
8613,D34996,1,0
1677,D35012,2,0
9296,D35013,2,0
4844,D35025,1,0
5585,D35034,1,0
536,D35058,1,0
4936,D35070,1,0
9578,D35071,2,0
1692,D35085,2,0
4211,D35100,1,0
730,D35101,1,0
1966,D35111,2,0
1121,D35121,1,0
5416,D35150,1,0
9441,D35159,2,0
5496,D35163,2,0
2252,D35165,1,0
1367,D35192,2,0
9967,D35194,1,0
9542,D35203,2,0
1298,D35212,1,0
481,D35214,2,0
6578,D35228,1,0
4717,D35237,2,0
4601,D35240,1,0
4661,D35270,1,0
3223,D35296,1,0
3174,D35299,2,0
3280,D35314,2,0
4812,D35317,2,0
7181,D35319,1,0
8575,D35321,1,0
3173,D35323,1,0
43,D35329,2,0
6897,D35330,1,0
9397,D35418,2,0
1155,D35423,2,0
5273,D35442,1,0
2141,D35445,2,0
9664,D35450,2,0
5338,D35460,2,0
5936,D35464,1,0
1079,D35474,2,0
6191,D35478,1,0
3528,D35507,2,0
2846,D35516,1,0
3846,D35522,1,0
1681,D35540,1,0
6042,D35554,2,0
6501,D35555,2,0
7754,D35561,2,0
4342,D35564,1,0
463,D35572,2,0
1672,D35575,1,0
7308,D35580,2,0
8734,D35588,1,0
7744,D35600,2,0
6619,D35617,1,0
6723,D35625,2,0
8345,D35636,2,0
8817,D35645,2,0
8653,D35648,2,0
2078,D35651,1,0
3428,D35656,1,0
3923,D35657,2,0
5673,D35659,1,0
4235,D35660,2,0
1396,D35665,2,0
304,D35678,1,0
5611,D35679,1,0
9038,D35684,1,0
2724,D35698,2,0
4636,D35701,2,0
7351,D35702,1,0
420,D35703,1,0
1034,D35720,1,0
293,D35734,2,0
3346,D35754,1,0
4034,D35778,1,0
2046,D35779,1,0
3529,D35790,2,0
6374,D35811,2,0
3601,D35828,2,0
1169,D35839,2,0
5353,D35841,1,0
7067,D35852,2,0
1246,D35857,1,0
6429,D35858,2,0
4606,D35861,2,0
9790,D35865,1,0
5384,D35873,2,0
7789,D35874,2,0
4645,D35882,2,0
9744,D35892,2,0
7685,D35896,1,0
1753,D35911,1,0
7248,D35919,2,0
4117,D35920,1,0
6128,D35923,2,0
3470,D35926,2,0
1307,D35934,2,0
5134,D35936,1,0
3897,D35974,2,0
6536,D35985,1,0
6031,D35995,1,0
9098,D36025,1,0
9977,D36041,1,0
2792,D36046,2,0
6846,D36050,1,0
3750,D36051,2,0
7950,D36060,2,0
4171,D36066,2,0
8896,D36105,2,0
827,D36109,2,0
9600,D36110,1,0
5627,D36111,1,0
5281,D36130,2,0
2613,D36142,2,0
8083,D36144,2,0
7739,D36186,1,0
8249,D36191,2,0
8307,D36201,2,0
7529,D36212,1,0
2602,D36215,2,0
6950,D36230,2,0
581,D36235,2,0
542,D36271,1,0
1678,D36287,2,0
1044,D36305,1,0
8396,D36311,2,0
9907,D36312,2,0
9106,D36334,1,0
5060,D36348,1,0
254,D36349,1,0
4639,D36354,1,0
4765,D36391,2,0
4416,D36394,2,0
8640,D36397,2,0
649,D36408,1,0
4189,D36411,2,0
7079,D36414,2,0
9833,D36423,2,0
9441,D36428,1,0
1048,D36432,1,0
3811,D36438,1,0
878,D36446,2,0
7278,D36466,1,0
2802,D36469,2,0
3831,D36470,1,0
8731,D36473,2,0
7615,D36479,2,0
647,D36506,1,0
3597,D36510,1,0
235,D36512,1,0
4440,D36528,2,0
5562,D36530,2,0
1279,D36532,2,0
912,D36552,1,0
4619,D36560,2,0
5379,D36564,1,0
258,D36572,1,0
8505,D36592,2,0
3509,D36626,1,0
4217,D36629,2,0
4438,D36632,1,0
2894,D36649,2,0
2710,D36666,1,0
8866,D36667,1,0
1136,D36672,1,0
2589,D36686,1,0
2977,D36698,1,0
5385,D36720,2,0
9725,D36723,1,0
1965,D36741,2,0
1072,D36759,1,0
6903,D36762,2,0
9688,D36765,2,0
5056,D36780,2,0
5747,D36787,2,0
593,D36796,1,0
419,D36800,1,0
2402,D36807,2,0
6466,D36816,2,0
3261,D36842,1,0
5499,D36845,2,0
6107,D36855,1,0
7234,D36864,2,0
4316,D36867,2,0
5200,D36872,2,0
4738,D36876,1,0
3321,D36879,1,0
7452,D36880,2,0
8144,D36882,1,0
2831,D36886,2,0
9560,D36891,1,0
2462,D36926,2,0
1949,D36945,1,0
780,D36956,1,0
1935,D36959,1,0
5667,D36968,2,0
9329,D36969,2,0
7646,D36982,2,0
4656,D36988,2,0
7184,D36991,1,0
4835,D36992,1,0
5226,D36994,2,0
5594,D37001,2,0
6448,D37019,2,0
3544,D37020,2,0
8828,D37043,2,0
5346,D37057,2,0
7165,D37062,2,0
7387,D37067,2,0
3533,D37072,2,0
2294,D37075,2,0
9316,D37105,2,0
1229,D37111,1,0
9525,D37135,1,0
1170,D37136,2,0
5919,D37151,2,0
9130,D37153,1,0
418,D37158,2,0
7191,D37163,1,0
4060,D37168,1,0
1066,D37183,2,0
545,D37190,1,0
2651,D37202,1,0
9108,D37217,2,0
9670,D37218,2,0
5484,D37239,2,0
2691,D37249,1,0
8425,D37265,1,0
7966,D37266,2,0
1881,D37267,2,0
9678,D37281,2,0
2523,D37285,2,0
5882,D37293,2,0
5952,D37294,2,0
8377,D37295,2,0
793,D37299,1,0
1201,D37309,2,0
6119,D37316,1,0
3817,D37319,2,0
6558,D37323,1,0
5099,D37327,2,0
7752,D37347,2,0
3652,D37372,2,0
9920,D37374,2,0
7253,D37380,2,0
3753,D37398,2,0
3695,D37408,2,0
235,D37409,2,0
6628,D37410,1,0
3354,D37426,2,0
9569,D37431,2,0
1172,D37437,1,0
610,D37440,1,0
3267,D37449,1,0
5275,D37455,1,0
4282,D37458,2,0
1494,D37477,2,0
1740,D37478,2,0
1449,D37483,1,0
8947,D37486,2,0
7450,D37519,1,0
6905,D37522,2,0
8956,D37540,1,0
2558,D37549,1,0
3936,D37552,1,0
9352,D37561,1,0
6068,D37566,2,0
9136,D37582,2,0
2999,D37584,2,0
2269,D37587,2,0
6568,D37589,2,0
3417,D37613,2,0
5340,D37616,2,0
3550,D37618,2,0
6026,D37620,1,0
1273,D37621,2,0
6034,D37645,2,0
8541,D37668,1,0
7020,D37684,2,0
6978,D37687,2,0
5086,D37696,1,0
2400,D37706,1,0
8961,D37738,2,0
1175,D37743,2,0
7648,D37745,1,0
169,D37753,1,0
1399,D37763,1,0
8063,D37773,1,0
2466,D37817,2,0
87,D37832,1,0
4594,D37841,2,0
764,D37844,2,0
7451,D37861,2,0
5045,D37862,2,0
483,D37864,2,0
8526,D37867,1,0
3488,D37895,2,0
5079,D37900,2,0
3909,D37904,1,0
985,D37905,1,0
7302,D37911,2,0
6948,D37914,1,0
5137,D37954,1,0
9499,D37983,2,0
189,D37985,1,0
6847,D37987,2,0
1006,D38000,1,0
8150,D38006,1,0
4776,D38013,2,0
1349,D38026,2,0
1795,D38027,2,0
1258,D38045,1,0
5595,D38064,1,0
8979,D38066,2,0
7329,D38080,2,0
4120,D38112,2,0
2856,D38115,2,0
9345,D38117,1,0
7001,D38120,2,0
4980,D38121,2,0
934,D38137,1,0
7872,D38140,2,0
1588,D38141,1,0
6386,D38143,1,0
5469,D38147,2,0
3867,D38170,1,0
1295,D38174,1,0
9237,D38178,2,0
4393,D38179,1,0
1708,D38186,1,0
8528,D38194,2,0
2676,D38207,1,0
3814,D38211,1,0
796,D38214,1,0
1482,D38218,1,0
5207,D38227,1,0
1712,D38228,1,0
6687,D38233,2,0
203,D38235,2,0
6584,D38236,2,0
5051,D38237,1,0
7534,D38250,2,0
7897,D38254,1,0
3995,D38259,1,0
1987,D38267,2,0
8529,D38269,2,0
2351,D38270,1,0
3553,D38274,2,0
2783,D38292,1,0
6302,D38314,1,0
2284,D38319,1,0
5450,D38323,2,0
5638,D38333,2,0
452,D38336,1,0
3270,D38350,1,0
7507,D38357,2,0
8360,D38368,2,0
1828,D38375,1,0
3179,D38382,2,0
1178,D38394,1,0
1388,D38396,2,0
4428,D38401,2,0
6244,D38408,2,0
4010,D38411,1,0
6922,D38429,2,0
3733,D38452,1,0
6663,D38466,1,0
6936,D38471,2,0
7282,D38474,1,0
9601,D38493,1,0
8978,D38508,1,0
676,D38509,1,0
7426,D38529,1,0
4230,D38537,1,0
8634,D38549,1,0
3038,D38573,2,0
8081,D38576,1,0
6265,D38578,2,0
6396,D38579,1,0
8676,D38580,2,0
7581,D38587,2,0
2716,D38589,2,0
6654,D38590,1,0
544,D38603,1,0
1289,D38614,2,0
7400,D38617,2,0
6617,D38633,1,0
3818,D38641,1,0
8287,D38643,2,0
482,D38650,1,0
7558,D38653,2,0
378,D38658,2,0
412,D38679,2,0
5264,D38682,2,0
3363,D38703,2,0
7362,D38721,2,0
3946,D38723,1,0
597,D38724,2,0
6704,D38729,1,0
391,D38737,1,0
3139,D38751,1,0
1590,D38752,2,0
5758,D38754,1,0
6682,D38761,2,0
4377,D38766,2,0
9519,D38782,2,0
6966,D38786,2,0
6934,D38800,2,0
1061,D38810,2,0
4160,D38831,2,0
4844,D38832,2,0
5889,D38840,2,0
2437,D38845,2,0
3519,D38858,2,0
9807,D38860,2,0
6603,D38865,2,0
7162,D38867,1,0
1916,D38904,1,0
4497,D38910,1,0
5556,D38913,2,0
5911,D38914,1,0
8883,D38929,2,0
9311,D38934,1,0
5983,D38935,2,0
2925,D38943,1,0
5506,D38957,1,0
5048,D38968,2,0
1593,D38995,2,0
1140,D39022,1,0
2749,D39027,2,0
6769,D39053,1,0
2286,D39080,2,0
8872,D39088,2,0
9221,D39097,2,0
4899,D39106,2,0
8115,D39112,2,0
4833,D39127,2,0
592,D39132,1,0
2734,D39142,1,0
2748,D39147,2,0
1287,D39151,1,0
625,D39162,2,0
1244,D39163,2,0
9668,D39172,2,0
4068,D39173,1,0
3827,D39174,2,0
4716,D39178,1,0
4255,D39193,2,0
7172,D39196,1,0
6449,D39198,1,0
8749,D39210,1,0
3258,D39219,2,0
2941,D39229,1,0
8623,D39238,2,0
3264,D39239,2,0
332,D39240,1,0
3617,D39241,1,0
765,D39263,2,0
5260,D39281,1,0
2719,D39288,1,0
1256,D39290,2,0
5202,D39299,1,0
3094,D39302,2,0
3396,D39311,1,0
3278,D39322,2,0
8203,D39327,2,0
9195,D39328,1,0
5057,D39333,1,0
1572,D39338,2,0
1874,D39342,1,0
3411,D39352,2,0
1961,D39354,2,0
9650,D39368,2,0
2139,D39373,1,0
4193,D39375,2,0
4105,D39380,1,0
2331,D39391,1,0
6258,D39395,1,0
6971,D39396,2,0
1314,D39397,1,0
3175,D39407,1,0
5644,D39413,2,0
9722,D39423,1,0
2162,D39452,1,0
4516,D39476,2,0
8117,D39477,1,0
1053,D39480,2,0
999,D39488,1,0
6302,D39489,2,0
7479,D39501,2,0
7383,D39512,1,0
7028,D39523,2,0
3124,D39533,1,0
7353,D39540,1,0
9205,D39542,1,0
9923,D39547,2,0
3206,D39552,2,0
4041,D39562,2,0
797,D39567,1,0
3694,D39598,2,0
2549,D39630,1,0
9292,D39643,1,0
169,D39654,2,0
9702,D39668,2,0
9657,D39675,2,0
8175,D39682,2,0
9247,D39683,1,0
5446,D39699,1,0
1036,D39702,1,0
4481,D39704,2,0
4705,D39715,2,0
9571,D39728,2,0
5314,D39732,1,0
1924,D39740,2,0
1227,D39741,1,0
9015,D39759,2,0
5360,D39780,2,0
137,D39786,2,0
9315,D39795,1,0
9107,D39810,2,0
3409,D39813,1,0
7742,D39834,2,0
6688,D39842,2,0
4101,D39843,1,0
9994,D39847,1,0
8538,D39849,1,0
1003,D39852,1,0
4847,D39853,1,0
256,D39870,1,0
7112,D39874,2,0
1120,D39880,1,0
1416,D39891,2,0
2446,D39912,1,0
6396,D39921,2,0
2964,D39937,2,0
4270,D39951,1,0
6432,D39958,2,0
3433,D39962,2,0
4778,D39964,1,0
6423,D39974,1,0
9049,D39993,1,0
2003,D39997,1,0
8986,D40005,1,0
7171,D40025,2,0
4198,D40032,2,0
615,D40040,2,0
3885,D40041,2,0
6717,D40061,2,0
8104,D40082,1,0
2005,D40086,1,0
808,D40087,1,0
4656,D40116,1,0
4655,D40118,1,0
6588,D40122,2,0
3166,D40132,2,0
2311,D40142,2,0
6388,D40146,1,0
1479,D40148,1,0
9264,D40150,1,0
1427,D40159,2,0
1151,D40169,2,0
4671,D40178,2,0
9149,D40180,2,0
2413,D40194,2,0
3073,D40223,2,0
9526,D40225,1,0
5859,D40250,2,0
639,D40251,1,0
57,D40269,2,0
2723,D40286,2,0
9975,D40287,1,0
3707,D40292,2,0
4864,D40294,2,0
6757,D40298,1,0
9824,D40305,1,0
6343,D40316,1,0
5085,D40377,2,0
5538,D40381,1,0
4682,D40383,1,0
3184,D40384,1,0
4893,D40389,2,0
4887,D40390,2,0
6798,D40394,2,0
865,D40409,2,0
6549,D40410,2,0
7778,D40419,1,0
1587,D40424,2,0
8001,D40432,2,0
8893,D40443,1,0
1480,D40449,1,0
6246,D40450,1,0
4581,D40458,2,0
5119,D40463,1,0
6337,D40481,1,0
7830,D40484,2,0
5686,D40485,1,0
1301,D40512,1,0
2750,D40514,2,0
3304,D40519,2,0
2077,D40533,2,0
4005,D40542,2,0
5031,D40556,2,0
7280,D40557,1,0
6269,D40585,1,0
9464,D40609,2,0
6057,D40610,2,0
7208,D40612,2,0
5529,D40617,1,0
2522,D40620,1,0
3121,D40621,2,0
9276,D40624,1,0
2943,D40644,2,0
9369,D40655,2,0
3283,D40658,2,0
482,D40660,2,0
5037,D40667,1,0
1290,D40673,1,0
1083,D40677,1,0
8234,D40679,1,0
1107,D40686,2,0
5711,D40696,2,0
7530,D40698,1,0
8138,D40707,1,0
5373,D40725,1,0
360,D40726,2,0
803,D40728,1,0
4135,D40737,2,0
7100,D40744,1,0
4072,D40768,1,0
6590,D40777,1,0
7459,D40804,2,0
6997,D40808,2,0
7409,D40810,2,0
4702,D40830,2,0
4838,D40840,1,0
9034,D40846,2,0
2081,D40847,2,0
6863,D40851,1,0
7620,D40867,1,0
3288,D40870,2,0
7975,D40877,2,0
7532,D40882,2,0
9683,D40891,1,0
5475,D40892,1,0
3647,D40895,2,0
2363,D40906,2,0
4169,D40915,2,0
1743,D40932,1,0
3401,D40948,1,0
8467,D40952,2,0
7533,D40953,1,0
5675,D40959,2,0
9028,D40962,2,0
7202,D40972,2,0
8373,D40989,2,0
515,D40999,2,0
6465,D41011,1,0
9292,D41025,2,0
2639,D41031,1,0
4035,D41034,2,0
4021,D41041,2,0
3243,D41046,1,0
4605,D41051,1,0
9647,D41052,1,0
4812,D41060,1,0
1438,D41070,2,0
6230,D41075,2,0
2248,D41079,2,0
2380,D41091,1,0
4368,D41096,1,0
2402,D41101,1,0
6885,D41111,2,0
8631,D41114,2,0
4853,D41115,1,0
1114,D41131,2,0
5634,D41138,1,0
8766,D41144,1,0
1519,D41151,2,0
5782,D41160,2,0
7658,D41176,1,0
4342,D41180,2,0
6546,D41209,1,0
895,D41211,2,0
5279,D41226,1,0
5739,D41229,2,0
9075,D41234,1,0
392,D41253,2,0
3810,D41263,2,0
7796,D41270,2,0
9082,D41297,2,0
6868,D41302,1,0
621,D41304,2,0
2050,D41312,1,0
6861,D41314,2,0
9422,D41316,1,0
583,D41328,2,0
1111,D41333,2,0
3795,D41345,2,0
4391,D41348,2,0
561,D41352,1,0
9163,D41356,2,0
9327,D41366,1,0
8344,D41370,2,0
2457,D41387,2,0
4693,D41392,2,0
2484,D41419,1,0
6553,D41426,2,0
5394,D41428,2,0
7296,D41438,2,0
7667,D41449,2,0
6088,D41451,2,0
2908,D41459,1,0
5619,D41465,2,0
1474,D41471,1,0
9088,D41476,1,0
516,D41493,2,0
9952,D41497,1,0
7841,D41499,2,0
6479,D41502,1,0
7301,D41507,2,0
4305,D41508,2,0
3244,D41520,1,0
9624,D41521,1,0
5842,D41524,2,0
299,D41534,1,0
6082,D41536,1,0
1023,D41540,2,0
2669,D41543,2,0
5672,D41546,2,0
2103,D41547,2,0
6561,D41550,1,0
6804,D41551,2,0
6035,D41552,2,0
9856,D41554,2,0
6240,D41556,2,0
7725,D41567,1,0
2463,D41574,1,0
8897,D41577,1,0
9380,D41578,2,0
8887,D41590,1,0
4518,D41593,2,0
386,D41598,2,0
3370,D41601,1,0
2030,D41602,1,0
3638,D41609,2,0
2662,D41650,2,0
9789,D41662,1,0
8600,D41664,2,0
7359,D41669,1,0
5760,D41674,1,0
6579,D41679,1,0
8275,D41692,2,0
5138,D41695,2,0
7013,D41717,2,0
3919,D41722,1,0
587,D41735,1,0
600,D41740,2,0
4418,D41742,2,0
1905,D41762,1,0
4607,D41764,2,0
8151,D41773,2,0
4688,D41778,2,0
4291,D41782,1,0
5388,D41787,1,0
5028,D41789,2,0
6081,D41798,2,0
8643,D41800,2,0
9430,D41802,1,0
2372,D41810,2,0
2207,D41811,1,0
4344,D41814,1,0
8872,D41824,1,0
1629,D41825,1,0
4486,D41832,1,0
3951,D41838,2,0
9530,D41840,2,0
4547,D41844,2,0
4890,D41850,2,0
7386,D41851,2,0
6409,D41852,2,0
4521,D41854,2,0
3658,D41901,1,0
3808,D41918,1,0
2529,D41943,1,0
27,D41946,2,0
1884,D41948,2,0
9780,D41950,1,0
4066,D41958,1,0
9177,D41962,2,0
7733,D41963,2,0
9577,D41965,1,0
4084,D41985,2,0
454,D41999,2,0
1069,D42008,1,0
9130,D42010,2,0
2124,D42030,2,0
2983,D42037,2,0
8965,D42046,2,0
699,D42051,2,0
3246,D42074,2,0
1648,D42079,1,0
7942,D42087,2,0
7466,D42119,2,0
386,D42120,1,0
8728,D42127,2,0
8642,D42135,2,0
2672,D42140,1,0
8453,D42162,2,0
1900,D42166,2,0
5900,D42170,2,0
1859,D42186,1,0
8804,D42196,1,0
9148,D42197,2,0
7320,D42201,2,0
9295,D42204,2,0
5789,D42212,2,0
7552,D42214,2,0
7145,D42227,1,0
6415,D42235,2,0
3424,D42236,2,0
7897,D42262,2,0
7221,D42263,2,0
1737,D42267,2,0
7568,D42270,2,0
7926,D42287,2,0
2056,D42289,2,0
5808,D42296,2,0
1182,D42303,1,0
3614,D42307,1,0
2476,D42315,1,0
9271,D42319,2,0
8151,D42328,1,0
9992,D42330,2,0
311,D42347,2,0
3437,D42362,1,0
8154,D42375,1,0
7547,D42377,1,0
2353,D42378,2,0
2989,D42380,2,0
3317,D42385,2,0
4997,D42387,1,0
6243,D42388,2,0
1688,D42405,1,0
66,D42416,1,0
3624,D42417,2,0
5061,D42432,1,0
5367,D42447,1,0
9472,D42459,1,0
1029,D42470,1,0
9510,D42484,2,0
499,D42491,2,0
7800,D42499,2,0
199,D42508,2,0
434,D42522,1,0
3698,D42523,2,0
8428,D42550,1,0
6283,D42551,2,0
9592,D42567,1,0
2866,D42577,1,0
7124,D42601,2,0
1415,D42612,2,0
9008,D42628,2,0
6813,D42637,1,0
7187,D42639,2,0
6362,D42642,2,0
5730,D42669,2,0
1563,D42672,1,0
1344,D42677,2,0
5194,D42696,1,0
5391,D42705,2,0
7469,D42716,1,0
9682,D42717,2,0
2804,D42722,1,0
3070,D42725,1,0
5637,D42739,1,0
77,D42742,2,0
4174,D42745,2,0
6877,D42777,1,0
9641,D42779,2,0
2942,D42780,1,0
9570,D42790,1,0
9147,D42798,2,0
8412,D42799,1,0
9340,D42816,2,0
5757,D42818,2,0
7865,D42824,1,0
963,D42831,1,0
9472,D42836,2,0
6426,D42852,2,0
4554,D42855,2,0
8914,D42858,2,0
5027,D42872,2,0
3298,D42891,1,0
4942,D42895,2,0
2157,D42903,2,0
9763,D42908,1,0
9250,D42933,2,0
1520,D42944,2,0
2084,D42955,2,0
7992,D42959,2,0
4335,D42962,2,0
3659,D42978,1,0
951,D43005,1,0
9854,D43013,2,0
1636,D43026,2,0
3472,D43033,2,0
336,D43039,2,0
4714,D43044,2,0
9408,D43047,1,0
6890,D43054,1,0
3494,D43066,2,0
3087,D43073,2,0
3840,D43079,1,0
1336,D43082,1,0
5690,D43086,2,0
7985,D43087,1,0
7607,D43101,1,0
9932,D43104,2,0
3750,D43110,1,0
8209,D43117,2,0
49,D43118,1,0
7289,D43123,1,0
5029,D43130,1,0
8209,D43140,1,0
2205,D43143,2,0
4978,D43148,2,0
941,D43166,1,0
1091,D43169,2,0
9698,D43179,2,0
2165,D43183,2,0
4909,D43188,2,0
5966,D43189,2,0
3194,D43207,1,0
1843,D43232,1,0
5290,D43250,1,0
7544,D43251,2,0
8566,D43261,1,0
8915,D43276,1,0
9896,D43277,2,0
5552,D43284,2,0
3292,D43291,1,0
9495,D43299,2,0
7494,D43300,2,0
9972,D43304,2,0
6172,D43306,2,0
4533,D43307,1,0
6436,D43311,2,0
8986,D43317,2,0
3031,D43325,2,0
8382,D43335,1,0
343,D43346,2,0
3591,D43347,2,0
3741,D43348,2,0
102,D43349,2,0
913,D43358,1,0
8275,D43374,1,0
8494,D43382,2,0
1431,D43387,1,0
890,D43398,2,0
1837,D43399,1,0
8762,D43402,2,0
7568,D43411,1,0
1788,D43416,2,0
1097,D43421,2,0
9759,D43430,1,0
7907,D43433,2,0
3353,D43434,1,0
141,D43451,2,0
6424,D43454,1,0
7064,D43474,2,0
7518,D43487,2,0
9389,D43490,2,0
9325,D43494,2,0
6070,D43499,1,0
5786,D43501,1,0
6377,D43514,1,0
8343,D43521,2,0
9912,D43548,2,0
1797,D43551,1,0
5594,D43555,1,0
9258,D43572,1,0
297,D43596,1,0
5301,D43606,2,0
5477,D43607,2,0
715,D43612,1,0
3118,D43614,2,0
6902,D43621,1,0
8007,D43635,2,0
6992,D43644,1,0
6960,D43655,2,0
8512,D43659,2,0
3029,D43672,1,0
4915,D43678,2,0
3022,D43685,1,0
1039,D43688,2,0
6589,D43689,2,0
2343,D43692,1,0
3304,D43693,1,0
8302,D43695,2,0
3352,D43697,1,0
9333,D43698,1,0
8906,D43704,1,0
6707,D43721,2,0
511,D43723,1,0
7423,D43725,1,0
1989,D43726,1,0
8269,D43727,2,0
7557,D43728,2,0
3492,D43736,2,0
7814,D43748,2,0
7774,D43756,1,0
2260,D43759,1,0
7004,D43763,1,0
4955,D43815,1,0
7136,D43818,1,0
5107,D43823,2,0
512,D43860,1,0
1437,D43867,2,0
7161,D43874,2,0
924,D43883,1,0
7681,D43900,1,0
4920,D43912,2,0
3734,D43914,1,0
6683,D43917,2,0
5288,D43921,1,0
3330,D43941,1,0
9197,D43944,2,0
1268,D43947,1,0
1944,D43959,2,0
6943,D43966,2,0
2480,D43972,1,0
2720,D43977,1,0
2879,D43980,2,0
9513,D43991,1,0
8472,D43996,1,0
3967,D43998,2,0
7902,D44001,2,0
1578,D44005,1,0
8548,D44008,2,0
9039,D44022,2,0
6261,D44025,1,0
9044,D44031,1,0
9338,D44035,1,0
2985,D44039,1,0
9050,D44041,2,0
8950,D44050,1,0
4519,D44051,1,0
4436,D44055,1,0
6018,D44056,1,0
8039,D44059,1,0
1222,D44067,1,0
8454,D44110,1,0
1208,D44112,2,0
7172,D44120,2,0
8972,D44125,2,0
5891,D44127,1,0
4668,D44151,1,0
7664,D44152,1,0
2098,D44157,2,0
3113,D44162,1,0
8806,D44196,2,0
8481,D44199,1,0
8075,D44227,2,0
459,D44228,2,0
280,D44239,2,0
7679,D44250,1,0
2969,D44257,1,0
2679,D44263,2,0
3652,D44274,1,0
4127,D44285,2,0
4721,D44291,2,0
8193,D44304,1,0
2202,D44305,2,0
822,D44342,2,0
1779,D44345,2,0
412,D44353,1,0
9055,D44361,1,0
8752,D44381,1,0
9949,D44382,2,0
9272,D44383,2,0
2538,D44389,2,0
6216,D44398,1,0
7593,D44400,2,0
1103,D44401,1,0
5212,D44405,2,0
8434,D44419,2,0
5529,D44424,2,0
980,D44432,2,0
5582,D44437,2,0
3770,D44452,2,0
2209,D44455,1,0
5220,D44458,2,0
5007,D44495,2,0
2204,D44499,2,0
1525,D44515,1,0
5019,D44522,2,0
4126,D44538,2,0
6794,D44563,2,0
7779,D44564,1,0
2018,D44609,2,0
9069,D44613,2,0
1841,D44626,1,0
2817,D44656,2,0
2531,D44662,1,0
9273,D44679,2,0
3065,D44695,2,0
5565,D44697,2,0
2153,D44699,2,0
8700,D44706,2,0
8931,D44721,2,0
3727,D44723,2,0
1709,D44756,2,0
6349,D44762,2,0
7011,D44765,2,0
28,D44774,1,0
7931,D44796,2,0
7555,D44805,1,0
2489,D44847,1,0
777,D44848,1,0
7072,D44864,2,0
2303,D44866,2,0
9884,D44867,2,0
6268,D44871,2,0
307,D44877,2,0
1196,D44878,1,0
3616,D44896,1,0
4625,D44900,1,0
9319,D44902,2,0
1088,D44942,2,0
5308,D44945,2,0
5163,D44946,1,0
8698,D44954,2,0
8853,D44970,1,0
4311,D44975,2,0
5727,D44979,2,0
3979,D44985,1,0
9145,D44986,2,0
5583,D44997,2,0
7249,D44998,1,0
632,D45013,2,0
8233,D45027,2,0
8904,D45030,1,0
7635,D45035,2,0
9448,D45037,1,0
2587,D45041,1,0
3869,D45054,1,0
1217,D45070,1,0
2215,D45073,2,0
8704,D45080,2,0
3247,D45090,1,0
8622,D45112,2,0
1131,D45113,1,0
5799,D45120,2,0
9605,D45121,1,0
7062,D45125,2,0
8016,D45139,2,0
4515,D45150,2,0
8518,D45153,2,0
9457,D45170,1,0
6033,D45173,2,0
243,D45176,2,0
1061,D45185,1,0
9501,D45186,2,0
6819,D45200,1,0
4049,D45209,2,0
9850,D45223,2,0
8519,D45228,2,0
1758,D45234,2,0
1703,D45237,1,0
5584,D45238,1,0
5091,D45241,2,0
1436,D45246,2,0
3263,D45247,2,0
7597,D45248,1,0
2833,D45253,1,0
7404,D45283,1,0
7914,D45295,2,0
762,D45312,1,0
222,D45328,2,0
1044,D45342,2,0
7357,D45357,2,0
5226,D45381,1,0
9760,D45382,2,0
1626,D45384,1,0
9910,D45385,2,0
3909,D45387,2,0
3722,D45392,1,0
4781,D45398,1,0
3632,D45400,1,0
7123,D45409,1,0
5024,D45416,2,0
7208,D45421,1,0
7708,D45428,2,0
8686,D45430,2,0
9504,D45446,2,0
7319,D45450,2,0
5192,D45458,1,0
2869,D45462,2,0
7038,D45467,2,0
1685,D45475,2,0
5732,D45490,1,0
1005,D45504,1,0
3448,D45510,1,0
8162,D45518,2,0
6314,D45531,1,0
3282,D45558,2,0
2160,D45567,1,0
3726,D45581,2,0
2576,D45582,2,0
4941,D45590,1,0
2961,D45591,1,0
2172,D45622,1,0
6557,D45623,2,0
1872,D45627,2,0
4879,D45628,2,0
5322,D45641,2,0
7140,D45672,2,0
464,D45676,1,0
3711,D45681,1,0
1954,D45693,1,0
4314,D45711,1,0
733,D45735,2,0
1104,D45736,2,0
1750,D45739,2,0
4539,D45744,2,0
50,D45748,1,0
695,D45766,2,0
4336,D45778,1,0
8024,D45789,1,0
6488,D45801,2,0
3227,D45824,1,0
6791,D45827,2,0
8868,D45828,2,0
2532,D45859,1,0
8420,D45862,2,0
3132,D45864,1,0
2297,D45899,1,0
9071,D45907,1,0
8316,D45909,2,0
3558,D45916,2,0
7071,D45924,2,0
4552,D45926,1,0
5533,D45927,2,0
1307,D45928,1,0
5752,D45938,2,0
6654,D45973,2,0
9987,D45985,2,0
247,D45987,2,0
2014,D45993,2,0
3735,D45999,2,0
9312,D46006,2,0
4810,D46022,1,0
6172,D46023,1,0
9261,D46034,1,0
9557,D46035,2,0
4543,D46039,2,0
9724,D46059,2,0
7889,D46063,1,0
6812,D46069,1,0
7402,D46075,1,0
369,D46079,1,0
1945,D46097,2,0
7356,D46101,2,0
8995,D46104,2,0
7518,D46105,1,0
2756,D46108,2,0
2624,D46124,1,0
4536,D46165,2,0
3252,D46168,1,0
2092,D46171,2,0
9433,D46173,1,0
5151,D46180,2,0
6239,D46184,2,0
7643,D46197,1,0
7703,D46201,2,0
3382,D46207,1,0
6616,D46214,1,0
7043,D46234,1,0
9577,D46237,2,0
8394,D46240,1,0
3721,D46256,1,0
2561,D46262,2,0
4182,D46264,1,0
8671,D46288,2,0
4738,D46289,2,0
7084,D46300,1,0
3172,D46318,1,0
249,D46325,1,0
9169,D46332,2,0
4016,D46336,2,0
5123,D46337,1,0
5204,D46348,2,0
2530,D46358,2,0
7417,D46360,2,0
5674,D46370,2,0
2963,D46373,2,0
5617,D46379,2,0
9374,D46383,1,0
7042,D46400,2,0
7121,D46410,1,0
7272,D46416,1,0
9043,D46481,1,0
5077,D46490,2,0
9946,D46493,2,0
3324,D46499,1,0
1567,D46507,1,0
9553,D46519,2,0
7808,D46522,1,0
4641,D46525,2,0
8922,D46537,2,0
78,D46541,1,0
4283,D46548,2,0
2601,D46555,1,0
185,D46568,1,0
4902,D46583,1,0
2703,D46596,1,0
7666,D46606,1,0
6835,D46621,2,0
3941,D46629,1,0
3801,D46632,2,0
5052,D46634,2,0
8149,D46635,2,0
3295,D46639,1,0
497,D46655,1,0
5997,D46656,2,0
5861,D46667,1,0
6709,D46672,2,0
9144,D46688,2,0
3229,D46695,1,0
7910,D46708,1,0
6345,D46712,1,0
7107,D46718,2,0
2609,D46720,2,0
478,D46725,2,0
6044,D46765,1,0
9180,D46776,1,0
4033,D46780,2,0
3185,D46790,1,0
5591,D46795,1,0
3237,D46799,2,0
2691,D46800,2,0
2607,D46820,1,0
8064,D46834,1,0
3475,D46848,1,0
8549,D46849,2,0
7142,D46872,2,0
1277,D46891,1,0
1434,D46898,2,0
5188,D46903,1,0
3275,D46904,2,0
3099,D46910,2,0
6020,D46912,1,0
4618,D46918,1,0
7076,D46920,2,0
7921,D46934,2,0
3505,D46936,1,0
1773,D46938,1,0
401,D46939,2,0
4190,D46959,2,0
2652,D46966,2,0
6428,D46976,2,0
1179,D46982,2,0
3717,D46991,1,0
5595,D46994,2,0
4823,D47003,2,0
9193,D47004,1,0
6790,D47009,1,0
6967,D47023,1,0
9493,D47034,1,0
2550,D47036,1,0
8177,D47045,1,0
4977,D47046,1,0
2002,D47052,2,0
1392,D47067,2,0
7831,D47069,1,0
8237,D47071,2,0
4605,D47073,2,0
9520,D47076,2,0
5615,D47081,1,0
8170,D47086,2,0
5259,D47088,2,0
1476,D47095,1,0
4567,D47097,1,0
9727,D47099,1,0
8109,D47115,2,0
3340,D47117,2,0
1086,D47123,1,0
4565,D47128,1,0
6376,D47132,2,0
2196,D47162,2,0
9074,D47183,2,0
2242,D47191,1,0
6796,D47205,2,0
7484,D47208,1,0
8774,D47214,2,0
967,D47220,1,0
8579,D47240,1,0
4337,D47255,1,0
2207,D47273,2,0
9114,D47280,1,0
4249,D47281,1,0
1342,D47286,1,0
9751,D47289,2,0
1932,D47300,1,0
3637,D47303,1,0
3915,D47305,1,0
9806,D47307,1,0
2132,D47312,1,0
1955,D47315,2,0
4806,D47320,1,0
3187,D47322,1,0
2994,D47335,2,0
7680,D47349,1,0
9107,D47359,1,0
6366,D47371,2,0
987,D47376,1,0
469,D47378,1,0
446,D47386,2,0
678,D47388,2,0
4330,D47392,2,0
8802,D47396,1,0
3598,D47399,2,0
1316,D47409,1,0
2777,D47411,2,0
7801,D47431,2,0
5921,D47433,2,0
8554,D47436,2,0
9010,D47439,2,0
9988,D47446,1,0
4568,D47468,2,0
124,D47482,2,0
1824,D47492,1,0
1866,D47499,2,0
899,D47503,1,0
6923,D47505,1,0
3168,D47543,1,0
7336,D47545,1,0
45,D47552,2,0
3479,D47565,1,0
2385,D47577,1,0
9041,D47580,2,0
1887,D47583,1,0
904,D47600,2,0
3543,D47609,2,0
8501,D47618,1,0
7114,D47619,2,0
7657,D47620,1,0
2927,D47650,1,0
4009,D47656,1,0
1638,D47681,1,0
9012,D47695,2,0
9950,D47700,2,0
6363,D47713,1,0
7091,D47714,2,0
1524,D47716,2,0
3508,D47718,1,0
5350,D47723,2,0
7938,D47744,2,0
5267,D47765,2,0
2098,D47777,1,0
3902,D47779,2,0
9792,D47780,2,0
7608,D47790,1,0
5717,D47798,2,0
4508,D47808,2,0
889,D47821,2,0
4920,D47829,1,0
9133,D47843,2,0
2286,D47850,1,0
3855,D47856,1,0
4953,D47857,1,0
2702,D47860,2,0
8323,D47873,2,0
9575,D47885,2,0
8981,D47886,1,0
5531,D47905,2,0
8310,D47911,2,0
7884,D47915,2,0
5548,D47919,1,0
996,D47933,2,0
6284,D47966,2,0
4815,D47989,2,0
1821,D47994,2,0
6447,D48000,2,0
239,D48001,2,0
4685,D48006,1,0
2230,D48009,2,0
3562,D48015,2,0
4508,D48016,1,0
3939,D48020,2,0
4568,D48031,1,0
5314,D48032,2,0
5197,D48050,2,0
361,D48051,1,0
9346,D48064,1,0
8670,D48071,2,0
4690,D48077,2,0
6570,D48094,2,0
5456,D48108,1,0
7317,D48112,2,0
5274,D48113,1,0
3248,D48116,2,0
8192,D48120,2,0
2752,D48125,2,0
6114,D48129,2,0
2299,D48132,2,0
9290,D48136,1,0
1975,D48146,1,0
9676,D48151,2,0
93,D48160,1,0
3114,D48178,2,0
596,D48179,2,0
6441,D48197,2,0
9850,D48222,1,0
3648,D48224,1,0
5930,D48235,1,0
3948,D48261,2,0
7469,D48277,2,0
7578,D48278,2,0
8514,D48316,1,0
9300,D48317,1,0
2971,D48323,2,0
869,D48326,2,0
1288,D48333,2,0
6586,D48334,2,0
5413,D48346,2,0
9119,D48347,1,0
1418,D48348,2,0
2424,D48366,1,0
1110,D48368,2,0
5060,D48374,2,0
7861,D48387,1,0
7209,D48389,2,0
1682,D48390,2,0
9805,D48391,2,0
8672,D48404,2,0
833,D48414,1,0
9817,D48420,2,0
4863,D48424,1,0
6121,D48439,2,0
5908,D48449,1,0
7621,D48464,1,0
9920,D48465,1,0
7823,D48473,1,0
5236,D48477,1,0
6783,D48523,1,0
5203,D48526,2,0
4628,D48532,2,0
9686,D48543,1,0
981,D48544,1,0
6985,D48571,1,0
3253,D48575,2,0
2826,D48582,1,0
2982,D48585,2,0
2352,D48586,1,0
6473,D48600,1,0
6402,D48604,1,0
9155,D48605,2,0
8938,D48625,2,0
2884,D48631,2,0
9445,D48637,2,0
194,D48644,2,0
8464,D48650,2,0
7731,D48666,1,0
4366,D48674,2,0
1450,D48675,2,0
3541,D48692,1,0
6102,D48698,2,0
7905,D48699,2,0
8254,D48701,2,0
1548,D48705,2,0
8966,D48712,2,0
7773,D48719,1,0
7015,D48740,2,0
9054,D48741,1,0
9434,D48742,1,0
5412,D48746,2,0
6227,D48792,2,0
2262,D48796,2,0
9716,D48808,1,0
1165,D48821,1,0
4784,D48822,1,0
8995,D48839,1,0
866,D48846,2,0
9138,D48849,1,0
1958,D48857,2,0
7699,D48862,2,0
9474,D48863,1,0
4900,D48880,2,0
5592,D48881,2,0
3482,D48895,1,0
2782,D48906,1,0
867,D48920,1,0
4898,D48931,2,0
1936,D48944,1,0
3907,D48949,2,0
9278,D48956,2,0
737,D48963,2,0
7083,D48984,2,0
7180,D48988,2,0
9003,D48993,1,0
3479,D48995,2,0
1615,D49001,2,0
9544,D49002,1,0
9551,D49033,2,0
1382,D49042,2,0
5053,D49045,1,0
8736,D49057,2,0
1790,D49067,1,0
613,D49073,2,0
1804,D49078,1,0
523,D49085,2,0
5284,D49096,1,0
6058,D49114,1,0
3158,D49115,2,0
8963,D49130,2,0
6232,D49132,2,0
5926,D49133,2,0
6198,D49142,1,0
2568,D49144,1,0
9944,D49145,2,0
9035,D49163,2,0
3177,D49165,2,0
8018,D49177,2,0
8961,D49178,1,0
8904,D49182,2,0
5765,D49206,2,0
9699,D49215,1,0
2896,D49225,2,0
6120,D49246,2,0
2556,D49247,1,0
135,D49255,1,0
9993,D49259,2,0
670,D49275,2,0
3232,D49280,2,0
707,D49281,2,0
1577,D49289,2,0
8164,D49294,1,0
106,D49314,1,0
4448,D49325,2,0
9061,D49329,1,0
6866,D49330,1,0
7098,D49364,1,0
9948,D49377,2,0
6761,D49389,2,0
4422,D49396,2,0
2193,D49417,2,0
7509,D49422,1,0
786,D49427,1,0
2874,D49429,2,0
6689,D49449,2,0
8598,D49450,1,0
9964,D49456,1,0
8511,D49457,2,0
2970,D49487,1,0
1333,D49490,1,0
1785,D49492,2,0
528,D49500,2,0
9019,D49518,2,0
5064,D49521,2,0
7613,D49538,1,0
1863,D49540,1,0
9279,D49546,2,0
2177,D49551,2,0
9849,D49552,2,0
3108,D49554,2,0
7944,D49562,1,0
6150,D49574,2,0
6000,D49577,2,0
5059,D49582,2,0
4951,D49585,2,0
7616,D49586,2,0
9365,D49601,1,0
6241,D49614,1,0
4615,D49617,2,0
1523,D49665,1,0
4058,D49666,2,0
5584,D49676,2,0
1583,D49677,1,0
8571,D49688,2,0
4813,D49689,2,0
3273,D49711,1,0
1609,D49717,2,0
9968,D49718,2,0
8296,D49727,1,0
488,D49731,1,0
804,D49738,2,0
4601,D49751,2,0
184,D49753,2,0
6222,D49754,2,0
5231,D49777,1,0
3333,D49781,2,0
6149,D49795,1,0
9097,D49797,2,0
9475,D49799,2,0
2272,D49800,1,0
1362,D49802,2,0
8047,D49814,2,0
176,D49818,2,0
4827,D49834,2,0
4643,D49849,2,0
7847,D49850,1,0
1807,D49851,1,0
1473,D49876,1,0
5025,D49881,2,0
990,D49884,1,0
6452,D49887,2,0
1778,D49892,2,0
1509,D49910,2,0
79,D49916,2,0
2138,D49929,2,0
1541,D49951,2,0
1624,D49955,2,0
6724,D49960,2,0
7036,D49962,1,0
108,D49966,2,0
3450,D49986,1,0
809,D49995,1,0
2522,D50001,2,0
1607,D50002,1,0
9930,D50005,2,0
8903,D50022,1,0
2460,D50033,2,0
9021,D50049,2,0
148,D50063,1,0
2920,D50065,1,0
5173,D50066,1,0
2125,D50072,2,0
5652,D50083,2,0
4579,D50092,1,0
3014,D50111,1,0
7224,D50112,2,0
8398,D50114,1,0
1126,D50118,2,0
7500,D50122,1,0
689,D50123,2,0
4503,D50126,1,0
9077,D50130,1,0
2714,D50133,2,0
1623,D50135,2,0
8964,D50139,2,0
3144,D50161,2,0
1561,D50164,1,0
8792,D50171,1,0
910,D50199,1,0
6310,D50202,1,0
4489,D50209,2,0
9634,D50211,2,0
200,D50214,2,0
6178,D50221,1,0
4083,D50243,2,0
7150,D50252,2,0
7378,D50259,1,0
7236,D50264,2,0
7826,D50265,2,0
8675,D50279,2,0
1489,D50283,2,0
6078,D50284,1,0
5435,D50294,1,0
6902,D50304,2,0
3026,D50306,2,0
2238,D50313,1,0
7645,D50333,1,0
9857,D50334,1,0
6967,D50335,2,0
8878,D50336,1,0
4880,D50348,2,0
3956,D50352,2,0
4318,D50355,1,0
6324,D50367,2,0
3576,D50372,1,0
9317,D50385,2,0
6136,D50430,1,0
9758,D50442,1,0
5920,D50444,1,0
7364,D50447,2,0
5466,D50455,2,0
5426,D50470,2,0
7496,D50471,2,0
96,D50478,1,0
658,D50481,2,0
7146,D50483,2,0
2003,D50484,2,0
669,D50494,1,0
5164,D50499,2,0
3123,D50501,1,0
860,D50507,1,0
2212,D50526,2,0
3348,D50533,2,0
2737,D50537,2,0
6170,D50538,1,0
6854,D50543,1,0
1241,D50549,2,0
9550,D50574,2,0
1282,D50587,1,0
1980,D50594,1,0
5424,D50595,2,0
996,D50603,1,0
4369,D50605,1,0
2568,D50606,2,0
1344,D50608,1,0
7097,D50638,2,0
4154,D50642,1,0
5912,D50649,2,0
908,D50652,2,0
4953,D50655,2,0
7580,D50656,2,0
5088,D50657,2,0
2656,D50665,2,0
2798,D50667,1,0
4141,D50681,2,0
1938,D50684,1,0
8582,D50694,1,0
1627,D50697,2,0
1665,D50705,1,0
5549,D50720,1,0
4944,D50726,1,0
8429,D50729,2,0
23,D50730,1,0
605,D50736,2,0
278,D50744,2,0
737,D50747,1,0
2330,D50750,2,0
3712,D50767,2,0
3717,D50774,2,0
4702,D50776,1,0
3540,D50778,2,0
2369,D50792,2,0
1630,D50851,2,0
6390,D50856,1,0
1741,D50898,1,0
1376,D50901,1,0
3924,D50906,2,0
8933,D50909,2,0
4976,D50914,2,0
3292,D50917,2,0
8438,D50918,2,0
8219,D50920,2,0
1145,D50924,2,0
7111,D50928,1,0
5272,D50931,2,0
9283,D50936,2,0
159,D50939,1,0
894,D50947,1,0
3144,D50952,1,0
4653,D50956,1,0
3170,D50959,1,0
1518,D50961,2,0
8022,D50963,2,0
1602,D50984,2,0
1816,D51005,2,0
4075,D51020,1,0
8799,D51030,1,0
6523,D51041,1,0
1534,D51044,1,0
3670,D51046,1,0
4320,D51056,1,0
3777,D51074,2,0
58,D51079,1,0
6303,D51095,1,0
6000,D51098,1,0
1882,D51100,1,0
1768,D51104,1,0
4196,D51114,2,0
4322,D51116,1,0
1722,D51122,1,0
6206,D51123,2,0
38,D51129,2,0
7707,D51132,2,0
2647,D51146,1,0
479,D51169,2,0
5985,D51171,1,0
7520,D51174,2,0
2745,D51186,2,0
97,D51187,2,0
5668,D51201,2,0
2996,D51206,2,0
7583,D51220,2,0
3639,D51222,1,0
1217,D51224,2,0
612,D51237,1,0
3150,D51257,1,0
8482,D51259,2,0
7615,D51263,1,0
8239,D51273,1,0
1309,D51276,2,0
6508,D51278,1,0
6339,D51287,1,0
2449,D51292,2,0
6777,D51305,1,0
5790,D51307,2,0
4443,D51315,2,0
23,D51317,2,0
2043,D51320,1,0
4877,D51325,2,0
981,D51348,2,0
3203,D51356,1,0
7072,D51368,1,0
9339,D51371,2,0
8818,D51377,2,0
5894,D51383,2,0
4647,D51387,1,0
326,D51391,1,0
7690,D51395,2,0
6414,D51401,2,0
6184,D51404,1,0
5295,D51407,2,0
8727,D51411,2,0
8372,D51414,1,0
5906,D51415,2,0
9151,D51431,1,0
3503,D51437,1,0
1963,D51439,1,0
1775,D51445,2,0
1294,D51447,2,0
2802,D51449,1,0
1812,D51455,2,0
6916,D51460,2,0
4773,D51473,1,0
6777,D51484,2,0
4904,D51493,1,0
9314,D51495,2,0
1331,D51497,1,0
9443,D51502,1,0
5618,D51507,2,0
2171,D51512,2,0
984,D51513,1,0
5256,D51516,1,0
9901,D51542,2,0
8282,D51548,2,0
5922,D51553,1,0
9447,D51555,2,0
3764,D51561,1,0
2000,D51571,1,0
218,D51594,2,0
1710,D51610,2,0
979,D51611,2,0
1269,D51615,1,0
3857,D51632,2,0
7048,D51642,2,0
4004,D51644,1,0
7346,D51648,1,0
4025,D51652,2,0
1875,D51658,1,0
4272,D51662,2,0
595,D51673,2,0
2926,D51679,2,0
5050,D51680,2,0
94,D51684,1,0
5791,D51688,2,0
3977,D51696,2,0
7599,D51706,2,0
519,D51711,1,0
6054,D51717,2,0
7277,D51718,2,0
2721,D51722,2,0
7715,D51728,2,0
9559,D51729,1,0
1205,D51739,2,0
6738,D51745,2,0
7689,D51752,2,0
728,D51753,1,0
270,D51755,1,0
6156,D51773,1,0
8447,D51776,2,0
4370,D51794,2,0
4545,D51796,1,0
4837,D51798,2,0
5964,D51805,1,0
1922,D51812,2,0
3532,D51864,1,0
8617,D51889,1,0
1852,D51894,2,0
1193,D51901,1,0
6475,D51902,1,0
5547,D51912,2,0
2057,D51916,1,0
7687,D51917,1,0
6673,D51948,1,0
121,D51955,1,0
8061,D51978,2,0
7927,D51981,2,0
4902,D51983,2,0
2051,D51996,2,0
3825,D51997,1,0
721,D52003,2,0
3970,D52016,2,0
4429,D52019,2,0
6418,D52021,2,0
3687,D52024,1,0
6980,D52026,2,0
1504,D52028,2,0
3806,D52040,2,0
408,D52048,1,0
2728,D52059,1,0
3360,D52068,2,0
5849,D52076,2,0
3236,D52080,2,0
849,D52084,1,0
2296,D52093,1,0
7506,D52105,2,0
6886,D52107,2,0
3938,D52111,1,0
7363,D52115,2,0
3209,D52121,2,0
4002,D52123,2,0
776,D52126,2,0
2473,D52129,2,0
555,D52131,2,0
3559,D52132,2,0
117,D52148,2,0
4246,D52160,1,0
1697,D52175,1,0
7894,D52185,2,0
3889,D52205,2,0
9541,D52207,2,0
9685,D52209,2,0
985,D52213,2,0
8948,D52224,1,0
7739,D52246,2,0
3243,D52262,2,0
7711,D52273,2,0
6515,D52274,1,0
9916,D52277,1,0
4922,D52295,2,0
1075,D52325,2,0
3904,D52330,1,0
862,D52349,1,0
9237,D52357,1,0
1419,D52360,2,0
5871,D52363,1,0
8550,D52369,2,0
3412,D52385,2,0
6966,D52389,1,0
1628,D52409,2,0
4680,D52411,2,0
4492,D52415,1,0
8912,D52419,1,0
7499,D52420,2,0
2967,D52430,2,0
7060,D52437,2,0
8350,D52443,1,0
1618,D52466,1,0
5433,D52470,1,0
6930,D52477,1,0
2279,D52485,2,0
8632,D52486,2,0
5105,D52502,1,0
515,D52509,1,0
2926,D52510,1,0
5273,D52512,2,0
8362,D52514,1,0
7817,D52520,2,0
7710,D52531,2,0
8667,D52560,2,0
2470,D52583,2,0
2678,D52584,1,0
6701,D52591,2,0
509,D52603,2,0
9514,D52622,1,0
4593,D52641,2,0
1763,D52645,1,0
4044,D52646,2,0
1268,D52670,2,0
6901,D52684,2,0
1689,D52686,2,0
3254,D52694,2,0
7440,D52698,1,0
7167,D52706,2,0
1209,D52707,2,0
4133,D52710,2,0
2036,D52714,2,0
5272,D52719,1,0
6486,D52723,2,0
1813,D52730,2,0
8559,D52734,2,0
6234,D52736,2,0
1446,D52737,2,0
248,D52746,1,0
8228,D52755,1,0
178,D52766,1,0
4466,D52775,2,0
1350,D52777,2,0
9087,D52793,2,0
3262,D52800,1,0
608,D52803,2,0
3657,D52805,1,0
8455,D52828,1,0
4165,D52835,2,0
9547,D52843,1,0
5699,D52847,2,0
9308,D52854,2,0
3554,D52857,1,0
5681,D52871,2,0
9926,D52902,1,0
9475,D52908,1,0
1846,D52911,2,0
3356,D52914,2,0
4914,D52952,1,0
4938,D52965,2,0
5910,D52968,1,0
3434,D52993,2,0
8352,D52998,2,0
2023,D53000,2,0
1384,D53006,1,0
1181,D53017,2,0
1633,D53018,1,0
2552,D53022,1,0
27,D53028,1,0
4793,D53046,1,0
2378,D53064,1,0
3242,D53067,1,0
5297,D53080,2,0
718,D53109,2,0
8910,D53130,1,0
8824,D53133,1,0
4431,D53136,2,0
3014,D53151,2,0
4128,D53181,1,0
7440,D53204,2,0
2278,D53211,1,0
4689,D53221,1,0
4768,D53225,2,0
4574,D53233,2,0
2062,D53236,1,0
525,D53239,2,0
7729,D53246,1,0
7472,D53252,2,0
1786,D53253,2,0
6962,D53254,2,0
5705,D53257,2,0
6817,D53269,2,0
6640,D53273,2,0
2664,D53279,1,0
7895,D53294,2,0
5838,D53300,2,0
7988,D53301,2,0
2688,D53304,2,0
257,D53317,2,0
3202,D53325,2,0
7911,D53339,2,0
5274,D53353,2,0
5009,D53355,1,0
1886,D53358,1,0
5021,D53364,2,0
4321,D53366,1,0
2539,D53378,2,0
3395,D53384,2,0
836,D53389,1,0
2351,D53393,2,0
1595,D53409,2,0
187,D53420,2,0
9228,D53462,2,0
8383,D53466,2,0
5763,D53467,1,0
4128,D53471,2,0
1579,D53476,2,0
523,D53493,1,0
8350,D53500,2,0
180,D53503,2,0
927,D53508,1,0
5812,D53509,2,0
5768,D53517,2,0
269,D53522,1,0
228,D53533,2,0
8320,D53535,2,0
3166,D53539,1,0
173,D53549,2,0
6216,D53557,2,0
3438,D53564,1,0
5762,D53578,2,0
4942,D53584,1,0
8909,D53592,2,0
5692,D53596,2,0
5481,D53599,2,0
3606,D53611,1,0
810,D53617,2,0
4734,D53628,1,0
2690,D53631,2,0
339,D53633,2,0
3628,D53636,2,0
1101,D53639,2,0
3422,D53642,2,0
8968,D53643,2,0
8353,D53652,2,0
6071,D53662,1,0
513,D53663,1,0
9788,D53665,1,0
1907,D53673,2,0
8515,D53674,2,0
134,D53697,2,0
4755,D53710,1,0
3436,D53711,1,0
5471,D53715,2,0
2035,D53716,2,0
82,D53721,1,0
9337,D53730,1,0
7881,D53739,1,0
9666,D53741,2,0
9437,D53754,1,0
6420,D53765,2,0
8759,D53769,2,0
2636,D53772,1,0
5561,D53782,2,0
2596,D53797,1,0
3173,D53799,2,0
8153,D53805,1,0
1536,D53814,1,0
6931,D53816,2,0
4845,D53817,2,0
6745,D53823,1,0
7141,D53855,2,0
9360,D53858,1,0
2973,D53860,2,0
7605,D53875,1,0
6010,D53891,1,0
4488,D53892,1,0
3899,D53897,1,0
5868,D53904,1,0
4008,D53910,1,0
8036,D53916,1,0
9386,D53949,1,0
1497,D53951,1,0
2630,D53958,1,0
9182,D53969,2,0
1853,D53984,1,0
5656,D53985,1,0
8850,D53986,1,0
1886,D53994,2,0
899,D53998,2,0
8992,D54002,2,0
6030,D54017,1,0
1876,D54022,2,0
2348,D54025,2,0
7842,D54034,2,0
5092,D54036,2,0
5939,D54044,2,0
1070,D54053,2,0
788,D54056,2,0
2793,D54066,1,0
7671,D54067,2,0
9803,D54068,1,0
7158,D54077,1,0
9051,D54081,1,0
6413,D54083,2,0
7878,D54092,1,0
145,D54098,1,0
8312,D54104,1,0
5415,D54106,1,0
7669,D54110,2,0
5573,D54121,1,0
8457,D54122,1,0
9962,D54135,2,0
9707,D54139,1,0
9679,D54141,1,0
1701,D54145,2,0
8534,D54146,2,0
4991,D54153,1,0
1005,D54154,2,0
9264,D54156,2,0
9654,D54160,2,0
8779,D54192,1,0
513,D54201,2,0
7726,D54205,2,0
4076,D54206,2,0
4106,D54215,2,0
2384,D54216,2,0
2027,D54217,1,0
4011,D54220,2,0
9523,D54225,1,0
1326,D54231,2,0
5298,D54240,2,0
3701,D54250,2,0
7349,D54255,2,0
4340,D54256,2,0
3383,D54261,2,0
5409,D54297,2,0
517,D54312,2,0
438,D54313,1,0
2379,D54314,2,0
3671,D54319,2,0
5186,D54323,1,0
7081,D54342,2,0
6632,D54359,2,0
5399,D54372,2,0
2913,D54382,2,0
1696,D54388,1,0
9357,D54399,1,0
150,D54402,1,0
6942,D54404,2,0
4271,D54417,2,0
3565,D54437,1,0
7979,D54454,2,0
7719,D54459,1,0
7453,D54468,1,0
2832,D54474,2,0
5350,D54482,1,0
5034,D54509,1,0
5816,D54513,1,0
2650,D54516,1,0
318,D54522,1,0
46,D54523,2,0
9757,D54541,2,0
6747,D54553,1,0
3164,D54562,2,0
3477,D54568,2,0
8265,D54570,2,0
1234,D54575,2,0
9227,D54577,2,0
41,D54585,1,0
4215,D54589,2,0
2768,D54593,2,0
1172,D54594,2,0
8531,D54611,2,0
6138,D54618,2,0
7825,D54624,1,0
2104,D54626,1,0
6015,D54627,2,0
9586,D54651,2,0
1617,D54665,2,0
5873,D54670,1,0
8328,D54681,2,0
7545,D54682,2,0
4742,D54700,1,0
1502,D54710,1,0
1715,D54713,2,0
6098,D54714,1,0
7220,D54723,2,0
4782,D54736,2,0
5401,D54745,2,0
3103,D54750,2,0
1986,D54751,1,0
9359,D54753,1,0
9099,D54767,2,0
1072,D54775,2,0
1371,D54779,1,0
5745,D54782,2,0
736,D54788,2,0
432,D54796,1,0
1598,D54800,2,0
2862,D54826,2,0
5494,D54831,2,0
9113,D54834,2,0
6959,D54840,2,0
370,D54854,2,0
623,D54869,2,0
1927,D54880,2,0
8635,D54891,2,0
9450,D54907,1,0
345,D54924,2,0
568,D54925,2,0
830,D54929,1,0
7892,D54934,2,0
4679,D54954,2,0
1507,D54965,1,0
4124,D54967,2,0
2962,D54978,1,0
86,D54984,1,0
5414,D54986,2,0
2553,D54988,1,0
1025,D54991,1,0
1946,D55003,2,0
1531,D55007,1,0
7197,D55008,2,0
4718,D55011,1,0
4730,D55017,1,0
7686,D55060,2,0
6132,D55062,2,0
3841,D55085,1,0
3899,D55099,2,0
4379,D55107,1,0
6330,D55127,2,0
6095,D55132,2,0
9465,D55133,2,0
3789,D55150,2,0
4319,D55155,1,0
2407,D55165,2,0
4956,D55168,2,0
6008,D55172,2,0
159,D55176,2,0
3787,D55184,1,0
6773,D55204,2,0
4018,D55214,2,0
8123,D55233,1,0
9186,D55236,1,0
1206,D55244,1,0
2834,D55245,2,0
9939,D55249,2,0
8599,D55259,2,0
2939,D55260,1,0
6322,D55275,2,0
4487,D55276,2,0
841,D55277,1,0
2241,D55287,2,0
5956,D55290,1,0
7803,D55300,2,0
5498,D55303,2,0
3986,D55308,1,0
3804,D55317,2,0
9762,D55327,2,0
6681,D55352,2,0
9786,D55356,2,0
6574,D55368,2,0
1481,D55379,2,0
5391,D55382,1,0
9969,D55391,1,0
1757,D55400,2,0
5641,D55412,2,0
3829,D55417,2,0
6471,D55423,2,0
4637,D55445,2,0
9814,D55450,2,0
9787,D55452,1,0
7642,D55455,1,0
6581,D55467,2,0
940,D55481,1,0
2389,D55486,2,0
5936,D55489,2,0
6834,D55499,2,0
4571,D55502,1,0
1270,D55528,1,0
3539,D55530,1,0
2840,D55531,2,0
5480,D55543,1,0
3125,D55546,2,0
6249,D55566,1,0
349,D55579,1,0
6796,D55580,1,0
7880,D55581,1,0
2587,D55583,2,0
3410,D55585,1,0
1156,D55589,1,0
4232,D55614,1,0
1113,D55635,2,0
6778,D55647,1,0
6443,D55661,1,0
987,D55697,2,0
4287,D55701,1,0
7574,D55711,2,0
3430,D55713,1,0
6711,D55715,2,0
542,D55718,2,0
8080,D55724,1,0
8817,D55729,1,0
5681,D55734,1,0
7220,D55735,1,0
8510,D55746,2,0
637,D55755,1,0
1543,D55787,1,0
3596,D55790,2,0
3876,D55800,2,0
7958,D55803,2,0
5569,D55806,2,0
3095,D55843,2,0
123,D55844,2,0
8694,D55853,1,0
9190,D55875,1,0
8763,D55879,1,0
5349,D55886,2,0
4026,D55891,2,0
4,D55933,2,0
8130,D55936,2,0
7248,D55943,1,0
353,D55946,2,0
5688,D55950,1,0
402,D55953,2,0
2422,D55983,1,0
5369,D55987,1,0
4506,D55991,1,0
9350,D56002,2,0
5097,D56009,2,0
8391,D56010,1,0
6348,D56011,1,0
8592,D56014,2,0
7286,D56044,1,0
6002,D56051,2,0
6781,D56072,1,0
3122,D56081,2,0
7952,D56084,2,0
1469,D56097,2,0
8918,D56117,2,0
8390,D56128,1,0
2249,D56146,2,0
2290,D56151,2,0
2208,D56177,2,0
4213,D56180,2,0
1033,D56181,1,0
7822,D56186,1,0
8188,D56191,2,0
1406,D56194,2,0
5618,D56195,1,0
3660,D56201,1,0
5850,D56205,2,0
5076,D56215,1,0
786,D56221,2,0
6760,D56232,2,0
9662,D56238,2,0
3708,D56248,1,0
5832,D56260,1,0
313,D56266,2,0
8842,D56279,1,0
1294,D56286,1,0
2917,D56310,2,0
3235,D56313,1,0
1512,D56333,2,0
551,D56346,2,0
7373,D56355,2,0
5080,D56368,1,0
2478,D56375,2,0
6779,D56381,2,0
8070,D56383,2,0
6927,D56393,1,0
1789,D56395,1,0
1328,D56399,1,0
8705,D56404,2,0
3810,D56408,1,0
5240,D56414,2,0
9649,D56415,1,0
7749,D56426,1,0
570,D56431,2,0
9092,D56439,2,0
7467,D56441,1,0
4278,D56442,2,0
2637,D56448,2,0
8483,D56469,2,0
9743,D56470,2,0
4977,D56472,2,0
132,D56481,1,0
2794,D56493,1,0
2838,D56495,2,0
2007,D56499,2,0
1444,D56503,2,0
4752,D56504,1,0
291,D56510,1,0
7481,D56514,2,0
7795,D56521,1,0
3590,D56522,1,0
2602,D56530,1,0
6834,D56534,1,0
4897,D56537,1,0
4856,D56540,2,0
8462,D56544,2,0
9682,D56553,1,0
4917,D56555,1,0
8754,D56558,1,0
3165,D56561,1,0
4298,D56567,2,0
9301,D56587,2,0
8414,D56595,1,0
710,D56612,2,0
2299,D56639,1,0
6042,D56647,1,0
8005,D56648,2,0
7738,D56654,1,0
3461,D56656,2,0
954,D56657,2,0
5330,D56663,1,0
5247,D56664,2,0
9883,D56672,2,0
43,D56683,1,0
6656,D56697,1,0
381,D56716,1,0
267,D56721,2,0
6724,D56731,1,0
3239,D56733,2,0
5294,D56762,2,0
9011,D56770,2,0
5693,D56783,1,0
8897,D56795,2,0
283,D56797,2,0
9064,D56801,1,0
1445,D56806,2,0
5671,D56811,2,0
7713,D56828,1,0
146,D56831,2,0
202,D56839,2,0
1037,D56840,2,0
724,D56848,2,0
5792,D56876,2,0
6341,D56896,2,0
9322,D56897,2,0
3987,D56898,2,0
5441,D56900,2,0
5629,D56916,2,0
729,D56931,2,0
3065,D56936,1,0
7375,D56938,2,0
8002,D56943,2,0
3180,D56946,2,0
3592,D56949,1,0
5210,D56956,2,0
2751,D56963,1,0
9415,D56977,2,0
463,D56978,1,0
677,D56983,1,0
3233,D57006,1,0
3955,D57008,2,0
9972,D57013,1,0
5904,D57022,2,0
2422,D57023,2,0
8842,D57025,2,0
9534,D57029,2,0
5295,D57039,1,0
3803,D57042,2,0
9824,D57048,2,0
4447,D57055,2,0
522,D57057,1,0
3376,D57063,2,0
9612,D57076,2,0
2485,D57079,2,0
1552,D57102,2,0
4505,D57108,2,0
5144,D57113,1,0
6728,D57115,1,0
8301,D57119,2,0
8207,D57127,2,0
288,D57139,1,0
2996,D57140,1,0
7536,D57160,2,0
3431,D57185,2,0
1974,D57186,2,0
1327,D57194,2,0
6437,D57196,1,0
8725,D57208,1,0
8299,D57216,2,0
6892,D57219,1,0
828,D57225,2,0
9974,D57229,2,0
4365,D57236,2,0
1238,D57245,2,0
2914,D57257,2,0
1530,D57263,2,0
1337,D57271,1,0
2948,D57282,1,0
7109,D57298,2,0
8636,D57308,2,0
4233,D57321,2,0
8122,D57337,1,0
812,D57342,2,0
358,D57356,2,0
2475,D57368,1,0
5013,D57380,1,0
1671,D57388,1,0
8794,D57399,2,0
8133,D57400,1,0
5041,D57412,2,0
8186,D57414,1,0
8327,D57423,1,0
9199,D57429,1,0
6503,D57434,1,0
4533,D57440,2,0
5,D57451,2,0
7211,D57454,1,0
9639,D57458,2,0
5237,D57463,2,0
1329,D57472,2,0
7561,D57476,2,0
2909,D57511,2,0
7321,D57512,2,0
7534,D57514,1,0
845,D57516,1,0
8804,D57520,2,0
470,D57537,1,0
5834,D57546,2,0
3388,D57550,1,0
7772,D57553,2,0
6305,D57554,2,0
4050,D57557,2,0
7951,D57558,2,0
3365,D57562,2,0
1954,D57564,2,0
6561,D57590,2,0
301,D57598,1,0
8690,D57623,2,0
9639,D57627,1,0
5983,D57632,1,0
3588,D57640,1,0
6462,D57644,2,0
5363,D57659,1,0
4291,D57664,2,0
9884,D57666,1,0
8978,D57672,2,0
5171,D57687,1,0
4346,D57691,1,0
5213,D57697,2,0
3295,D57707,2,0
4170,D57708,1,0
7662,D57716,2,0
4591,D57717,2,0
618,D57731,2,0
4227,D57738,2,0
6418,D57739,1,0
1972,D57756,1,0
4384,D57759,1,0
3971,D57760,2,0
785,D57763,2,0
7368,D57764,2,0
4532,D57769,1,0
3040,D57772,1,0
7485,D57774,1,0
6490,D57777,1,0
868,D57780,1,0
6422,D57787,2,0
3486,D57803,2,0
4103,D57814,1,0
368,D57823,2,0
9869,D57835,1,0
7749,D57842,2,0
3842,D57844,1,0
4795,D57847,1,0
8305,D57850,1,0
6821,D57858,2,0
5778,D57865,2,0
8358,D57870,2,0
1535,D57900,2,0
8220,D57946,2,0
9960,D57964,2,0
7809,D57966,1,0
3892,D57981,2,0
8957,D57989,1,0
9979,D57993,1,0
4578,D58000,1,0
8146,D58014,2,0
8783,D58024,1,0
8095,D58058,2,0
5100,D58074,1,0
2950,D58075,2,0
1115,D58079,1,0
4651,D58084,1,0
33,D58095,1,0
7372,D58099,2,0
8756,D58105,2,0
2452,D58112,1,0
3302,D58119,2,0
7266,D58122,2,0
7497,D58130,2,0
9755,D58135,2,0
7203,D58142,2,0
3088,D58144,1,0
3443,D58151,2,0
28,D58159,2,0
1591,D58168,2,0
1325,D58180,1,0
1440,D58182,2,0
8985,D58215,2,0
8323,D58216,1,0
8119,D58243,2,0
2675,D58272,1,0
6501,D58283,1,0
8556,D58298,1,0
8226,D58317,2,0
7654,D58324,2,0
8894,D58361,2,0
4153,D58393,2,0
7552,D58408,1,0
7160,D58413,2,0
9916,D58416,2,0
117,D58425,1,0
7116,D58432,2,0
3566,D58461,1,0
4176,D58463,1,0
8924,D58464,2,0
3394,D58504,2,0
2026,D58507,1,0
8499,D58509,2,0
5234,D58515,2,0
245,D58526,2,0
7734,D58531,2,0
2497,D58548,1,0
2199,D58549,2,0
2271,D58550,1,0
9042,D58556,2,0
3276,D58567,2,0
5521,D58570,1,0
9742,D58575,2,0
3192,D58577,1,0
4310,D58588,2,0
8143,D58592,2,0
6486,D58607,1,0
9513,D58627,2,0
5264,D58634,1,0
7685,D58639,2,0
1411,D58647,1,0
5736,D58656,2,0
7871,D58661,2,0
5530,D58672,2,0
9913,D58675,2,0
6477,D58680,2,0
8405,D58681,1,0
9538,D58685,2,0
4551,D58698,2,0
2195,D58702,2,0
8610,D58710,2,0
4303,D58711,1,0
2720,D58748,2,0
7084,D58758,2,0
6155,D58774,1,0
5914,D58777,1,0
6214,D58778,2,0
7631,D58782,2,0
3213,D58788,1,0
2631,D58799,1,0
1718,D58804,1,0
9001,D58833,1,0
6806,D58834,1,0
3102,D58848,1,0
1800,D58854,1,0
1358,D58856,1,0
448,D58857,2,0
3744,D58862,1,0
2923,D58864,1,0
9122,D58869,1,0
5976,D58876,1,0
11,D58886,1,0
2144,D58890,1,0
2165,D58907,1,0
5086,D58909,2,0
4013,D58916,1,0
1553,D58919,1,0
5815,D58937,2,0
245,D58938,1,0
3455,D58941,2,0
9716,D58944,2,0
6367,D58956,2,0
7214,D58965,2,0
2058,D58971,1,0
4638,D58977,2,0
4891,D58990,1,0
6591,D58991,2,0
8764,D58996,2,0
8588,D59002,2,0
725,D59010,2,0
82,D59020,2,0
7482,D59022,2,0
9505,D59024,2,0
7702,D59035,2,0
1888,D59061,2,0
7548,D59076,2,0
6185,D59077,1,0
7528,D59087,2,0
5988,D59094,2,0
1347,D59103,1,0
3465,D59113,1,0
7078,D59115,2,0
9534,D59116,1,0
4836,D59118,2,0
972,D59122,1,0
9600,D59131,2,0
698,D59135,1,0
8599,D59141,1,0
7513,D59151,2,0
5127,D59153,1,0
3297,D59160,1,0
6751,D59163,2,0
6203,D59169,1,0
8957,D59172,2,0
1337,D59182,2,0
1084,D59184,2,0
490,D59186,1,0
8401,D59214,2,0
2821,D59216,2,0
7792,D59225,2,0
2120,D59230,2,0
9815,D59238,2,0
806,D59247,1,0
570,D59261,1,0
2174,D59263,1,0
9727,D59270,2,0
5341,D59284,1,0
3896,D59287,2,0
4993,D59301,1,0
3590,D59302,2,0
8820,D59303,2,0
1559,D59305,2,0
6633,D59315,2,0
7591,D59318,2,0
2908,D59332,2,0
8286,D59339,1,0
6744,D59367,1,0
9960,D59368,1,0
852,D59369,1,0
9124,D59374,2,0
3353,D59404,2,0
1247,D59407,2,0
1174,D59412,2,0
4979,D59443,2,0
2078,D59453,2,0
1368,D59459,2,0
3299,D59469,1,0
5216,D59471,2,0
4395,D59478,2,0
947,D59482,1,0
8003,D59502,1,0
4649,D59508,2,0
2053,D59522,2,0
2020,D59540,1,0
3557,D59543,1,0
2762,D59551,2,0
2043,D59560,2,0
2311,D59586,1,0
3323,D59590,1,0
8055,D59602,2,0
3736,D59616,1,0
3146,D59618,2,0
5183,D59620,1,0
3058,D59627,1,0
8612,D59632,1,0
4034,D59637,2,0
8156,D59645,1,0
173,D59648,1,0
8880,D59674,2,0
233,D59697,1,0
5542,D59714,2,0
4365,D59721,1,0
2429,D59731,1,0
3086,D59732,1,0
6019,D59733,1,0
2599,D59738,2,0
8887,D59742,2,0
6307,D59745,1,0
3225,D59750,2,0
1191,D59760,1,0
7887,D59792,1,0
581,D59802,1,0
3074,D59807,1,0
3775,D59827,1,0
681,D59899,2,0
2368,D59905,1,0
4779,D59919,1,0
1057,D59920,1,0
157,D59922,2,0
538,D59923,2,0
4300,D59930,2,0
1197,D59933,2,0
7945,D59938,1,0
130,D59940,1,0
8301,D59945,1,0
2582,D59960,2,0
99,D59961,2,0
8589,D59962,2,0
651,D59971,2,0
8056,D59976,1,0
3710,D59978,1,0
3034,D59996,2,0
1643,D60001,1,0
6154,D60004,1,0
1843,D60007,2,0
8906,D60017,2,0
915,D60046,2,0
3791,D60069,1,0
7668,D60078,2,0
3495,D60089,2,0
3968,D60091,1,0
6468,D60114,1,0
8154,D60116,2,0
1831,D60120,2,0
174,D60128,2,0
675,D60132,2,0
3469,D60133,2,0
2936,D60142,2,0
3870,D60153,2,0
4045,D60161,1,0
7971,D60177,1,0
2509,D60191,2,0
4185,D60202,1,0
807,D60208,2,0
7796,D60209,1,0
5774,D60216,1,0
8434,D60219,1,0
5995,D60220,1,0
398,D60224,2,0
3749,D60235,1,0
4651,D60240,2,0
2618,D60250,2,0
1609,D60253,1,0
1428,D60268,1,0
6040,D60286,2,0
7683,D60290,2,0
4829,D60302,2,0
1271,D60303,1,0
4400,D60308,2,0
4881,D60312,1,0
1627,D60323,1,0
8718,D60329,1,0
481,D60346,1,0
5929,D60352,2,0
8040,D60365,2,0
6062,D60374,2,0
7676,D60375,2,0
5957,D60378,2,0
1080,D60381,1,0
2266,D60384,2,0
4439,D60388,1,0
7583,D60391,1,0
7923,D60398,2,0
6198,D60403,2,0
8352,D60404,1,0
873,D60406,2,0
3186,D60410,1,0
5228,D60419,2,0
9957,D60423,2,0
4556,D60430,2,0
8630,D60436,2,0
8052,D60444,1,0
4870,D60456,2,0
708,D60462,2,0
9983,D60473,2,0
5045,D60479,1,0
5742,D60490,1,0
8764,D60491,1,0
3883,D60493,1,0
3929,D60495,2,0
3313,D60498,1,0
3709,D60508,2,0
3992,D60509,2,0
9714,D60511,2,0
9711,D60528,2,0
4777,D60539,2,0
7115,D60545,2,0
2530,D60556,1,0
8742,D60581,2,0
7173,D60596,2,0
7984,D60613,1,0
1185,D60620,2,0
8581,D60629,2,0
652,D60632,1,0
7200,D60640,2,0
582,D60646,1,0
6761,D60665,1,0
9406,D60674,2,0
5075,D60681,2,0
5396,D60699,2,0
9505,D60702,1,0
5203,D60703,1,0
2324,D60706,1,0
4463,D60711,2,0
2690,D60712,1,0
4830,D60713,2,0
7209,D60719,1,0
3114,D60721,1,0
9498,D60744,2,0
4256,D60756,2,0
9047,D60762,1,0
4156,D60773,2,0
310,D60776,2,0
6808,D60787,1,0
3254,D60791,1,0
5505,D60821,2,0
8408,D60830,2,0
9360,D60847,2,0
9589,D60848,2,0
4550,D60858,2,0
6517,D60859,1,0
2962,D60862,2,0
978,D60894,2,0
2068,D60902,2,0
6091,D60915,2,0
5940,D60924,2,0
3201,D60928,2,0
4522,D60932,2,0
9736,D60933,2,0
530,D60939,2,0
2881,D60944,1,0
779,D60955,2,0
9314,D60962,1,0
8230,D60978,1,0
6661,D60985,2,0
1901,D60986,2,0
4103,D60993,2,0
8622,D60994,1,0
2542,D61001,1,0
9585,D61003,2,0
7922,D61007,1,0
5811,D61008,2,0
6569,D61020,1,0
938,D61034,2,0
8656,D61038,2,0
1923,D61040,1,0
1300,D61075,2,0
9244,D61081,1,0
3878,D61082,1,0
95,D61099,2,0
3949,D61104,1,0
5038,D61107,1,0
6327,D61118,1,0
1095,D61123,1,0
7033,D61126,2,0
9507,D61134,2,0
2471,D61139,2,0
4435,D61141,1,0
7776,D61142,1,0
5992,D61147,2,0
6788,D61153,1,0
876,D61170,1,0
740,D61172,2,0
7233,D61181,1,0
4570,D61183,2,0
1065,D61191,2,0
7684,D61197,1,0
5055,D61200,1,0
8844,D61202,2,0
8558,D61205,2,0
5607,D61206,1,0
6865,D61219,1,0
8235,D61222,2,0
840,D61227,2,0
4775,D61241,1,0
5362,D61249,1,0
3232,D61255,1,0
1439,D61267,2,0
4573,D61288,2,0
2988,D61300,1,0
1205,D61305,1,0
2009,D61328,2,0
7930,D61330,2,0
4857,D61338,1,0
961,D61352,2,0
9152,D61358,2,0
8852,D61359,2,0
4701,D61361,1,0
8299,D61362,1,0
1087,D61365,2,0
476,D61375,2,0
902,D61379,1,0
8590,D61401,2,0
4692,D61404,1,0
774,D61414,2,0
7697,D61421,1,0
930,D61423,2,0
5270,D61437,2,0
4019,D61438,1,0
1336,D61444,2,0
1752,D61445,1,0
6668,D61452,2,0
6523,D61475,2,0
7307,D61476,1,0
3760,D61498,1,0
7611,D61509,1,0
1596,D61510,2,0
2254,D61512,2,0
2631,D61521,2,0
1160,D61522,2,0
1077,D61559,1,0
1674,D61573,2,0
545,D61576,2,0
9709,D61598,2,0
5886,D61602,2,0
949,D61641,1,0
287,D61643,1,0
6639,D61649,1,0
4475,D61653,2,0
9302,D61656,1,0
3244,D61659,2,0
7196,D61661,2,0
3464,D61664,2,0
7263,D61667,2,0
2011,D61671,2,0
7751,D61674,2,0
4677,D61678,2,0
7857,D61681,2,0
1870,D61685,1,0
6049,D61694,1,0
9885,D61697,2,0
8537,D61727,2,0
1167,D61731,2,0
1472,D61749,1,0
4218,D61753,2,0
7886,D61755,1,0
3436,D61763,2,0
5205,D61772,1,0
4963,D61776,2,0
911,D61797,2,0
56,D61801,2,0
1858,D61802,1,0
6573,D61807,1,0
2899,D61824,1,0
9583,D61833,1,0
6039,D61839,1,0
2774,D61847,2,0
9888,D61850,2,0
4454,D61857,1,0
2767,D61864,1,0
9512,D61872,2,0
3718,D61875,1,0
8750,D61878,1,0
4284,D61879,1,0
2520,D61883,1,0
3404,D61889,2,0
2414,D61920,2,0
9528,D61929,1,0
9571,D61932,1,0
7366,D61940,2,0
3677,D61948,1,0
7338,D61960,1,0
8218,D61974,2,0
4588,D61975,1,0
7435,D61987,1,0
741,D61988,2,0
3618,D61989,1,0
4604,D61992,2,0
4852,D62004,2,0
5559,D62006,1,0
1158,D62008,1,0
9209,D62026,1,0
4609,D62047,2,0
3724,D62053,1,0
8191,D62056,2,0
9552,D62083,2,0
5732,D62084,2,0
1538,D62086,2,0
1470,D62097,1,0
6522,D62110,2,0
844,D62111,2,0
347,D62113,2,0
1660,D62128,2,0
4745,D62134,1,0
4865,D62136,2,0
7149,D62158,1,0
6321,D62163,2,0
7867,D62171,1,0
6569,D62176,2,0
49,D62181,2,0
5312,D62194,1,0
6776,D62203,2,0
3129,D62204,2,0
3536,D62213,2,0
857,D62243,2,0
6652,D62249,2,0
7916,D62252,1,0
3640,D62262,2,0
8533,D62263,1,0
7908,D62286,2,0
6809,D62291,2,0
942,D62293,1,0
8747,D62294,1,0
7859,D62306,1,0
6759,D62313,1,0
5650,D62324,1,0
3502,D62333,2,0
5851,D62335,2,0
4324,D62337,1,0
9515,D62339,1,0
3960,D62345,2,0
3609,D62348,1,0
2174,D62355,2,0
9224,D62413,2,0
6183,D62419,2,0
2119,D62427,2,0
8741,D62441,1,0
3677,D62456,2,0
6305,D62461,1,0
9373,D62464,2,0
9080,D62477,2,0
9408,D62478,2,0
5190,D62498,1,0
7758,D62515,1,0
7044,D62518,2,0
527,D62526,2,0
6312,D62539,1,0
9081,D62542,2,0
5825,D62565,1,0
7413,D62569,2,0
690,D62580,2,0
4811,D62589,2,0
3049,D62602,2,0
9769,D62617,1,0
5581,D62629,2,0
8163,D62640,1,0
9209,D62658,2,0
89,D62659,1,0
3330,D62674,2,0
706,D62681,2,0
6558,D62684,2,0
7653,D62689,1,0
7179,D62692,1,0
5008,D62704,2,0
8480,D62711,2,0
3866,D62726,2,0
2839,D62728,1,0
8839,D62735,2,0
5593,D62742,1,0
1891,D62746,2,0
5520,D62758,2,0
2532,D62767,2,0
7424,D62793,2,0
4393,D62798,2,0
6860,D62820,2,0
4206,D62829,1,0
8858,D62836,2,0
9669,D62851,2,0
3359,D62853,1,0
9906,D62859,2,0
7253,D62860,1,0
4770,D62872,2,0
2099,D62883,2,0
239,D62887,1,0
5996,D62889,1,0
8277,D62895,1,0
5793,D62914,2,0
1685,D62933,1,0
7113,D62935,2,0
9183,D62976,2,0
3019,D62990,1,0
1624,D62994,1,0
3374,D62996,2,0
4639,D63011,2,0
6811,D63031,2,0
3015,D63036,1,0
7193,D63041,2,0
6205,D63045,2,0
9904,D63046,2,0
6254,D63049,1,0
7971,D63065,2,0
4659,D63070,2,0
6017,D63075,1,0
1857,D63077,1,0
685,D63080,2,0
5456,D63083,2,0
4412,D63087,2,0
578,D63107,1,0
5916,D63119,1,0
659,D63126,1,0
5661,D63133,2,0
9919,D63149,2,0
7719,D63151,2,0
4175,D63153,1,0
4633,D63155,2,0
2423,D63158,2,0
2496,D63206,2,0
900,D63214,1,0
9013,D63223,2,0
3355,D63224,1,0
8982,D63225,1,0
8753,D63226,2,0
6888,D63238,2,0
8762,D63244,1,0
1939,D63260,2,0
5873,D63275,2,0
6286,D63289,2,0
2592,D63301,1,0
8031,D63308,1,0
373,D63329,1,0
214,D63344,2,0
179,D63346,1,0
6370,D63350,2,0
4805,D63355,1,0
4851,D63357,1,0
7576,D63358,1,0
1506,D63404,2,0
1913,D63409,2,0
6978,D63415,1,0
2998,D63417,1,0
6718,D63437,1,0
7030,D63440,1,0
8201,D63448,2,0
72,D63455,1,0
2444,D63456,1,0
3625,D63462,1,0
9095,D63466,1,0
6057,D63474,1,0
7291,D63479,1,0
4453,D63512,2,0
6645,D63520,1,0
5221,D63538,1,0
4625,D63543,2,0
7740,D63546,2,0
2564,D63550,2,0
6100,D63554,1,0
8755,D63555,2,0
5528,D63565,1,0
5476,D63570,2,0
654,D63572,2,0
1055,D63587,2,0
4965,D63601,2,0
1379,D63609,2,0
9894,D63611,2,0
688,D63621,1,0
3712,D63626,1,0
7760,D63628,1,0
9882,D63629,1,0
971,D63636,1,0
6150,D63666,1,0
3612,D63674,2,0
9707,D63684,2,0
8624,D63696,2,0
9977,D63714,2,0
9115,D63716,2,0
4799,D63737,1,0
1591,D63738,1,0
6261,D63751,2,0
1480,D63769,2,0
7819,D63774,2,0
3729,D63778,1,0
4708,D63782,1,0
8232,D63784,1,0
6766,D63799,1,0
3937,D63807,2,0
9391,D63819,1,0
6449,D63822,2,0
5276,D63833,2,0
292,D63836,2,0
619,D63843,1,0
3309,D63880,2,0
636,D63892,1,0
2618,D63900,1,0
8190,D63905,2,0
7978,D63910,1,0
6105,D63923,1,0
7947,D63924,1,0
7762,D63927,2,0
9374,D63928,2,0
7443,D63943,1,0
1050,D63963,1,0
3478,D63966,1,0
5421,D63984,2,0
4042,D63986,1,0
7376,D63987,2,0
8259,D63990,2,0
4131,D64010,2,0
7699,D64019,1,0
6941,D64029,2,0
5607,D64038,2,0
6937,D64040,1,0
1512,D64052,1,0
5967,D64075,2,0
2306,D64076,2,0
7890,D64082,2,0
2131,D64088,2,0
6651,D64089,1,0
423,D64108,1,0
6125,D64111,1,0
3650,D64119,1,0
2717,D64120,1,0
7167,D64122,1,0
9154,D64135,2,0
5930,D64151,2,0
5651,D64168,2,0
1650,D64183,1,0
9843,D64203,1,0
5968,D64210,2,0
7031,D64214,1,0
4913,D64216,2,0
7284,D64217,2,0
668,D64218,1,0
210,D64219,2,0
7997,D64237,2,0
1599,D64260,2,0
5237,D64264,1,0
4647,D64269,2,0
7090,D64290,2,0
2509,D64293,1,0
371,D64296,1,0
8185,D64302,1,0
9893,D64307,2,0
3524,D64308,2,0
6664,D64317,1,0
9422,D64330,2,0
8156,D64334,2,0
5691,D64351,2,0
8145,D64352,2,0
6904,D64359,1,0
1997,D64369,2,0
3736,D64375,2,0
1056,D64379,1,0
1921,D64392,1,0
7844,D64396,2,0
7116,D64403,1,0
238,D64408,1,0
5624,D64422,1,0
6738,D64439,1,0
9940,D64443,2,0
7001,D64444,1,0
5032,D64452,2,0
8792,D64455,2,0
2455,D64460,2,0
7940,D64468,1,0
1527,D64470,2,0
8458,D64484,1,0
8366,D64492,1,0
4598,D64502,2,0
1192,D64515,2,0
5300,D64516,1,0
419,D64519,2,0
6192,D64523,1,0
8766,D64549,2,0
5124,D64555,1,0
6638,D64569,2,0
4534,D64586,1,0
6084,D64594,1,0
6782,D64602,1,0
3340,D64609,1,0
9342,D64616,2,0
5625,D64637,2,0
6204,D64644,1,0
4690,D64651,1,0
739,D64652,2,0
2555,D64660,2,0
9679,D64668,2,0
5510,D64670,1,0
609,D64671,1,0
4940,D64674,2,0
1354,D64681,2,0
4655,D64693,2,0
4501,D64709,2,0
5160,D64710,2,0
2219,D64723,2,0
4332,D64724,1,0
7265,D64725,2,0
1581,D64728,2,0
639,D64730,2,0
8580,D64739,2,0
5415,D64752,2,0
7285,D64777,1,0
5018,D64781,1,0
1839,D64783,1,0
7623,D64799,2,0
2990,D64820,1,0
7159,D64833,2,0
3640,D64838,1,0
4006,D64843,2,0
3794,D64847,2,0
1988,D64848,2,0
3879,D64854,2,0
9043,D64863,2,0
8098,D64872,1,0
4956,D64878,1,0
8960,D64883,2,0
9687,D64885,1,0
172,D64888,2,0
8661,D64891,2,0
8356,D64895,2,0
4190,D64898,1,0
1979,D64904,2,0
4987,D64908,1,0
4713,D64909,2,0
5258,D64910,1,0
3910,D64927,1,0
7709,D64940,1,0
9269,D64942,1,0
6195,D64955,1,0
6534,D64968,2,0
9098,D64970,2,0
2099,D64979,1,0
3653,D64980,2,0
2890,D64982,1,0
1059,D64986,1,0
8684,D64990,2,0
1773,D65001,2,0
6022,D65003,1,0
4423,D65006,2,0
8338,D65011,1,0
7801,D65014,1,0
2517,D65039,1,0
1357,D65043,2,0
1239,D65046,2,0
1700,D65047,2,0
7585,D65049,2,0
4938,D65053,1,0
9024,D65054,1,0
8031,D65065,2,0
4991,D65074,2,0
3997,D65086,2,0
7821,D65089,2,0
577,D65090,2,0
1080,D65097,2,0
842,D65115,2,0
4630,D65131,1,0
1767,D65139,2,0
8824,D65140,2,0
5747,D65146,1,0
9491,D65162,2,0
1441,D65174,2,0
3500,D65176,2,0
4901,D65178,1,0
1311,D65182,2,0
9031,D65185,2,0
4935,D65189,2,0
9706,D65208,2,0
8908,D65214,2,0
3306,D65216,2,0
635,D65233,2,0
2649,D65239,2,0
851,D65247,2,0
7222,D65248,2,0
5525,D65249,2,0
5425,D65258,2,0
3962,D65268,2,0
5934,D65271,1,0
7017,D65284,1,0
3395,D65288,1,0
716,D65291,1,0
4146,D65324,2,0
2548,D65331,1,0
9112,D65349,2,0
6450,D65353,2,0
7656,D65381,1,0
3289,D65408,2,0
2726,D65413,2,0
5482,D65415,1,0
2816,D65416,1,0
612,D65429,2,0
3081,D65466,1,0
1573,D65472,1,0
3928,D65486,1,0
7659,D65495,2,0
4858,D65496,2,0
8412,D65498,2,0
4478,D65499,1,0
606,D65501,2,0
5463,D65503,1,0
4708,D65504,2,0
2170,D65510,1,0
4562,D65519,2,0
6016,D65521,1,0
1432,D65542,2,0
411,D65544,1,0
8131,D65559,1,0
5878,D65565,2,0
7850,D65568,2,0
1400,D65570,1,0
4875,D65577,2,0
628,D65578,1,0
8767,D65590,2,0
1580,D65593,2,0
3390,D65611,2,0
6797,D65618,2,0
1398,D65639,1,0
5494,D65646,1,0
9527,D65649,1,0
1943,D65655,1,0
6367,D65656,1,0
2674,D65682,2,0
1539,D65717,2,0
2898,D65719,1,0
1784,D65722,1,0
6770,D65725,2,0
7390,D65731,2,0
273,D65735,2,0
4168,D65749,2,0
6149,D65760,2,0
4559,D65761,2,0
8542,D65786,1,0
813,D65793,1,0
7589,D65796,1,0
7915,D65799,2,0
354,D65805,1,0
9666,D65808,1,0
8984,D65811,1,0
9212,D65818,2,0
2554,D65826,2,0
6819,D65830,2,0
255,D65837,2,0
5674,D65855,1,0
3869,D65863,2,0
2642,D65877,1,0
1985,D65878,1,0
6360,D65885,2,0
6683,D65888,1,0
6543,D65889,2,0
9014,D65896,2,0
2190,D65915,1,0
7865,D65920,2,0
8697,D65922,2,0
8838,D65938,1,0
6116,D65962,2,0
2991,D65968,2,0
7211,D65974,2,0
8855,D65980,2,0
4816,D66015,1,0
9786,D66018,1,0
8419,D66020,1,0
4397,D66024,1,0
3585,D66025,1,0
2819,D66026,2,0
3404,D66037,1,0
9522,D66043,1,0
9804,D66044,1,0
7080,D66056,2,0
4469,D66064,2,0
2640,D66067,2,0
2205,D66075,1,0
6868,D66078,2,0
3558,D66084,1,0
4561,D66090,2,0
4305,D66092,1,0
6823,D66123,1,0
7970,D66125,2,0
9436,D66144,2,0
1669,D66147,2,0
3333,D66148,1,0
5208,D66151,2,0
4652,D66154,1,0
1508,D66173,1,0
6656,D66191,2,0
2854,D66192,1,0
3610,D66193,2,0
3693,D66194,2,0
8107,D66215,2,0
688,D66216,2,0
2913,D66220,1,0
128,D66224,1,0
6386,D66238,2,0
4328,D66252,2,0
5131,D66260,2,0
1597,D66268,2,0
5762,D66274,1,0
6961,D66276,2,0
5197,D66277,1,0
9066,D66286,1,0
1638,D66298,2,0
4882,D66299,2,0
9091,D66301,2,0
2140,D66306,1,0
160,D66312,1,0
6739,D66330,2,0
1981,D66334,2,0
8219,D66349,1,0
670,D66357,1,0
4862,D66362,2,0
7240,D66371,2,0
9378,D66373,1,0
5750,D66387,1,0
5942,D66395,1,0
9211,D66401,2,0
9156,D66404,1,0
5238,D66424,2,0
7335,D66452,1,0
6514,D66457,1,0
1434,D66463,1,0
7919,D66476,2,0
8138,D66477,2,0
5465,D66478,2,0
3589,D66493,2,0
1567,D66494,2,0
2448,D66503,1,0
3393,D66516,1,0
1237,D66517,2,0
9699,D66519,2,0
9348,D66532,1,0
8140,D66535,1,0
6247,D66539,1,0
8940,D66544,1,0
8339,D66546,2,0
3742,D66550,2,0
8902,D66552,2,0
4725,D66561,2,0
1253,D66571,2,0
7103,D66581,1,0
5169,D66589,2,0
4557,D66590,1,0
937,D66591,2,0
8603,D66614,1,0
1233,D66615,1,0
7993,D66635,2,0
3378,D66638,2,0
4451,D66643,1,0
4222,D66653,1,0
6498,D66664,1,0
2285,D66676,1,0
5345,D66677,2,0
6927,D66681,2,0
6559,D66682,2,0
4704,D66690,2,0
8550,D66700,1,0
4739,D66703,1,0
4670,D66714,1,0
4225,D66716,1,0
3303,D66725,2,0
7175,D66730,2,0
7422,D66733,1,0
4872,D66734,1,0
8010,D66741,2,0
6242,D66750,1,0
9585,D66760,1,0
945,D66779,2,0
5687,D66792,2,0
4984,D66805,2,0
8378,D66806,1,0
9031,D66841,1,0
3627,D66842,2,0
3318,D66847,2,0
8469,D66858,2,0
2079,D66875,1,0
1137,D66880,1,0
5695,D66883,2,0
5937,D66888,2,0
1616,D66918,1,0
6852,D66920,2,0
4817,D66921,2,0
1551,D66933,2,0
5993,D66953,1,0
624,D66955,1,0
8526,D66958,2,0
114,D66963,1,0
9778,D66978,2,0
3250,D66985,1,0
8093,D66986,2,0
6259,D66997,1,0
7212,D67003,1,0
5856,D67008,1,0
5359,D67011,1,0
2385,D67028,2,0
7129,D67031,2,0
1898,D67033,1,0
7069,D67056,1,0
6986,D67059,1,0
7673,D67067,2,0
9224,D67068,1,0
9982,D67072,2,0
6829,D67073,2,0
6504,D67079,1,0
2659,D67082,1,0
5102,D67083,1,0
1564,D67084,1,0
4468,D67098,1,0
9490,D67105,2,0
1766,D67115,1,0
6606,D67126,1,0
6131,D67133,1,0
8680,D67141,2,0
900,D67142,2,0
8723,D67143,2,0
2391,D67149,1,0
5308,D67151,1,0
1224,D67189,2,0
2417,D67206,1,0
2495,D67209,2,0
5379,D67223,2,0
9471,D67230,1,0
2028,D67261,1,0
4654,D67266,2,0
308,D67269,1,0
7616,D67271,1,0
1844,D67273,2,0
9480,D67278,2,0
6011,D67292,2,0
4396,D67296,2,0
7962,D67299,1,0
501,D67301,2,0
9204,D67303,1,0
1213,D67330,1,0
7923,D67342,1,0
7282,D67352,2,0
3661,D67353,2,0
8376,D67377,2,0
5304,D67397,2,0
8090,D67399,2,0
839,D67405,1,0
4749,D67409,2,0
9568,D67417,2,0
7368,D67425,1,0
1274,D67437,2,0
5007,D67455,1,0
7345,D67462,1,0
8074,D67464,2,0
8722,D67465,2,0
8362,D67475,2,0
6768,D67481,1,0
1610,D67483,2,0
3693,D67498,1,0
5719,D67513,1,0
7427,D67520,2,0
2661,D67534,1,0
7841,D67536,1,0
9737,D67539,2,0
9412,D67558,2,0
6602,D67566,1,0
2665,D67581,2,0
6481,D67583,2,0
4759,D67584,2,0
6510,D67592,1,0
3266,D67600,2,0
9642,D67611,2,0
4489,D67615,1,0
9001,D67624,2,0
3013,D67631,2,0
9140,D67642,1,0
4194,D67648,2,0
2672,D67658,2,0
4153,D67659,1,0
7327,D67664,2,0
4620,D67675,1,0
4670,D67705,2,0
2267,D67707,2,0
403,D67711,1,0
1119,D67713,2,0
8586,D67723,2,0
4893,D67727,1,0
3666,D67734,1,0
8845,D67750,2,0
5331,D67755,2,0
5112,D67769,2,0
3809,D67772,1,0
2867,D67775,2,0
8710,D67797,2,0
615,D67806,1,0
1707,D67816,1,0
917,D67817,2,0
4314,D67827,2,0
6740,D67833,2,0
618,D67844,1,0
3310,D67856,1,0
2566,D67875,1,0
4216,D67888,1,0
3714,D67891,1,0
3281,D67904,2,0
5697,D67908,2,0
5720,D67923,2,0
8495,D67932,2,0
5810,D67936,2,0
2858,D67937,2,0
5110,D67939,1,0
1849,D67941,2,0
9688,D67945,1,0
5682,D67949,2,0
4834,D67963,1,0
748,D67964,2,0
6118,D67967,2,0
8795,D67976,1,0
1266,D67981,1,0
3522,D67989,2,0
7057,D68024,2,0
9284,D68028,2,0
1284,D68037,2,0
8169,D68041,2,0
3662,D68051,2,0
6353,D68061,1,0
6223,D68063,2,0
2714,D68083,1,0
5352,D68097,2,0
5261,D68116,2,0
4094,D68128,1,0
2605,D68132,1,0
1363,D68141,2,0
3497,D68150,2,0
3674,D68155,2,0
705,D68175,2,0
9207,D68180,1,0
2945,D68190,1,0
4036,D68207,1,0
4279,D68209,2,0
1190,D68233,2,0
5181,D68244,2,0
8014,D68254,1,0
6611,D68272,2,0
4345,D68273,2,0
8336,D68297,1,0
346,D68320,1,0
4237,D68326,1,0
1680,D68331,2,0
5251,D68332,2,0
4878,D68333,1,0
407,D68337,2,0
6787,D68342,2,0
9277,D68364,2,0
2212,D68367,1,0
1713,D68372,2,0
7232,D68375,2,0
8240,D68386,1,0
1863,D68388,2,0
9110,D68398,1,0
693,D68400,1,0
2161,D68408,2,0
96,D68410,2,0
2217,D68435,1,0
2243,D68441,2,0
7707,D68474,1,0
5113,D68498,1,0
4729,D68513,2,0
4082,D68517,2,0
3874,D68520,1,0
7169,D68532,1,0
3319,D68539,2,0
9837,D68561,1,0
8258,D68566,1,0
6108,D68581,1,0
5436,D68582,2,0
8461,D68586,1,0
8445,D68587,1,0
5934,D68596,2,0
8699,D68598,1,0
9277,D68612,1,0
1393,D68629,1,0
1210,D68631,1,0
8503,D68648,2,0
4799,D68652,2,0
337,D68653,1,0
9239,D68654,2,0
3234,D68657,1,0
1468,D68658,1,0
355,D68661,1,0
9560,D68662,2,0
5984,D68672,2,0
526,D68677,2,0
8747,D68679,2,0
3468,D68698,1,0
5547,D68702,1,0
4119,D68707,1,0
8092,D68708,1,0
5585,D68709,2,0
2748,D68710,1,0
6507,D68715,2,0
7570,D68716,1,0
5329,D68733,1,0
9048,D68744,2,0
5567,D68746,2,0
5406,D68748,1,0
3632,D68778,2,0
6271,D68793,2,0
3484,D68796,1,0
8566,D68798,2,0
9800,D68805,2,0
5003,D68847,1,0
2919,D68856,2,0
5414,D68874,1,0
437,D68879,2,0
1250,D68887,2,0
7995,D68888,2,0
131,D68896,2,0
8097,D68897,1,0
8051,D68915,2,0
7641,D68922,2,0
6190,D68941,1,0
5242,D68944,1,0
4505,D68950,1,0
7704,D68956,2,0
9228,D68959,1,0
7511,D68973,1,0
2059,D68982,2,0
6292,D68996,2,0
7238,D69006,2,0
4065,D69016,2,0
6786,D69021,2,0
5998,D69034,2,0
5230,D69035,1,0
2563,D69038,2,0
1699,D69050,1,0
6205,D69053,1,0
1449,D69067,2,0
3349,D69069,2,0
9917,D69073,1,0
2937,D69076,1,0
3401,D69090,2,0
7658,D69103,2,0
832,D69106,1,0
476,D69112,1,0
7907,D69118,1,0
3057,D69119,2,0
1227,D69175,2,0
2773,D69176,2,0
4420,D69192,2,0
186,D69195,1,0
9347,D69196,2,0
9576,D69213,2,0
7317,D69216,1,0
2061,D69225,1,0
2199,D69247,1,0
7487,D69254,1,0
4130,D69264,2,0
7206,D69275,2,0
7860,D69282,2,0
9936,D69288,2,0
6762,D69289,1,0
3047,D69295,2,0
3526,D69301,1,0
3686,D69302,2,0
2131,D69313,1,0
4159,D69317,2,0
1726,D69318,1,0
1962,D69326,1,0
8975,D69341,2,0
5343,D69342,2,0
6373,D69343,2,0
2274,D69350,2,0
6717,D69355,1,0
3422,D69374,1,0
9196,D69375,1,0
364,D69381,1,0
3796,D69386,2,0
2820,D69397,2,0
2850,D69402,2,0
863,D69407,2,0
1802,D69427,1,0
1168,D69428,1,0
2648,D69430,1,0
5312,D69432,2,0
207,D69433,2,0
5887,D69436,1,0
6951,D69441,1,0
8399,D69444,2,0
9818,D69449,2,0
797,D69456,2,0
7628,D69468,2,0
5189,D69469,2,0
2324,D69471,2,0
9886,D69472,2,0
1397,D69474,2,0
4990,D69487,2,0
823,D69498,2,0
6698,D69526,2,0
8272,D69534,1,0
9583,D69540,2,0
5768,D69541,1,0
6668,D69550,1,0
3902,D69553,1,0
474,D69556,1,0
5316,D69590,2,0
3523,D69602,2,0
3260,D69625,1,0
9044,D69645,2,0
7819,D69647,1,0
2337,D69653,2,0
1460,D69661,1,0
6957,D69678,1,0
520,D69686,1,0
674,D69688,1,0
9284,D69693,1,0
7087,D69703,2,0
8290,D69708,2,0
541,D69710,2,0
3807,D69714,1,0
5840,D69720,2,0
4465,D69721,1,0
1254,D69727,2,0
7475,D69738,2,0
8202,D69756,2,0
5819,D69758,1,0
6351,D69766,1,0
1463,D69769,1,0
6694,D69777,2,0
8796,D69778,2,0
6289,D69781,2,0
7061,D69784,2,0
9405,D69808,1,0
4664,D69815,2,0
3586,D69816,2,0
1007,D69829,1,0
2327,D69840,1,0
3132,D69842,2,0
7883,D69844,2,0
2143,D69849,1,0
6806,D69850,2,0
722,D69851,1,0
9986,D69865,2,0
186,D69883,2,0
6612,D69914,2,0
8539,D69919,1,0
9241,D69927,2,0
1475,D69954,2,0
3622,D69957,2,0
7634,D69963,2,0
6299,D69967,1,0
9595,D69969,1,0
8693,D69972,2,0
3685,D69990,2,0
8847,D69992,1,0
3397,D70018,1,0
8587,D70029,2,0
4306,D70060,1,0
1171,D70090,2,0
6492,D70100,2,0
5871,D70112,2,0
7661,D70126,1,0
199,D70129,1,0
1916,D70146,2,0
7137,D70151,2,0
1159,D70182,2,0
6196,D70194,1,0
5147,D70198,2,0
9114,D70211,2,0
2265,D70216,2,0
2475,D70219,2,0
8293,D70233,1,0
5332,D70238,2,0
1967,D70240,2,0
6567,D70246,2,0
7355,D70256,1,0
2173,D70273,2,0
5478,D70275,1,0
7885,D70282,1,0
8733,D70284,1,0
3429,D70289,1,0
2665,D70294,1,0
5196,D70298,2,0
6160,D70320,2,0
9822,D70333,2,0
9275,D70334,1,0
9747,D70335,1,0
8150,D70338,2,0
3050,D70342,2,0
1623,D70355,1,0
798,D70367,2,0
1687,D70372,2,0
468,D70382,2,0
7207,D70392,2,0
3960,D70394,1,0
5624,D70402,2,0
7537,D70411,2,0
5279,D70418,2,0
1645,D70430,2,0
9817,D70436,1,0
9580,D70441,2,0
3208,D70458,1,0
8624,D70465,1,0
9853,D70474,2,0
8045,D70491,1,0
3361,D70512,2,0
4789,D70535,2,0
5914,D70540,2,0
6975,D70546,2,0
3178,D70560,1,0
6983,D70565,1,0
904,D70581,1,0
4359,D70629,1,0
5313,D70633,2,0
6338,D70638,2,0
2365,D70676,1,0
460,D70678,2,0
9484,D70697,2,0
6547,D70738,2,0
6604,D70740,2,0
6572,D70763,1,0
789,D70771,1,0
8517,D70774,2,0
2342,D70781,2,0
5911,D70802,2,0
7961,D70807,2,0
1220,D70812,1,0
8000,D70814,1,0
2142,D70815,2,0
2481,D70831,2,0
6439,D70836,1,0
4471,D70839,1,0
8670,D70843,1,0
6733,D70845,2,0
3891,D70859,2,0
161,D70869,2,0
2824,D70883,2,0
5641,D70902,1,0
8,D70903,2,0
6869,D70909,2,0
4747,D70917,2,0
5434,D70930,1,0
238,D70953,2,0
5179,D70967,2,0
965,D70976,2,0
712,D70982,1,0
1346,D70988,2,0
4648,D71001,2,0
720,D71007,2,0
6250,D71010,2,0
1561,D71015,2,0
7882,D71038,2,0
701,D71041,1,0
967,D71054,2,0
8111,D71055,1,0
2944,D71070,2,0
4530,D71075,1,0
7581,D71077,1,0
5287,D71078,1,0
7911,D71079,1,0
6581,D71083,1,0
715,D71088,2,0
2146,D71101,2,0
6516,D71108,1,0
9054,D71119,2,0
598,D71120,2,0
494,D71127,2,0
8891,D71128,2,0
6274,D71131,1,0
65,D71143,1,0
4286,D71144,2,0
723,D71149,1,0
9501,D71155,1,0
1092,D71166,1,0
7522,D71175,1,0
7899,D71176,1,0
3389,D71181,2,0
9774,D71229,2,0
4776,D71241,1,0
2426,D71251,2,0
3555,D71266,1,0
6368,D71276,2,0
2653,D71280,2,0
8960,D71316,1,0
905,D71322,1,0
4758,D71324,2,0
3036,D71335,1,0
5117,D71339,1,0
8692,D71340,2,0
2435,D71347,2,0
3000,D71352,2,0
1605,D71364,1,0
1858,D71367,2,0
5669,D71372,2,0
6440,D71374,2,0
8364,D71385,1,0
9222,D71393,2,0
7086,D71414,2,0
1,D71421,1,0
2329,D71424,1,0
1679,D71432,1,0
5261,D71438,1,0
5296,D71440,2,0
7234,D71449,1,0
2161,D71455,1,0
3473,D71457,1,0
6747,D71460,2,0
1224,D71464,1,0
4352,D71486,1,0
2343,D71490,2,0
2753,D71492,2,0
6122,D71498,2,0
6400,D71504,2,0
7093,D71519,2,0
8681,D71531,1,0
9318,D71549,2,0
8768,D71560,1,0
3056,D71564,2,0
815,D71573,2,0
7309,D71583,1,0
2316,D71587,1,0
6442,D71590,1,0
3302,D71596,1,0
8750,D71606,2,0
986,D71608,1,0
8306,D71609,2,0
4641,D71624,1,0
7460,D71627,2,0
3624,D71636,1,0
8920,D71647,2,0
8530,D71650,2,0
3633,D71654,2,0
1002,D71667,2,0
2376,D71679,2,0
6767,D71688,1,0
1901,D71706,1,0
8540,D71714,2,0
8850,D71721,2,0
1451,D71722,1,0
4692,D71731,2,0
8132,D71734,2,0
2336,D71748,2,0
1529,D71757,2,0
843,D71765,2,0
3427,D71769,2,0
2815,D71772,2,0
5126,D71775,2,0
8179,D71786,2,0
6965,D71787,2,0
7205,D71788,2,0
3249,D71800,2,0
7698,D71841,2,0
3729,D71859,2,0
993,D71867,2,0
1144,D71889,1,0
4210,D71891,2,0
7135,D71908,1,0
5154,D71911,2,0
1225,D71927,2,0
5344,D71935,2,0
9455,D71936,2,0
5885,D71942,2,0
9417,D71943,2,0
6208,D71944,1,0
4629,D71959,1,0
20,D71971,2,0
992,D71988,2,0
428,D72006,2,0
7212,D72012,2,0
4138,D72021,2,0
9838,D72028,2,0
1716,D72029,2,0
4144,D72032,2,0
8120,D72042,2,0
4380,D72053,1,0
4748,D72072,1,0
8745,D72097,2,0
7864,D72102,1,0
5335,D72119,2,0
2883,D72123,2,0
6946,D72136,2,0
1306,D72138,2,0
1586,D72141,2,0
3821,D72149,2,0
4860,D72158,1,0
4524,D72160,1,0
5457,D72166,1,0
3942,D72167,2,0
3945,D72177,2,0
9409,D72190,2,0
6809,D72195,1,0
7055,D72196,1,0
2660,D72198,2,0
8429,D72217,1,0
1369,D72218,2,0
7065,D72250,2,0
2137,D72257,2,0
9249,D72269,2,0
2339,D72276,1,0
9735,D72283,2,0
6705,D72285,2,0
3748,D72290,2,0
7118,D72313,1,0
4362,D72317,2,0
8309,D72327,2,0
4102,D72335,2,0
113,D72347,1,0
968,D72350,2,0
3089,D72353,1,0
9665,D72360,1,0
5534,D72363,2,0
362,D72380,1,0
5153,D72391,1,0
9416,D72427,1,0
5879,D72466,1,0
2443,D72499,2,0
7046,D72506,2,0
1800,D72508,2,0
3347,D72518,1,0
5493,D72558,2,0
594,D72561,2,0
3852,D72585,2,0
5828,D72599,1,0
3649,D72603,2,0
1547,D72610,1,0
1226,D72615,2,0
289,D72621,2,0
1896,D72623,2,0
2467,D72628,1,0
9765,D72641,2,0
9899,D72649,1,0
5382,D72650,1,0
5449,D72654,2,0
9667,D72656,1,0
9073,D72658,1,0
4947,D72661,1,0
1237,D72683,1,0
2182,D72689,1,0
2564,D72691,1,0
5094,D72696,1,0
37,D72700,2,0
9189,D72715,2,0
5712,D72729,2,0
4897,D72734,2,0
4744,D72742,1,0
4703,D72745,2,0
6480,D72748,2,0
4766,D72757,2,0
4683,D72760,1,0
7512,D72768,2,0
1394,D72769,1,0
2358,D72779,1,0
2139,D72784,2,0
7869,D72799,1,0
1585,D72804,2,0
5853,D72834,2,0
6496,D72857,2,0
7439,D72868,2,0
8546,D72880,1,0
7511,D72881,2,0
1310,D72883,2,0
1422,D72891,1,0
9040,D72897,1,0
9984,D72903,2,0
9607,D72904,2,0
2271,D72911,2,0
3487,D72919,1,0
6726,D72924,1,0
7186,D72931,1,0
4557,D72946,2,0
9100,D72949,2,0
3011,D72964,2,0
6917,D72969,2,0
9199,D72980,2,0
7730,D72981,1,0
3341,D72982,2,0
2292,D72995,1,0
2451,D73002,1,0
1090,D73003,2,0
9423,D73012,1,0
8662,D73032,1,0
3845,D73043,2,0
354,D73084,2,0
8736,D73110,1,0
6762,D73112,2,0
522,D73119,2,0
1493,D73125,1,0
468,D73129,1,0
1953,D73135,2,0
5266,D73141,2,0
8355,D73142,1,0
9018,D73143,1,0
6224,D73145,1,0
8128,D73180,2,0
4168,D73197,1,0
3183,D73207,2,0
7290,D73220,2,0
4395,D73223,1,0
2375,D73238,2,0
3119,D73245,1,0
7148,D73249,1,0
3623,D73278,1,0
4433,D73282,1,0
4888,D73292,2,0
7079,D73296,1,0
9587,D73305,1,0
8183,D73340,1,0
9640,D73344,2,0
8805,D73356,2,0
663,D73357,2,0
908,D73362,1,0
9361,D73370,1,0
7058,D73379,2,0
6924,D73392,1,0
9755,D73408,1,0
1622,D73411,1,0
9296,D73413,1,0
6896,D73425,1,0
1895,D73430,2,0
2715,D73432,1,0
6024,D73463,2,0
9187,D73485,2,0
9471,D73527,2,0
2907,D73528,2,0
3305,D73534,2,0
2606,D73536,1,0
8223,D73554,1,0
283,D73574,1,0
5335,D73575,1,0
6993,D73577,2,0
5278,D73578,2,0
2080,D73580,2,0
406,D73584,2,0
4564,D73597,1,0
7935,D73613,2,0
1430,D73619,2,0
4335,D73626,1,0
7138,D73656,2,0
5844,D73659,2,0
1423,D73681,2,0
2319,D73685,1,0
4870,D73687,1,0
9427,D73688,1,0
4405,D73690,2,0
5918,D73694,1,0
6141,D73702,2,0
9675,D73705,2,0
7059,D73723,2,0
2699,D73732,2,0
3448,D73738,2,0
5398,D73741,2,0
3778,D73746,2,0
4653,D73750,2,0
2695,D73759,2,0
6932,D73764,2,0
748,D73766,1,0
8380,D73774,1,0
8252,D73783,1,0
3362,D73786,1,0
884,D73797,2,0
130,D73806,2,0
2192,D73809,2,0
6390,D73813,2,0
2063,D73827,1,0
4270,D73828,2,0
5084,D73831,1,0
298,D73834,2,0
7082,D73842,2,0
5054,D73864,1,0
5383,D73874,1,0
5174,D73875,2,0
9136,D73876,1,0
5790,D73885,1,0
8267,D73888,1,0
6959,D73906,1,0
5586,D73908,1,0
3358,D73912,2,0
3446,D73917,2,0
2264,D73923,2,0
8715,D73927,2,0
7562,D73948,2,0
6256,D73953,1,0
7458,D73964,1,0
7391,D73968,2,0
4663,D73969,2,0
4878,D73993,2,0
5823,D73995,2,0
1565,D74017,2,0
6123,D74023,2,0
2067,D74032,1,0
3761,D74034,1,0
4912,D74036,1,0
4614,D74062,2,0
4122,D74066,1,0
5354,D74069,1,0
2312,D74075,2,0
9725,D74080,2,0
3585,D74082,2,0
5631,D74093,1,0
8719,D74100,1,0
8382,D74110,2,0
6083,D74124,2,0
6991,D74128,1,0
7761,D74133,2,0
4852,D74142,1,0
8047,D74149,1,0
368,D74153,1,0
5125,D74155,1,0
2239,D74156,2,0
3944,D74166,2,0
4969,D74177,1,0
58,D74181,2,0
2424,D74191,2,0
4304,D74202,1,0
3398,D74206,1,0
5849,D74221,1,0
9067,D74238,2,0
3581,D74240,1,0
9335,D74241,1,0
6634,D74254,1,0
8845,D74264,1,0
1792,D74276,2,0
8546,D74277,2,0
3273,D74280,2,0
6181,D74289,2,0
2476,D74291,2,0
4331,D74309,1,0
558,D74328,1,0
6979,D74335,1,0
7595,D74343,1,0
182,D74349,2,0
767,D74359,1,0
9895,D74377,1,0
8926,D74381,2,0
7183,D74385,1,0
4514,D74393,2,0
4973,D74394,1,0
1841,D74401,2,0
901,D74402,2,0
7400,D74407,1,0
5353,D74411,2,0
9548,D74413,2,0
3891,D74431,1,0
1390,D74435,1,0
2450,D74443,2,0
2169,D74450,2,0
7010,D74460,2,0
9349,D74468,2,0
6710,D74471,2,0
9431,D74478,2,0
7756,D74495,2,0
3056,D74504,1,0
3449,D74517,1,0
5014,D74518,2,0
9747,D74532,2,0
8633,D74543,2,0
6904,D74549,2,0
3588,D74557,2,0
7157,D74569,2,0
3101,D74574,2,0
7542,D74588,1,0
8050,D74595,2,0
4339,D74599,2,0
2428,D74612,2,0
8102,D74613,2,0
601,D74627,2,0
3916,D74665,1,0
826,D74668,2,0
3614,D74687,2,0
8252,D74688,2,0
5049,D74691,2,0
296,D74704,2,0
167,D74739,2,0
328,D74743,2,0
7367,D74746,2,0
2416,D74756,2,0
6848,D74757,2,0
2206,D74763,1,0
3894,D74777,1,0
151,D74779,2,0
5527,D74780,2,0
7104,D74794,1,0
9555,D74795,2,0
1948,D74796,2,0
8245,D74799,1,0
6160,D74803,1,0
5856,D74810,2,0
6049,D74811,2,0
1701,D74812,1,0
9345,D74813,2,0
5644,D74826,1,0
6477,D74827,1,0
1673,D74829,1,0
4566,D74841,2,0
5223,D74842,1,0
6535,D74844,2,0
2701,D74845,1,0
8341,D74850,1,0
4791,D74854,1,0
8576,D74867,1,0
9535,D74878,1,0
8601,D74899,2,0
1329,D74909,1,0
2955,D74912,2,0
1642,D74937,2,0
2234,D74948,2,0
439,D74968,2,0
8457,D74976,2,0
9036,D75002,2,0
1194,D75014,1,0
7414,D75037,1,0
5802,D75047,2,0
1662,D75051,2,0
2873,D75055,2,0
5125,D75060,2,0
6294,D75062,2,0
2508,D75074,2,0
8895,D75076,2,0
4946,D75082,1,0
9457,D75088,2,0
3972,D75093,2,0
7723,D75094,1,0
2167,D75100,2,0
3357,D75119,2,0
9117,D75121,2,0
9729,D75129,2,0
3958,D75134,2,0
6736,D75135,1,0
1154,D75147,1,0
152,D75156,1,0
9602,D75160,2,0
7624,D75195,1,0
2060,D75200,1,0
9407,D75201,2,0
6101,D75202,1,0
3322,D75209,1,0
3491,D75212,2,0
3752,D75216,1,0
8491,D75223,1,0
7920,D75224,1,0
3481,D75229,1,0
7640,D75231,2,0
9255,D75248,2,0
370,D75262,1,0
2633,D75269,2,0
9426,D75274,2,0
8130,D75299,1,0
7450,D75319,2,0
4355,D75326,2,0
220,D75329,2,0
2075,D75361,2,0
4577,D75363,1,0
4277,D75364,2,0
9089,D75368,2,0
3050,D75371,1,0
9872,D75377,2,0
2687,D75380,2,0
5206,D75387,2,0
1364,D75394,2,0
9246,D75411,2,0
2398,D75412,2,0
2016,D75417,2,0
6243,D75420,1,0
7495,D75438,1,0
5770,D75443,1,0
2735,D75466,1,0
1459,D75467,1,0
6695,D75475,2,0
1349,D75476,1,0
116,D75480,2,0
1412,D75488,1,0
1283,D75489,1,0
5082,D75496,2,0
144,D75498,2,0
6593,D75510,2,0
1124,D75536,2,0
4354,D75547,1,0
1782,D75553,1,0
4667,D75559,2,0
2932,D75577,1,0
642,D75593,1,0
1586,D75597,1,0
5442,D75614,2,0
1746,D75619,1,0
9900,D75621,2,0
3579,D75633,1,0
560,D75652,1,0
208,D75656,1,0
6480,D75657,1,0
14,D75673,1,0
9172,D75678,2,0
2957,D75684,1,0
4864,D75691,1,0
8336,D75694,2,0
8777,D75699,2,0
6888,D75700,1,0
19,D75736,1,0
9942,D75745,2,0
9954,D75750,1,0
3366,D75757,2,0
7712,D75774,2,0
9366,D75778,2,0
5033,D75782,1,0
2796,D75788,2,0
2562,D75789,1,0
7783,D75807,2,0
396,D75809,1,0
8724,D75810,1,0
3423,D75816,2,0
3452,D75840,2,0
3039,D75844,2,0
3880,D75854,2,0
6563,D75859,1,0
367,D75860,1,0
1799,D75869,2,0
6865,D75872,2,0
8871,D75878,1,0
3766,D75881,2,0
4234,D75888,1,0
3425,D75892,1,0
7245,D75910,2,0
8384,D75912,1,0
6225,D75921,1,0
9756,D75924,1,0
6878,D75944,2,0
3897,D75947,1,0
9540,D75965,1,0
480,D75969,2,0
5260,D75972,2,0
8994,D75976,2,0
9453,D75984,1,0
7979,D75995,1,0
1465,D76008,2,0
4828,D76048,2,0
6274,D76058,2,0
925,D76060,1,0
9732,D76074,2,0
2290,D76077,1,0
5061,D76090,2,0
6554,D76094,2,0
3212,D76098,1,0
8782,D76118,2,0
8062,D76135,2,0
6520,D76146,1,0
7416,D76171,1,0
5479,D76174,1,0
775,D76179,1,0
8682,D76191,2,0
7601,D76203,2,0
6951,D76206,2,0
98,D76211,1,0
8703,D76234,1,0
6821,D76237,1,0
13,D76239,2,0
8042,D76255,1,0
9396,D76284,2,0
8648,D76291,2,0
6587,D76295,1,0
6046,D76298,2,0
3128,D76311,2,0
3818,D76318,2,0
1013,D76328,1,0
3724,D76334,2,0
2671,D76342,1,0
9538,D76353,1,0
124,D76383,1,0
2759,D76391,2,0
1649,D76399,1,0
6233,D76404,1,0
9418,D76407,2,0
1633,D76416,2,0
972,D76422,2,0
6639,D76425,2,0
2636,D76426,2,0
1483,D76430,2,0
1455,D76453,2,0
1232,D76454,1,0
730,D76458,2,0
3446,D76464,1,0
9522,D76476,2,0
1675,D76499,2,0
4313,D76518,2,0
6167,D76519,2,0
3031,D76525,1,0
6080,D76535,1,0
5579,D76537,1,0
4086,D76549,2,0
7852,D76551,2,0
5843,D76565,2,0
8561,D76580,2,0
1595,D76587,1,0
2364,D76590,2,0
1278,D76592,2,0
5339,D76602,1,0
8809,D76605,2,0
7461,D76607,1,0
8258,D76613,2,0
4378,D76615,2,0
5042,D76627,1,0
7399,D76636,2,0
4329,D76649,1,0
4681,D76661,2,0
3077,D76676,2,0
3989,D76683,1,0
1975,D76686,2,0
7813,D76690,2,0
9686,D76691,2,0
7143,D76693,2,0
6406,D76703,1,0
2864,D76714,2,0
6513,D76718,2,0
5646,D76727,2,0
3227,D76734,2,0
5512,D76737,2,0
3426,D76738,2,0
6156,D76760,2,0
9508,D76777,1,0
8681,D76787,2,0
7338,D76794,2,0
792,D76803,1,0
3689,D76804,2,0
8980,D76815,2,0
8618,D76818,2,0
9017,D76819,1,0
5679,D76827,2,0
8369,D76831,1,0
68,D76833,1,0
429,D76850,1,0
663,D76852,1,0
3854,D76853,1,0
4537,D76855,2,0
941,D76866,2,0
9836,D76867,2,0
8421,D76871,2,0
9799,D76890,2,0
8187,D76904,2,0
1755,D76909,1,0
26,D76931,1,0
602,D76937,1,0
6469,D76940,2,0
8903,D76952,2,0
3153,D76953,2,0
3856,D76968,1,0
6022,D76971,2,0
7425,D76984,2,0
9871,D76995,1,0
9539,D77022,2,0
2830,D77042,2,0
5785,D77070,2,0
3861,D77109,1,0
5550,D77117,2,0
9943,D77129,2,0
6038,D77150,2,0
3901,D77154,1,0
6918,D77160,2,0
9552,D77167,1,0
6892,D77168,2,0
8679,D77185,1,0
9316,D77186,1,0
3877,D77188,2,0
6482,D77199,2,0
3926,D77202,2,0
7110,D77207,1,0
1100,D77208,1,0
3728,D77214,2,0
2746,D77238,2,0
7454,D77246,2,0
4885,D77273,1,0
5778,D77278,1,0
6251,D77281,2,0
1382,D77323,1,0
850,D77335,1,0
6684,D77341,1,0
5310,D77355,1,0
4142,D77360,2,0
9261,D77362,2,0
9644,D77385,1,0
620,D77397,1,0
5357,D77403,1,0
9293,D77417,2,0
7121,D77436,2,0
421,D77463,1,0
1246,D77467,2,0
5518,D77470,1,0
960,D77476,2,0
9589,D77482,1,0
3442,D77484,2,0
2349,D77504,1,0
2541,D77513,2,0
3912,D77521,1,0
1018,D77524,2,0
5012,D77531,2,0
7127,D77547,2,0
759,D77551,2,0
7843,D77556,1,0
7100,D77558,2,0
9033,D77560,1,0
5065,D77562,1,0
2954,D77568,2,0
8636,D77570,1,0
1092,D77571,2,0
825,D77593,2,0
2800,D77596,2,0
466,D77605,2,0
4743,D77616,1,0
2204,D77617,1,0
2620,D77620,2,0
8733,D77627,2,0
9324,D77632,2,0
8929,D77633,1,0
9680,D77650,1,0
4683,D77651,2,0
4216,D77662,2,0
8807,D77673,2,0
5178,D77675,1,0
9064,D77687,2,0
7898,D77691,2,0
1027,D77703,2,0
9425,D77709,2,0
8406,D77711,2,0
6535,D77712,1,0
8264,D77728,1,0
2764,D77738,2,0
3739,D77756,2,0
8890,D77762,2,0
6874,D77770,1,0
2851,D77808,2,0
9924,D77811,2,0
7604,D77820,2,0
6763,D77841,1,0
2649,D77861,1,0
4566,D77867,1,0
969,D77869,1,0
6999,D77878,2,0
5665,D77881,2,0
5746,D77886,1,0
5716,D77890,2,0
8086,D77895,2,0
7365,D77902,2,0
5326,D77905,1,0
9346,D77912,2,0
372,D77913,2,0
335,D77914,1,0
3830,D77928,1,0
3655,D77945,1,0
5219,D77949,2,0
5257,D77964,1,0
8685,D77968,1,0
1207,D77971,2,0
4319,D77973,2,0
2318,D77982,2,0
2738,D77996,1,0
5300,D78006,2,0
458,D78007,1,0
4442,D78015,2,0
6915,D78017,1,0
2906,D78022,2,0
592,D78034,2,0
989,D78054,2,0
2433,D78070,1,0
2201,D78071,2,0
4212,D78080,2,0
2726,D78084,1,0
2364,D78086,1,0
7146,D78088,1,0
5977,D78089,1,0
1570,D78092,1,0
9372,D78104,2,0
1249,D78122,2,0
3296,D78127,1,0
99,D78131,1,0
5824,D78140,2,0
9572,D78157,2,0
9717,D78167,1,0
1510,D78168,1,0
8182,D78172,2,0
3853,D78173,1,0
461,D78177,2,0
8325,D78184,1,0
1714,D78191,2,0
2567,D78200,2,0
5144,D78201,2,0
3943,D78208,1,0
9137,D78211,1,0
1046,D78219,2,0
5026,D78223,1,0
5121,D78250,2,0
7449,D78267,2,0
2361,D78268,1,0
1818,D78275,1,0
6719,D78278,2,0
9297,D78285,2,0
1795,D78298,1,0
5198,D78303,2,0
3060,D78305,2,0
3403,D78348,1,0
6572,D78349,2,0
6362,D78356,1,0
903,D78364,1,0
8393,D78394,2,0
4982,D78399,1,0
7492,D78416,1,0
3753,D78417,1,0
3326,D78422,2,0
1527,D78423,1,0
9033,D78427,2,0
1968,D78430,2,0
2142,D78432,1,0
5040,D78441,2,0
5404,D78449,1,0
2887,D78457,1,0
1751,D78476,2,0
465,D78484,1,0
6201,D78494,2,0
3584,D78506,1,0
5753,D78512,1,0
5139,D78517,2,0
1842,D78518,1,0
375,D78528,2,0
4766,D78536,1,0
7106,D78537,1,0
4087,D78544,1,0
6580,D78552,2,0
3408,D78559,2,0
5519,D78560,1,0
9118,D78573,2,0
6103,D78575,2,0
5323,D78581,1,0
3678,D78585,2,0
6853,D78588,1,0
5543,D78601,1,0
8947,D78603,1,0
4404,D78607,2,0
8753,D78611,1,0
4494,D78623,1,0
3811,D78624,2,0
9938,D78659,2,0
7701,D78665,1,0
4785,D78677,1,0
7412,D78685,2,0
7804,D78687,1,0
9266,D78694,2,0
4188,D78706,2,0
3058,D78707,2,0
938,D78710,1,0
8091,D78711,1,0
2410,D78716,1,0
8443,D78727,1,0
2018,D78737,1,0
7985,D78738,2,0
9171,D78740,1,0
6032,D78753,1,0
8885,D78767,2,0
9265,D78770,1,0
9049,D78772,2,0
2162,D78786,2,0
1652,D78791,1,0
1931,D78798,2,0
8422,D78814,2,0
448,D78818,1,0
8334,D78832,2,0
8247,D78837,1,0
4093,D78842,2,0
1911,D78847,1,0
5111,D78856,2,0
3779,D78875,2,0
4509,D78888,1,0
8964,D78891,1,0
9153,D78898,1,0
2643,D78903,1,0
253,D78906,2,0
6856,D78914,2,0
5564,D78922,2,0
843,D78927,1,0
3221,D78947,1,0
7126,D78948,2,0
4715,D78963,2,0
7342,D78982,2,0
800,D78987,1,0
6843,D79019,2,0
6605,D79020,2,0
6842,D79027,2,0
5950,D79068,2,0
3782,D79091,1,0
9359,D79098,2,0
3635,D79110,1,0
7931,D79122,1,0
8669,D79134,1,0
1122,D79135,2,0
1491,D79142,2,0
943,D79143,1,0
8214,D79145,1,0
5588,D79147,1,0
2761,D79148,2,0
2345,D79150,2,0
3563,D79158,1,0
7239,D79161,2,0
6018,D79181,2,0
2668,D79188,2,0
6133,D79192,2,0
3337,D79204,2,0
1864,D79218,1,0
7963,D79225,2,0
3286,D79244,2,0
1146,D79246,2,0
8878,D79254,2,0
7404,D79256,2,0
7130,D79279,1,0
8863,D79281,2,0
3548,D79289,2,0
1319,D79292,2,0
9288,D79310,2,0
1413,D79355,1,0
1502,D79358,2,0
5439,D79368,1,0
8266,D79369,2,0
4439,D79370,2,0
6733,D79374,1,0
5773,D79395,2,0
6180,D79412,2,0
610,D79422,2,0
6939,D79425,2,0
459,D79427,1,0
3836,D79428,2,0
2341,D79434,2,0
5413,D79469,1,0
5174,D79475,1,0
8476,D79485,1,0
2465,D79498,2,0
3190,D79509,1,0
8065,D79518,2,0
1520,D79533,1,0
7732,D79538,1,0
7331,D79546,1,0
2410,D79555,2,0
3975,D79565,1,0
5980,D79568,2,0
4898,D79577,1,0
3119,D79582,2,0
7034,D79591,2,0
9620,D79600,2,0
8675,D79615,1,0
9134,D79617,2,0
4584,D79618,2,0
1602,D79652,1,0
1428,D79658,2,0
1724,D79666,2,0
6667,D79684,2,0
3459,D79692,2,0
7900,D79695,2,0
1375,D79700,2,0
7268,D79730,2,0
9447,D79750,1,0
6898,D79751,1,0
5375,D79763,1,0
4464,D79768,2,0
508,D79770,1,0
2912,D79802,2,0
5371,D79820,1,0
2430,D79826,1,0
2924,D79829,1,0
5698,D79837,1,0
4701,D79841,2,0
4047,D79844,2,0
5257,D79848,2,0
6221,D79854,2,0
7352,D79859,1,0
7280,D79860,2,0
1142,D79863,2,0
8658,D79869,2,0
4983,D79882,1,0
503,D79886,1,0
5662,D79904,2,0
9487,D79925,2,0
1994,D79929,2,0
409,D79949,2,0
6074,D79951,2,0
6179,D79959,2,0
3328,D79971,1,0
7838,D79981,1,0
9420,D79987,1,0
1539,D80002,1,0
5647,D80009,2,0
6754,D80013,2,0
7530,D80014,2,0
8825,D80031,2,0
3661,D80043,1,0
6093,D80049,1,0
5586,D80059,2,0
7653,D80067,2,0
6792,D80069,1,0
2730,D80074,1,0
1186,D80076,2,0
1848,D80084,2,0
2813,D80113,2,0
3676,D80115,2,0
8744,D80117,2,0
2133,D80119,1,0
8357,D80121,2,0
8008,D80144,2,0
3863,D80155,2,0
7723,D80185,2,0
5982,D80211,1,0
3339,D80225,2,0
9069,D80227,1,0
4077,D80230,1,0
7521,D80236,2,0
1950,D80238,1,0
7888,D80240,2,0
2697,D80243,2,0
3549,D80246,2,0
381,D80251,2,0
6315,D80254,2,0
2255,D80256,2,0
765,D80268,1,0
4385,D80277,2,0
2263,D80278,1,0
6475,D80282,2,0
9599,D80298,1,0
9638,D80310,1,0
9191,D80316,1,0
3970,D80325,1,0
882,D80327,1,0
629,D80329,2,0
7614,D80332,2,0
80,D80336,2,0
1420,D80345,1,0
9569,D80346,1,0
5902,D80386,1,0
4014,D80404,1,0
6765,D80409,2,0
9752,D80423,2,0
3847,D80446,1,0
2441,D80452,1,0
1769,D80486,2,0
2409,D80494,1,0
3265,D80495,1,0
2258,D80498,1,0
645,D80505,1,0
4449,D80512,2,0
7959,D80529,1,0
2981,D80533,2,0
3408,D80537,1,0
6506,D80544,2,0
6169,D80573,2,0
6728,D80575,2,0
69,D80608,2,0
3616,D80613,2,0
3646,D80621,1,0
676,D80626,2,0
3700,D80643,1,0
8586,D80647,1,0
9957,D80654,1,0
2309,D80668,1,0
443,D80669,1,0
3571,D80705,1,0
3675,D80732,2,0
2880,D80734,2,0
358,D80746,1,0
1396,D80753,1,0
1031,D80762,2,0
3485,D80784,2,0
340,D80785,2,0
3391,D80822,2,0
4527,D80833,2,0
6444,D80834,2,0
5525,D80848,1,0
8496,D80857,1,0
8497,D80861,2,0
2069,D80863,1,0
2579,D80882,2,0
8428,D80891,2,0
2500,D80901,2,0
7073,D80904,1,0
9046,D80908,1,0
3081,D80912,2,0
4580,D80946,2,0
4240,D80948,2,0
1109,D80953,1,0
951,D80970,2,0
8260,D80977,2,0
7445,D80987,2,0
2388,D81002,1,0
4223,D81003,1,0
6162,D81004,2,0
1330,D81040,2,0
8969,D81042,2,0
1130,D81046,1,0
5088,D81052,1,0
1973,D81061,2,0
397,D81070,2,0
8743,D81073,2,0
6841,D81087,2,0
4455,D81110,2,0
5142,D81113,2,0
3514,D81135,2,0
9238,D81149,2,0
7929,D81159,1,0
1016,D81183,1,0
7195,D81203,1,0
7730,D81222,2,0
2013,D81226,2,0
3705,D81227,2,0
8148,D81228,2,0
2355,D81229,2,0
8696,D81234,2,0
6982,D81247,2,0
5696,D81249,2,0
243,D81250,1,0
1500,D81259,1,0
3023,D81260,1,0
2687,D81268,1,0
5136,D81287,2,0
7741,D81297,2,0
7139,D81302,2,0
3876,D81308,1,0
3755,D81311,2,0
966,D81328,1,0
9825,D81336,1,0
1400,D81368,2,0
3225,D81374,1,0
8731,D81393,1,0
6189,D81405,2,0
1070,D81411,1,0
6020,D81414,2,0
9389,D81429,1,0
2166,D81434,2,0
5787,D81447,1,0
6270,D81460,2,0
2490,D81490,2,0
4684,D81491,2,0
6614,D81492,2,0
7584,D81493,1,0
5820,D81507,2,0
6614,D81525,1,0
2259,D81527,2,0
1771,D81538,2,0
661,D81539,2,0
626,D81558,1,0
4676,D81573,1,0
5076,D81584,2,0
551,D81590,1,0
2032,D81612,2,0
8262,D81614,1,0
5572,D81630,2,0
7216,D81635,2,0
5254,D81640,2,0
540,D81641,2,0
5787,D81642,2,0
703,D81643,2,0
3489,D81650,2,0
8743,D81662,1,0
346,D81663,2,0
5486,D81668,2,0
4064,D81676,2,0
877,D81684,2,0
3966,D81690,1,0
9298,D81691,2,0
1646,D81709,2,0
2785,D81726,1,0
1368,D81737,1,0
9096,D81738,2,0
7666,D81751,2,0
2718,D81754,2,0
9564,D81758,1,0
2747,D81763,2,0
7225,D81796,2,0
8839,D81797,1,0
8108,D81809,2,0
3202,D81816,1,0
4102,D81828,1,0
7070,D81833,2,0
1037,D81838,1,0
160,D81841,2,0
1029,D81842,2,0
5464,D81851,1,0
9697,D81862,2,0
8531,D81863,1,0
4988,D81864,2,0
5620,D81879,2,0
4930,D81884,1,0
8032,D81912,2,0
3814,D81914,2,0
6990,D81926,2,0
375,D81945,1,0
4632,D81966,1,0
4177,D81980,2,0
6749,D81981,2,0
9464,D81986,1,0
7846,D81987,2,0
6578,D81988,2,0
745,D81997,2,0
7000,D82018,1,0
608,D82021,1,0
5015,D82022,1,0
4848,D82024,2,0
1845,D82031,2,0
9403,D82052,2,0
8346,D82054,2,0
9132,D82069,2,0
3985,D82077,2,0
1200,D82079,2,0
7178,D82088,2,0
2388,D82099,2,0
2353,D82118,1,0
2134,D82142,1,0
6729,D82146,1,0
7124,D82152,1,0
2772,D82154,1,0
4621,D82162,2,0
3060,D82180,1,0
3784,D82199,2,0
395,D82203,1,0
3832,D82204,2,0
2868,D82208,2,0
7574,D82209,1,0
2171,D82216,1,0
2849,D82219,2,0
5408,D82228,2,0
7183,D82237,2,0
8793,D82238,1,0
3387,D82245,2,0
9038,D82252,2,0
5194,D82261,2,0
9959,D82277,2,0
7502,D82283,2,0
4928,D82290,1,0
5504,D82295,2,0
1508,D82307,2,0
1909,D82327,1,0
9524,D82352,1,0
8179,D82353,1,0
3274,D82356,2,0
5366,D82372,2,0
4646,D82379,2,0
8712,D82408,2,0
4712,D82429,1,0
8912,D82431,2,0
7380,D82442,2,0
6087,D82446,2,0
5554,D82458,2,0
6661,D82460,1,0
964,D82470,2,0
1258,D82474,2,0
438,D82482,2,0
8595,D82501,2,0
6182,D82504,2,0
7454,D82515,1,0
1872,D82522,1,0
2319,D82535,2,0
2352,D82538,2,0
7932,D82540,1,0
2421,D82564,1,0
7326,D82585,2,0
8196,D82587,2,0
9308,D82588,1,0
731,D82590,1,0
997,D82598,2,0
3355,D82602,2,0
810,D82613,1,0
7307,D82618,2,0
9429,D82626,1,0
4057,D82639,2,0
1259,D82640,1,0
2654,D82649,1,0
544,D82650,2,0
9245,D82652,2,0
2944,D82656,1,0
5738,D82658,2,0
382,D82659,1,0
8689,D82660,1,0
2835,D82664,1,0
947,D82668,2,0
8009,D82671,1,0
8803,D82689,1,0
2740,D82698,2,0
303,D82709,1,0
2220,D82713,1,0
4015,D82714,2,0
51,D82722,1,0
5990,D82724,2,0
5059,D82732,1,0
664,D82738,1,0
6431,D82750,2,0
6304,D82763,2,0
6064,D82764,1,0
6970,D82782,2,0
7693,D82798,2,0
6711,D82802,1,0
9603,D82812,2,0
6189,D82823,1,0
4936,D82836,2,0
7903,D82840,1,0
1828,D82841,2,0
858,D82872,1,0
153,D82874,1,0
6920,D82879,2,0
366,D82887,1,0
3653,D82888,1,0
9890,D82893,2,0
617,D82905,2,0
1323,D82906,2,0
8251,D82908,2,0
8465,D82925,2,0
3043,D82928,2,0
331,D82937,1,0
7698,D82948,1,0
1007,D82950,2,0
8862,D82973,2,0
7099,D82980,1,0
4612,D82990,2,0
9175,D82995,1,0
3213,D83003,2,0
1110,D83010,1,0
7188,D83014,2,0
5830,D83016,1,0
5673,D83019,2,0
1692,D83026,1,0
1956,D83033,1,0
9166,D83034,2,0
9388,D83041,2,0
3833,D83051,2,0
9242,D83074,2,0
7824,D83113,1,0
9717,D83120,2,0
3607,D83123,1,0
2164,D83133,2,0
1905,D83146,2,0
5362,D83156,2,0
854,D83165,2,0
16,D83168,2,0
1636,D83214,1,0
3929,D83220,1,0
7047,D83224,1,0
2309,D83227,2,0
9168,D83248,2,0
9148,D83261,1,0
3252,D83262,2,0
4650,D83268,2,0
699,D83280,1,0
6741,D83283,2,0
223,D83286,2,0
7192,D83294,2,0
9804,D83301,2,0
1049,D83314,2,0
209,D83316,2,0
1619,D83322,1,0
7950,D83324,1,0
4043,D83326,1,0
1866,D83351,1,0
1718,D83358,2,0
8283,D83363,1,0
1713,D83373,1,0
4693,D83391,1,0
4091,D83403,1,0
5833,D83405,2,0
2138,D83406,1,0
5947,D83413,2,0
7213,D83449,2,0
5922,D83451,2,0
2386,D83457,2,0
5539,D83488,1,0
4490,D83492,2,0
4733,D83511,2,0
1150,D83512,2,0
9032,D83537,1,0
161,D83542,1,0
1906,D83551,2,0
864,D83560,2,0
6148,D83579,1,0
4600,D83583,2,0
7059,D83589,1,0
9597,D83596,1,0
6505,D83609,1,0
7775,D83611,1,0
3471,D83612,1,0
7094,D83630,1,0
6244,D83653,1,0
1731,D83654,1,0
2655,D83663,2,0
2252,D83669,2,0
8279,D83689,2,0
3942,D83691,1,0
5486,D83699,1,0
1340,D83709,1,0
9659,D83724,2,0
426,D83738,2,0
7617,D83746,1,0
9482,D83747,1,0
9921,D83752,1,0
8361,D83772,2,0
3990,D83785,1,0
2248,D83797,1,0
485,D83802,1,0
6472,D83806,2,0
5973,D83819,1,0
1451,D83824,2,0
4301,D83830,1,0
7314,D83831,1,0
8117,D83833,2,0
7764,D83836,2,0
1171,D83837,1,0
6871,D83853,2,0
879,D83856,1,0
5877,D83870,2,0
3361,D83878,1,0
3762,D83889,1,0
3738,D83891,2,0
6236,D83899,2,0
898,D83907,2,0
2870,D83908,2,0
420,D83910,2,0
6878,D83911,1,0
9370,D83915,1,0
8989,D83930,2,0
8787,D83936,1,0
742,D83947,1,0
8830,D83969,1,0
9017,D83972,2,0
944,D83981,2,0
2630,D84001,2,0
8738,D84018,2,0
794,D84019,2,0
5056,D84027,1,0
8026,D84031,1,0
4925,D84038,2,0
7283,D84050,2,0
6625,D84055,1,0
247,D84056,1,0
9746,D84059,1,0
3618,D84068,2,0
9980,D84093,2,0
5182,D84095,1,0
1794,D84105,1,0
5010,D84112,1,0
631,D84113,2,0
7838,D84129,2,0
3803,D84155,1,0
5970,D84161,2,0
4550,D84169,1,0
4741,D84173,1,0
7924,D84178,1,0
4796,D84187,1,0
488,D84189,2,0
9282,D84196,1,0
6464,D84216,2,0
6755,D84228,1,0
4112,D84240,2,0
4465,D84244,2,0
6604,D84245,1,0
1712,D84264,2,0
6446,D84289,2,0
6067,D84295,1,0
2836,D84296,1,0
9338,D84300,2,0
2395,D84309,2,0
3813,D84344,2,0
7247,D84346,2,0
7745,D84348,1,0
6898,D84353,2,0
1377,D84358,2,0
888,D84366,2,0
6199,D84369,2,0
3597,D84370,2,0
916,D84372,1,0
6742,D84384,2,0
3012,D84385,1,0
9094,D84389,2,0
2025,D84397,2,0
6996,D84412,2,0
6840,D84420,2,0
6204,D84423,2,0
9793,D84426,2,0
3259,D84457,2,0
3794,D84459,1,0
8368,D84460,2,0
5378,D84463,2,0
8349,D84468,2,0
1706,D84473,2,0
4988,D84509,1,0
8819,D84524,1,0
3315,D84533,2,0
7164,D84534,2,0
9223,D84540,2,0
1280,D84544,2,0
7557,D84546,1,0
8311,D84558,1,0
7849,D84562,2,0
1373,D84569,2,0
4474,D84570,2,0
2912,D84573,1,0
3629,D84576,1,0
8060,D84589,2,0
2235,D84599,1,0
9078,D84605,1,0
3762,D84609,2,0
3772,D84613,1,0
1473,D84636,2,0
2809,D84655,2,0
1639,D84662,1,0
6206,D84667,1,0
5623,D84688,2,0
4325,D84693,2,0
7105,D84708,1,0
7415,D84720,2,0
8208,D84726,1,0
7538,D84732,2,0
3605,D84745,1,0
3285,D84746,2,0
8861,D84789,1,0
7497,D84800,1,0
9210,D84821,2,0
7784,D84823,2,0
1010,D84857,1,0
2498,D84859,2,0
2707,D84867,1,0
34,D84885,1,0
3359,D84890,2,0
1122,D84896,1,0
745,D84897,1,0
5436,D84898,1,0
4302,D84899,1,0
10,D84929,2,0
7438,D84941,1,0
5318,D84945,1,0
8629,D84959,2,0
6752,D84977,2,0
7912,D84997,2,0
9189,D85015,1,0
4595,D85019,2,0
9811,D85029,2,0
820,D85038,1,0
8205,D85039,2,0
4195,D85054,2,0
3871,D85059,2,0
6256,D85060,2,0
4179,D85066,2,0
8701,D85069,2,0
709,D85072,1,0
2191,D85076,1,0
8139,D85086,1,0
9156,D85101,2,0
7043,D85110,2,0
3968,D85118,2,0
6952,D85124,2,0
8263,D85125,1,0
5155,D85139,2,0
7925,D85150,2,0
774,D85156,1,0
2719,D85173,2,0
6787,D85174,1,0
7098,D85182,2,0
146,D85185,1,0
697,D85196,1,0
2784,D85203,1,0
1410,D85224,2,0
6944,D85227,2,0
2275,D85237,1,0
4610,D85238,2,0
2346,D85241,1,0
4387,D85252,2,0
930,D85258,1,0
6456,D85264,2,0
5587,D85268,2,0
3343,D85281,2,0
9155,D85283,1,0
7063,D85309,2,0
8688,D85314,2,0
8535,D85316,2,0
5241,D85320,2,0
7686,D85329,1,0
4007,D85335,1,0
1622,D85355,2,0
3079,D85360,2,0
6413,D85391,1,0
9948,D85392,1,0
1521,D85396,1,0
2978,D85414,1,0
4104,D85428,1,0
1043,D85443,2,0
9943,D85451,1,0
2498,D85482,1,0
1013,D85485,2,0
8815,D85488,2,0
933,D85490,2,0
6564,D85491,2,0
1835,D85503,2,0
2493,D85504,1,0
8403,D85506,2,0
4610,D85511,1,0
4929,D85521,1,0
6193,D85522,2,0
1888,D85528,1,0
5847,D85533,2,0
2766,D85538,1,0
2002,D85549,1,0
9020,D85577,1,0
3886,D85579,2,0
8104,D85594,2,0
1282,D85613,2,0
3733,D85621,2,0
1297,D85637,1,0
8628,D85650,1,0
6178,D85656,2,0
5776,D85672,1,0
25,D85677,2,0
3963,D85679,1,0
8540,D85689,1,0
6610,D85694,1,0
7393,D85696,2,0
9164,D85707,2,0
7384,D85714,1,0
4173,D85732,1,0
8193,D85736,2,0
4263,D85765,2,0
3703,D85766,1,0
6534,D85777,1,0
885,D85782,1,0
3457,D85806,2,0
8289,D85847,2,0
7151,D85858,1,0
7777,D85870,1,0
1116,D85891,2,0
9487,D85901,1,0
1853,D85904,2,0
1983,D85911,2,0
5042,D85922,2,0
8435,D85923,2,0
2972,D85930,2,0
7267,D85933,1,0
8415,D85937,2,0
5118,D85939,2,0
9608,D85946,2,0
9061,D85953,2,0
7344,D85960,1,0
1052,D85966,2,0
94,D85980,2,0
1878,D85982,1,0
6956,D86007,1,0
9105,D86012,1,0
3941,D86024,2,0
7960,D86025,1,0
5962,D86045,1,0
5753,D86109,2,0
5657,D86110,1,0
1425,D86114,2,0
4911,D86131,1,0
7310,D86141,1,0
4288,D86145,1,0
258,D86163,2,0
6606,D86169,2,0
3285,D86187,1,0
2590,D86189,2,0
8246,D86191,2,0
975,D86217,1,0
8490,D86221,2,0
1735,D86222,1,0
680,D86228,2,0
5980,D86236,1,0
5483,D86242,2,0
2710,D86254,2,0
8173,D86255,2,0
848,D86257,2,0
1138,D86266,2,0
8256,D86276,2,0
7215,D86277,2,0
6755,D86281,2,0
7848,D86290,1,0
6200,D86292,2,0
2637,D86313,1,0
3664,D86320,2,0
4438,D86323,2,0
9285,D86328,2,0
1934,D86329,1,0
7516,D86343,2,0
8532,D86357,2,0
2638,D86358,2,0
5447,D86365,2,0
7286,D86369,2,0
9665,D86374,2,0
1106,D86383,2,0
2657,D86384,2,0
9309,D86397,2,0
1254,D86399,1,0
5789,D86408,1,0
7435,D86418,2,0
7579,D86442,2,0
7845,D86443,1,0
6194,D86448,1,0
7033,D86451,1,0
7969,D86478,2,0
6567,D86482,1,0
3003,D86484,2,0
633,D86487,2,0
6080,D86504,2,0
5243,D86515,2,0
3488,D86517,1,0
6894,D86524,2,0
4218,D86532,1,0
9683,D86549,2,0
1152,D86570,1,0
4857,D86597,2,0
3228,D86599,2,0
6220,D86627,2,0
1628,D86646,1,0
3066,D86650,1,0
766,D86653,1,0
1852,D86654,1,0
7745,D86665,2,0
2731,D86670,2,0
6899,D86674,2,0
6332,D86675,2,0
2860,D86678,1,0
1810,D86682,1,0
3076,D86696,1,0
9797,D86717,1,0
3722,D86731,2,0
4185,D86758,2,0
6617,D86767,2,0
1649,D86769,2,0
2401,D86778,1,0
271,D86791,2,0
7987,D86815,2,0
4728,D86822,1,0
84,D86835,2,0
3997,D86841,1,0
6810,D86852,2,0
6461,D86853,2,0
9022,D86859,2,0
5710,D86862,2,0
380,D86869,1,0
7564,D86874,1,0
9350,D86885,1,0
5283,D86909,1,0
2251,D86917,2,0
8941,D86930,2,0
4596,D86939,1,0
248,D86944,2,0
1994,D86954,1,0
7217,D86958,2,0
3546,D86981,2,0
1947,D86991,1,0
4057,D86995,1,0
2336,D86999,1,0
7017,D87019,2,0
1139,D87021,2,0
359,D87022,1,0
320,D87023,1,0
5195,D87039,1,0
6304,D87046,1,0
5289,D87049,1,0
7769,D87059,2,0
4576,D87061,2,0
9271,D87065,1,0
9387,D87069,1,0
2235,D87085,2,0
9627,D87090,1,0
4507,D87091,2,0
8155,D87095,1,0
6620,D87115,2,0
4295,D87123,1,0
5606,D87133,1,0
1632,D87136,2,0
313,D87159,1,0
356,D87161,2,0
7451,D87162,1,0
725,D87176,1,0
5804,D87180,1,0
3555,D87195,2,0
4975,D87199,1,0
5430,D87202,1,0
3751,D87212,2,0
3293,D87235,1,0
3883,D87252,2,0
6311,D87264,2,0
4565,D87271,2,0
8149,D87277,1,0
4723,D87278,2,0
2159,D87293,2,0
4414,D87297,1,0
3669,D87307,2,0
8073,D87308,2,0
3654,D87322,1,0
8292,D87336,2,0
8617,D87344,2,0
5788,D87345,2,0
2569,D87347,1,0
8574,D87352,1,0
1621,D87354,1,0
3282,D87387,1,0
3688,D87390,1,0
1639,D87409,2,0
3617,D87420,2,0
4150,D87431,2,0
7519,D87433,1,0
6347,D87434,1,0
6945,D87440,1,0
6174,D87443,2,0
46,D87456,1,0
687,D87463,2,0
8732,D87468,2,0
6849,D87476,2,0
586,D87482,2,0
7623,D87491,1,0
3669,D87494,1,0
2136,D87511,1,0
8379,D87521,2,0
2491,D87545,1,0
3027,D87556,2,0
7310,D87563,2,0
7318,D87565,2,0
7181,D87580,2,0
6846,D87587,2,0
3414,D87593,2,0
1032,D87604,1,0
1824,D87614,2,0
1107,D87617,1,0
2314,D87624,1,0
3051,D87639,1,0
3314,D87654,1,0
3218,D87667,2,0
5818,D87687,2,0
9216,D87697,2,0
7547,D87699,2,0
9110,D87723,2,0
8367,D87724,2,0
821,D87736,2,0
7962,D87745,2,0
3574,D87747,2,0
8785,D87757,2,0
5566,D87775,2,0
6427,D87799,2,0
6955,D87808,2,0
4537,D87809,1,0
1348,D87812,1,0
3572,D87820,1,0
3259,D87828,1,0
3658,D87839,2,0
8391,D87858,2,0
3852,D87861,1,0
3719,D87864,2,0
6900,D87871,2,0
8197,D87879,2,0
5472,D87882,2,0
1919,D87888,1,0
3029,D87890,2,0
5815,D87896,1,0
6552,D87910,2,0
6251,D87911,1,0
7419,D87924,1,0
2960,D87925,2,0
4324,D87927,2,0
3890,D87954,1,0
4528,D87965,1,0
8013,D87966,2,0
8797,D88035,1,0
4255,D88049,1,0
7369,D88051,2,0
6404,D88079,2,0
7374,D88095,1,0
1560,D88111,1,0
8543,D88116,2,0
4213,D88119,1,0
6897,D88124,2,0
53,D88134,2,0
532,D88146,2,0
1421,D88163,2,0
5743,D88171,1,0
8308,D88180,1,0
8900,D88190,1,0
6228,D88206,1,0
8455,D88243,2,0
8577,D88248,2,0
3197,D88262,2,0
1932,D88269,2,0
8053,D88336,2,0
8303,D88353,2,0
5906,D88364,1,0
609,D88392,2,0
552,D88405,2,0
8977,D88407,2,0
2073,D88436,1,0
1216,D88438,1,0
6283,D88442,1,0
2544,D88455,2,0
4510,D88457,1,0
4038,D88461,2,0
3336,D88464,2,0
9870,D88467,2,0
565,D88472,1,0
3903,D88480,2,0
2756,D88492,1,0
2743,D88512,1,0
8194,D88513,1,0
4673,D88520,2,0
750,D88524,2,0
2065,D88527,2,0
1772,D88532,2,0
6483,D88537,2,0
6665,D88539,2,0
2900,D88546,2,0
3092,D88548,2,0
6245,D88569,2,0
1842,D88577,2,0
2282,D88578,1,0
6240,D88593,1,0
3103,D88604,1,0
9343,D88625,2,0
8421,D88635,1,0
4111,D88636,2,0
2487,D88637,1,0
4309,D88660,2,0
2918,D88662,1,0
3191,D88663,1,0
5832,D88671,2,0
6613,D88683,2,0
4560,D88689,2,0
1289,D88691,1,0
7299,D88698,2,0
4713,D88700,1,0
6665,D88715,1,0
6540,D88723,1,0
2153,D88733,1,0
4336,D88752,2,0
8354,D88754,2,0
7517,D88757,2,0
7650,D88758,1,0
1854,D88766,1,0
9312,D88788,1,0
5931,D88790,2,0
6117,D88794,2,0
4299,D88796,2,0
653,D88805,1,0
3599,D88808,2,0
7664,D88826,2,0
4468,D88828,2,0
4349,D88834,2,0
4357,D88837,2,0
3572,D88838,2,0
9462,D88840,2,0
6159,D88842,1,0
5462,D88860,2,0
4397,D88877,2,0
1617,D88878,1,0
816,D88883,1,0
6173,D88885,2,0
5500,D88897,2,0
462,D88902,2,0
9547,D88903,2,0
1208,D88928,1,0
6850,D88938,2,0
60,D88945,1,0
4650,D88959,1,0
1714,D88961,1,0
7244,D88970,2,0
7999,D88974,2,0
3738,D88993,1,0
3987,D89005,1,0
8342,D89010,1,0
9145,D89013,1,0
9320,D89022,1,0
2993,D89029,1,0
8860,D89052,1,0
6433,D89054,2,0
9588,D89055,1,0
8847,D89061,2,0
8582,D89062,2,0
3591,D89067,1,0
3382,D89070,2,0
5950,D89080,1,0
8905,D89113,2,0
462,D89129,1,0
1076,D89151,2,0
4445,D89154,1,0
5961,D89156,2,0
6255,D89162,2,0
9015,D89166,1,0
3622,D89170,1,0
5104,D89182,1,0
2020,D89187,2,0
260,D89206,1,0
3085,D89215,2,0
8791,D89217,1,0
3642,D89224,2,0
2068,D89229,1,0
8639,D89239,2,0
2052,D89244,2,0
9214,D89245,1,0
7232,D89246,1,0
7937,D89251,2,0
4292,D89266,2,0
9132,D89270,1,0
7827,D89284,2,0
6691,D89285,1,0
138,D89288,1,0
8229,D89304,1,0
426,D89313,1,0
3920,D89317,1,0
2965,D89367,2,0
8425,D89401,2,0
241,D89403,2,0
4952,D89421,2,0
7675,D89442,2,0
8027,D89444,2,0
5337,D89448,1,0
9198,D89455,1,0
5541,D89457,1,0
5654,D89465,1,0
4517,D89468,1,0
308,D89483,2,0
9825,D89486,2,0
9423,D89491,2,0
8067,D89509,2,0
3107,D89527,2,0
499,D89541,1,0
4287,D89546,2,0
5615,D89554,2,0
9503,D89561,2,0
2262,D89589,1,0
4140,D89592,2,0
5663,D89607,2,0
2285,D89611,2,0
142,D89617,1,0
3797,D89625,2,0
8691,D89628,1,0
7504,D89629,1,0
7709,D89636,2,0
2365,D89652,2,0
1781,D89659,2,0
9768,D89662,2,0
7579,D89663,1,0
3284,D89665,2,0
2368,D89673,2,0
8619,D89680,2,0
181,D89684,1,0
2705,D89685,1,0
1162,D89720,1,0
897,D89726,1,0
4037,D89730,2,0
4996,D89732,2,0
4513,D89734,2,0
4886,D89737,1,0
3432,D89756,1,0
6081,D89763,1,0
6109,D89768,1,0
7832,D89773,2,0
6571,D89780,2,0
2035,D89786,1,0
3017,D89800,2,0
6756,D89802,1,0
5374,D89803,1,0
3979,D89813,2,0
635,D89817,1,0
3443,D89829,1,0
75,D89830,1,0
5388,D89841,2,0
5541,D89855,2,0
4333,D89874,2,0
1063,D89881,2,0
3409,D89905,2,0
252,D89907,2,0
8583,D89922,2,0
7811,D89927,1,0
9198,D89933,2,0
7230,D89938,2,0
7892,D89958,1,0
1704,D89968,1,0
9961,D89981,2,0
2574,D89991,1,0
6116,D90002,1,0
1869,D90005,1,0
2628,D90006,2,0
8516,D90018,2,0
6129,D90046,2,0
7954,D90062,2,0
4737,D90070,1,0
3231,D90075,2,0
9445,D90078,1,0
5695,D90082,1,0
8228,D90084,2,0
6002,D90086,1,0
8183,D90093,2,0
8921,D90101,2,0
4407,D90113,2,0
2322,D90114,1,0
6434,D90117,2,0
5121,D90130,1,0
9909,D90153,1,0
19,D90177,2,0
3336,D90179,1,0
3230,D90181,1,0
7752,D90185,1,0
5176,D90195,1,0
1245,D90201,1,0
8048,D90202,2,0
3362,D90204,2,0
1736,D90213,1,0
8954,D90216,2,0
7887,D90218,2,0
4786,D90230,1,0
8907,D90256,2,0
8316,D90258,1,0
7818,D90264,2,0
76,D90273,2,0
7312,D90285,1,0
3020,D90311,1,0
9232,D90318,2,0
2745,D90322,1,0
9922,D90327,2,0
2998,D90328,2,0
5384,D90330,1,0
5563,D90334,2,0
2182,D90339,2,0
2904,D90341,2,0
5708,D90355,2,0
2970,D90363,2,0
6827,D90379,1,0
5571,D90381,1,0
5440,D90383,2,0
7237,D90386,1,0
3934,D90396,1,0
1195,D90404,1,0
2586,D90406,2,0
5796,D90408,2,0
9095,D90418,2,0
3476,D90420,1,0
1904,D90427,1,0
4399,D90433,1,0
2102,D90435,2,0
6607,D90437,1,0
9580,D90443,1,0
3371,D90450,1,0
8118,D90454,2,0
4849,D90456,2,0
5590,D90478,2,0
9253,D90500,1,0
563,D90511,1,0
4928,D90513,2,0
5454,D90515,1,0
2445,D90517,2,0
5360,D90524,1,0
6288,D90537,2,0
1262,D90561,2,0
2995,D90563,1,0
723,D90568,2,0
400,D90572,2,0
3377,D90579,2,0
7434,D90583,2,0
7694,D90586,1,0
136,D90587,2,0
740,D90594,1,0
6873,D90620,2,0
3138,D90624,1,0
5327,D90637,2,0
3604,D90639,1,0
1880,D90654,2,0
6262,D90662,1,0
3939,D90672,1,0
6314,D90680,2,0
8851,D90687,2,0
111,D90697,1,0
6285,D90701,2,0
5642,D90707,2,0
4675,D90711,1,0
4386,D90712,1,0
6378,D90713,2,0
4838,D90715,2,0
3474,D90717,2,0
2595,D90720,2,0
5772,D90730,2,0
7891,D90745,1,0
3534,D90751,2,0
2608,D90758,2,0
6461,D90759,1,0
7595,D90766,2,0
1166,D90777,1,0
5811,D90794,1,0
9956,D90801,1,0
7052,D90803,2,0
399,D90808,2,0
4621,D90809,1,0
1516,D90810,2,0
8735,D90811,2,0
2520,D90824,2,0
9184,D90833,2,0
4918,D90835,2,0
2519,D90845,1,0
5760,D90854,2,0
156,D90855,1,0
3334,D90868,1,0
3373,D90885,2,0
6562,D90886,1,0
1990,D90887,1,0
9748,D90890,2,0
1957,D90896,2,0
3530,D90904,1,0
4519,D90909,2,0
5833,D90912,1,0
4173,D90920,2,0
903,D90924,2,0
4722,D90931,2,0
3917,D90943,1,0
1440,D90958,1,0
8524,D90968,2,0
6783,D90971,2,0
2755,D90979,2,0
9433,D90982,2,0
1247,D90994,1,0
5098,D90997,2,0
9618,D91018,2,0
7418,D91022,2,0
2133,D91025,2,0
4032,D91030,2,0
9356,D91034,2,0
8091,D91039,2,0
3387,D91040,1,0
5066,D91041,1,0
9119,D91042,2,0
3344,D91046,2,0
2588,D91047,2,0
1214,D91061,2,0
4805,D91067,2,0
4851,D91076,2,0
6681,D91081,1,0
8092,D91090,2,0
919,D91092,1,0
8607,D91094,1,0
3953,D91107,2,0
7089,D91117,1,0
9331,D91122,2,0
3075,D91138,2,0
4640,D91148,2,0
6468,D91154,2,0
9398,D91167,2,0
2443,D91180,1,0
5418,D91198,2,0
1571,D91208,1,0
9180,D91222,2,0
587,D91225,2,0
7758,D91238,2,0
4229,D91248,2,0
2835,D91251,2,0
4535,D91279,2,0
3444,D91289,2,0
5553,D91307,2,0
3592,D91310,2,0
3663,D91315,2,0
1236,D91337,1,0
3427,D91358,1,0
9025,D91361,2,0
7176,D91371,2,0
5209,D91378,2,0
34,D91381,2,0
455,D91384,2,0
9059,D91386,2,0
7340,D91395,2,0
632,D91404,1,0
203,D91411,1,0
8044,D91422,2,0
6287,D91426,1,0
2091,D91430,1,0
3569,D91438,2,0
7304,D91440,2,0
2930,D91445,2,0
259,D91459,2,0
4873,D91488,2,0
272,D91491,1,0
8029,D91495,2,0
2378,D91496,2,0
5522,D91499,2,0
5100,D91513,2,0
2034,D91524,2,0
3437,D91528,2,0
1316,D91533,2,0
993,D91534,1,0
8655,D91537,1,0
3161,D91538,1,0
5549,D91552,2,0
8297,D91566,2,0
9417,D91571,1,0
7449,D91583,1,0
6750,D91585,2,0
2228,D91599,2,0
5958,D91605,2,0
4657,D91609,2,0
9832,D91645,1,0
4945,D91649,2,0
7716,D91655,1,0
7703,D91658,1,0
269,D91666,2,0
6811,D91675,1,0
377,D91678,2,0
5828,D91680,2,0
4364,D91684,2,0
6004,D91685,1,0
7170,D91691,2,0
3819,D91693,1,0
5098,D91699,1,0
7313,D91715,2,0
7446,D91733,1,0
5304,D91736,1,0
4553,D91741,2,0
8141,D91763,2,0
2600,D91769,2,0
8491,D91772,2,0
3630,D91776,2,0
4755,D91778,2,0
2555,D91779,1,0
7309,D91792,2,0
6245,D91808,1,0
1377,D91838,1,0
7380,D91861,1,0
3578,D91885,1,0
3457,D91891,1,0
5291,D91892,2,0
157,D91898,1,0
2305,D91921,1,0
7045,D91931,2,0
6720,D91932,2,0
6571,D91944,1,0
3207,D91948,2,0
3663,D91969,1,0
2019,D91977,2,0
9307,D91981,1,0
1882,D91985,2,0
4843,D91997,2,0
7125,D92012,2,0
4138,D92015,1,0
5883,D92018,1,0
2414,D92020,1,0
3303,D92023,1,0
5214,D92036,2,0
611,D92042,2,0
5139,D92048,1,0
1738,D92064,2,0
2805,D92102,2,0
59,D92104,1,0
2899,D92106,2,0
9621,D92129,1,0
8452,D92157,2,0
7484,D92161,2,0
1288,D92164,1,0
1143,D92165,1,0
5847,D92167,1,0
1002,D92173,1,0
3505,D92179,2,0
9372,D92185,1,0
5987,D92243,1,0
341,D92244,2,0
7799,D92246,2,0
9056,D92252,2,0
1659,D92258,1,0
8561,D92265,1,0
9243,D92270,2,0
1321,D92272,2,0
60,D92289,2,0
907,D92293,2,0
1770,D92294,2,0
9356,D92295,1,0
1068,D92304,2,0
1753,D92306,2,0
1161,D92312,1,0
1868,D92316,2,0
8162,D92336,1,0
5862,D92343,2,0
1836,D92355,2,0
286,D92359,1,0
9631,D92378,2,0
1074,D92384,2,0
6647,D92386,1,0
1801,D92390,1,0
2149,D92414,1,0
7283,D92441,1,0
3145,D92451,1,0
5707,D92466,2,0
3015,D92473,2,0
931,D92475,2,0
3822,D92478,2,0
5676,D92499,1,0
920,D92518,2,0
5310,D92544,2,0
3169,D92556,2,0
6539,D92571,1,0
8026,D92598,2,0
8416,D92610,1,0
3501,D92617,2,0
7021,D92620,2,0
2268,D92630,2,0
415,D92640,1,0
1948,D92645,1,0
9869,D92652,2,0
8096,D92677,2,0
2224,D92681,2,0
3207,D92684,1,0
4457,D92693,2,0
4156,D92712,1,0
851,D92728,1,0
861,D92740,2,0
2911,D92752,1,0
7339,D92761,1,0
103,D92763,2,0
1594,D92765,1,0
6041,D92770,1,0
25,D92779,1,0
168,D92784,1,0
1705,D92795,2,0
6937,D92800,2,0
3825,D92802,2,0
3258,D92809,1,0
5886,D92836,1,0
3074,D92839,2,0
281,D92840,2,0
3413,D92843,2,0
584,D92855,2,0
393,D92861,1,0
2717,D92872,2,0
2790,D92885,2,0
7989,D92901,2,0
6093,D92906,2,0
3332,D92913,2,0
9489,D92923,2,0
538,D92928,1,0
8035,D92934,2,0
6323,D92936,2,0
1106,D92938,1,0
2036,D92955,1,0
3172,D92956,2,0
4939,D92959,2,0
7787,D92968,2,0
9861,D92980,2,0
677,D92981,2,0
1498,D92983,2,0
8687,D93004,2,0
8499,D93008,1,0
5235,D93010,1,0
9439,D93019,2,0
8856,D93029,2,0
54,D93031,2,0
6159,D93066,2,0
7828,D93067,1,0
5982,D93070,2,0
4529,D93075,2,0
4176,D93078,2,0
7006,D93081,2,0
4003,D93086,1,0
1425,D93088,1,0
3515,D93093,1,0
464,D93094,2,0
3673,D93101,1,0
3013,D93107,1,0
1310,D93109,1,0
2256,D93120,1,0
9330,D93121,2,0
1982,D93135,2,0
6132,D93150,1,0
9390,D93151,2,0
7532,D93153,1,0
3290,D93179,2,0
1978,D93196,2,0
6269,D93201,2,0
1427,D93202,1,0
8019,D93208,2,0
8640,D93209,1,0
2152,D93214,2,0
2016,D93217,1,0
3319,D93240,1,0
4895,D93244,1,0
3025,D93245,2,0
7793,D93248,2,0
2502,D93249,1,0
6788,D93257,2,0
2419,D93264,2,0
5684,D93272,2,0
305,D93286,2,0
3758,D93287,1,0
3816,D93288,1,0
8337,D93302,1,0
501,D93312,1,0
6789,D93313,2,0
530,D93318,1,0
6730,D93324,1,0
8068,D93325,2,0
584,D93332,1,0
8257,D93348,2,0
1820,D93353,2,0
8562,D93354,2,0
8626,D93368,1,0
7976,D93388,1,0
7665,D93403,1,0
4370,D93412,1,0
5026,D93413,2,0
3392,D93424,2,0
3089,D93433,2,0
9995,D93444,2,0
4116,D93445,2,0
6343,D93448,2,0
3973,D93467,2,0
9175,D93498,2,0
8788,D93507,2,0
5448,D93522,1,0
6816,D93530,1,0
3853,D93531,2,0
180,D93540,1,0
6425,D93544,1,0
4061,D93553,2,0
5293,D93559,1,0
8355,D93580,2,0
893,D93582,1,0
7129,D93597,1,0
5003,D93604,2,0
7413,D93625,1,0
455,D93627,1,0
6810,D93639,1,0
6941,D93641,1,0
4135,D93650,1,0
3946,D93658,2,0
6895,D93693,2,0
9660,D93698,2,0
4996,D93707,1,0
5363,D93719,2,0
4004,D93720,2,0
9195,D93733,2,0
4643,D93738,1,0
2886,D93740,2,0
2575,D93763,2,0
4744,D93768,2,0
6577,D93778,2,0
2804,D93794,2,0
2189,D93801,2,0
2732,D93829,2,0
6538,D93859,1,0
1409,D93864,2,0
9337,D93865,2,0
5610,D93881,2,0
2725,D93885,1,0
403,D93902,2,0
5116,D93904,1,0
978,D93917,1,0
4056,D93926,2,0
334,D93929,2,0
441,D93937,2,0
8157,D93951,2,0
457,D93954,1,0
9637,D93959,1,0
4945,D93967,1,0
702,D93985,1,0
2683,D93989,1,0
2259,D94002,1,0
9565,D94003,1,0
1093,D94006,1,0
9758,D94017,2,0
6453,D94022,2,0
8685,D94029,2,0
6734,D94036,1,0
9204,D94045,2,0
7741,D94048,1,0
4869,D94065,2,0
114,D94071,2,0
5601,D94105,2,0
7584,D94127,2,0
7462,D94145,1,0
7772,D94150,1,0
3969,D94151,2,0
498,D94154,2,0
9300,D94155,2,0
1223,D94160,1,0
9400,D94163,1,0
1883,D94164,2,0
5844,D94169,1,0
1748,D94170,2,0
5829,D94172,1,0
6730,D94181,2,0
8317,D94183,2,0
9317,D94200,1,0
9855,D94201,2,0
7733,D94209,1,0
352,D94211,1,0
430,D94237,2,0
885,D94240,2,0
3048,D94259,1,0
3549,D94264,1,0
9093,D94266,1,0
8982,D94286,2,0
6191,D94289,2,0
1281,D94292,2,0
1903,D94298,1,0
5943,D94304,2,0
1808,D94313,2,0
2468,D94314,2,0
5997,D94318,1,0
2545,D94322,1,0
525,D94331,1,0
6373,D94333,1,0
3647,D94343,1,0
3299,D94346,2,0
8569,D94352,2,0
6007,D94360,1,0
9839,D94364,2,0
5932,D94372,2,0
974,D94387,2,0
5280,D94424,2,0
6494,D94432,1,0
1721,D94445,1,0
2546,D94448,1,0
4664,D94466,1,0
4588,D94483,2,0
2277,D94490,2,0
8541,D94494,2,0
6852,D94498,1,0
2432,D94505,2,0
9212,D94511,1,0
1962,D94514,2,0
1980,D94518,2,0
1357,D94525,1,0
1085,D94556,2,0
2046,D94563,2,0
9262,D94571,1,0
7598,D94575,2,0
7983,D94595,2,0
1180,D94602,1,0
5752,D94618,1,0
3805,D94621,1,0
4741,D94624,2,0
4139,D94630,2,0
9078,D94635,2,0
3691,D94639,2,0
4049,D94657,1,0
7765,D94660,2,0
5400,D94669,2,0
4455,D94679,1,0
1421,D94681,1,0
2958,D94682,1,0
3251,D94685,2,0
4983,D94687,2,0
1167,D94688,1,0
6519,D94712,2,0
6674,D94713,2,0
2008,D94715,2,0
2200,D94737,1,0
17,D94747,1,0
458,D94750,2,0
7161,D94766,1,0
2739,D94778,2,0
2855,D94804,1,0
2786,D94809,2,0
5401,D94810,1,0
7269,D94818,1,0
3589,D94823,1,0
6584,D94825,1,0
2331,D94831,2,0
712,D94832,2,0
3162,D94835,1,0
6705,D94841,1,0
5740,D94844,2,0
3626,D94854,2,0
1528,D94855,2,0
2547,D94857,2,0
6538,D94873,2,0
9999,D94876,1,0
7304,D94898,1,0
7490,D94901,1,0
4652,D94908,2,0
4674,D94916,2,0
8943,D94917,2,0
1453,D94919,1,0
6743,D94935,1,0
5576,D94938,1,0
6365,D94940,2,0
4761,D94944,2,0
4699,D94950,2,0
9797,D94959,2,0
3918,D94967,2,0
4192,D94969,2,0
5172,D94971,1,0
3858,D94975,1,0
5992,D94982,1,0
2438,D94990,2,0
5573,D94991,2,0
1264,D94994,1,0
1269,D94996,2,0
3185,D95009,2,0
4582,D95011,1,0
3168,D95012,2,0
5096,D95025,1,0
2223,D95029,2,0
966,D95042,2,0
5271,D95062,1,0
8612,D95063,2,0
4318,D95064,2,0
6115,D95079,2,0
7185,D95086,2,0
9523,D95092,2,0
3846,D95117,2,0
8990,D95132,2,0
4070,D95134,2,0
219,D95140,2,0
4530,D95157,2,0
1634,D95168,2,0
7501,D95174,2,0
1928,D95184,2,0
9730,D95201,2,0
5814,D95211,2,0
9852,D95215,2,0
8492,D95219,1,0
4516,D95258,1,0
7216,D95280,1,0
9117,D95294,1,0
3205,D95297,2,0
2632,D95305,2,0
7928,D95321,2,0
8187,D95329,1,0
325,D95337,1,0
1729,D95343,1,0
5806,D95356,2,0
1614,D95365,2,0
7505,D95369,1,0
6311,D95401,1,0
1825,D95403,2,0
8345,D95420,1,0
3108,D95423,1,0
548,D95427,2,0
2241,D95439,1,0
7717,D95441,1,0
1313,D95466,2,0
4967,D95468,2,0
9867,D95471,2,0
4604,D95489,1,0
8454,D95501,2,0
165,D95505,1,0
4388,D95507,2,0
886,D95508,2,0
1526,D95523,2,0
6123,D95532,1,0
6573,D95533,2,0
9517,D95554,2,0
6551,D95558,2,0
2766,D95563,2,0
5608,D95564,1,0
9521,D95571,2,0
6640,D95584,1,0
8507,D95585,2,0
1970,D95588,1,0
7862,D95589,2,0
6312,D95596,2,0
3451,D95600,2,0
3071,D95601,2,0
8677,D95603,1,0
4873,D95607,1,0
8222,D95611,2,0
3672,D95625,1,0
9970,D95631,1,0
3338,D95640,1,0
2328,D95650,2,0
2091,D95667,2,0
4686,D95678,2,0
2411,D95712,2,0
9073,D95718,2,0
6381,D95724,2,0
4230,D95729,2,0
726,D95744,1,0
8665,D95745,1,0
7154,D95757,2,0
6616,D95763,2,0
7361,D95766,2,0
8180,D95772,2,0
7028,D95777,1,0
9214,D95778,2,0
6649,D95782,1,0
1663,D95789,2,0
5276,D95797,1,0
2754,D95813,2,0
355,D95818,2,0
7688,D95820,2,0
192,D95848,2,0
6008,D95850,1,0
1252,D95857,2,0
2482,D95875,2,0
4000,D95883,2,0
7705,D95893,2,0
726,D95896,2,0
9759,D95905,2,0
831,D95912,2,0
133,D95918,1,0
7938,D95934,1,0
3445,D95945,2,0
8096,D95969,1,0
5005,D95979,1,0
5245,D95987,1,0
7000,D95992,2,0
655,D96001,2,0
7392,D96002,2,0
348,D96012,1,0
5680,D96015,2,0
2673,D96017,2,0
6630,D96020,2,0
8332,D96028,2,0
5788,D96036,1,0
9263,D96041,2,0
5255,D96111,2,0
6891,D96114,2,0
9050,D96115,1,0
434,D96118,2,0
2616,D96138,2,0
5727,D96143,1,0
3704,D96145,2,0
7633,D96147,2,0
6795,D96149,2,0
2790,D96164,1,0
9354,D96170,2,0
9610,D96173,2,0
2693,D96182,2,0
2635,D96202,2,0
7323,D96208,2,0
5136,D96213,1,0
8696,D96225,1,0
3049,D96233,1,0
231,D96234,2,0
9363,D96235,2,0
8637,D96239,1,0
6594,D96240,2,0
8654,D96255,2,0
1646,D96261,1,0
9761,D96271,2,0
2470,D96273,1,0
2183,D96323,1,0
2683,D96327,2,0
6518,D96333,2,0
9142,D96341,2,0
7777,D96344,2,0
7978,D96377,2,0
8825,D96386,1,0
1925,D96389,1,0
2942,D96398,2,0
4394,D96399,2,0
8614,D96410,2,0
7748,D96416,2,0
6009,D96418,2,0
413,D96425,1,0
7405,D96429,2,0
572,D96439,1,0
8994,D96440,1,0
9762,D96441,1,0
556,D96444,2,0
7166,D96459,2,0
5078,D96460,2,0
832,D96475,2,0
6211,D96476,1,0
4767,D96484,2,0
6853,D96493,2,0
4122,D96494,2,0
5680,D96498,1,0
5465,D96505,1,0
2243,D96511,1,0
7916,D96523,2,0
3311,D96527,1,0
5614,D96540,1,0
3076,D96563,2,0
5724,D96566,2,0
7186,D96575,2,0
6785,D96604,1,0
4261,D96606,1,0
1839,D96619,2,0
5114,D96630,2,0
6432,D96652,1,0
9158,D96679,1,0
3184,D96693,2,0
5198,D96696,1,0
7354,D96704,2,0
9207,D96715,2,0
8951,D96736,1,0
2612,D96749,1,0
8164,D96752,2,0
5411,D96754,2,0
1099,D96757,2,0
2085,D96772,1,0
3045,D96775,2,0
4703,D96777,1,0
6153,D96787,2,0
7023,D96789,1,0
8296,D96791,2,0
3709,D96794,1,0
1477,D96798,2,0
8915,D96803,2,0
416,D96819,2,0
6602,D96830,2,0
3872,D96839,2,0
273,D96842,1,0
6585,D96846,1,0
7586,D96848,2,0
3793,D96854,2,0
2483,D96867,1,0
5613,D96868,2,0
3178,D96883,2,0
755,D96884,2,0
2117,D96886,2,0
1026,D96911,2,0
7622,D96917,1,0
5616,D96921,1,0
5739,D96924,1,0
4158,D96935,2,0
2302,D96977,1,0
5946,D96981,2,0
6348,D96988,2,0
8557,D96990,1,0
281,D96999,1,0
8879,D97020,2,0
1524,D97026,1,0
424,D97028,2,0
2892,D97030,2,0
1764,D97049,2,0
7351,D97064,2,0
3442,D97067,1,0
3193,D97087,2,0
31,D97093,2,0
6544,D97105,2,0
574,D97110,2,0
2524,D97117,1,0
3093,D97118,2,0
1934,D97124,2,0
7560,D97127,2,0
6676,D97132,2,0
696,D97137,2,0
5000,D97146,2,0
762,D97163,2,0
7638,D97176,1,0
6670,D97178,2,0
2404,D97194,2,0
2571,D97198,2,0
6214,D97205,1,0
7944,D97207,2,0
7123,D97216,2,0
1545,D97228,1,0
8778,D97229,1,0
8161,D97241,2,0
9157,D97253,2,0
5044,D97254,2,0
5020,D97259,2,0
1908,D97262,2,0
7972,D97267,2,0
3834,D97275,2,0
5890,D97289,2,0
7128,D97296,2,0
1398,D97315,2,0
5995,D97333,2,0
2025,D97340,1,0
713,D97351,2,0
782,D97352,2,0
4157,D97358,1,0
1822,D97361,2,0
3839,D97364,2,0
7202,D97366,1,0
6209,D97372,2,0
7397,D97377,1,0
5779,D97393,2,0
1390,D97394,2,0
7418,D97402,1,0
5636,D97415,2,0
7448,D97427,1,0
5718,D97431,2,0
7941,D97434,2,0
834,D97436,1,0
2461,D97437,2,0
6112,D97452,2,0
2760,D97469,2,0
7276,D97472,2,0
7457,D97498,2,0
1078,D97505,2,0
8874,D97507,1,0
6512,D97515,2,0
7617,D97528,2,0
6547,D97533,1,0
6308,D97535,1,0
9181,D97536,2,0
6893,D97540,2,0
4055,D97544,2,0
8269,D97547,1,0
2123,D97548,1,0
5429,D97551,2,0
6675,D97560,1,0
6947,D97561,2,0
5166,D97567,1,0
1913,D97581,1,0
6497,D97589,1,0
746,D97590,2,0
5187,D97606,1,0
5049,D97609,1,0
6919,D97615,1,0
8282,D97619,1,0
8598,D97620,2,0
6071,D97624,2,0
3978,D97639,2,0
8831,D97640,1,0
8270,D97642,2,0
3999,D97643,1,0
360,D97648,1,0
7370,D97661,2,0
7635,D97669,1,0
1042,D97673,2,0
2646,D97677,2,0
2392,D97679,2,0
6579,D97681,2,0
543,D97700,1,0
6816,D97703,2,0
5630,D97753,1,0
6105,D97754,2,0
9780,D97758,2,0
1275,D97769,2,0
9411,D97776,1,0
6929,D97798,1,0
528,D97806,1,0
7806,D97811,2,0
8935,D97832,2,0
5702,D97861,1,0
7008,D97881,2,0
8123,D97887,2,0
9693,D97893,2,0
6708,D97918,1,0
7422,D97935,2,0
4078,D97952,2,0
7889,D97968,2,0
1292,D97989,2,0
5427,D97992,1,0
422,D97996,2,0
4613,D98013,1,0
5281,D98025,1,0
4689,D98033,2,0
2188,D98036,1,0
7827,D98042,1,0
2082,D98045,1,0
4462,D98049,2,0
6880,D98055,1,0
6082,D98058,2,0
3428,D98071,2,0
8244,D98075,1,0
6886,D98076,1,0
2031,D98079,2,0
2780,D98080,1,0
2185,D98082,1,0
3251,D98095,1,0
3179,D98099,1,0
7519,D98103,2,0
6599,D98121,1,0
5935,D98128,2,0
3008,D98139,1,0
6033,D98157,1,0
650,D98165,2,0
2623,D98166,2,0
4308,D98168,1,0
995,D98187,1,0
8822,D98195,2,0
2900,D98200,1,0
7590,D98224,2,0
5225,D98235,2,0
5783,D98250,1,0
2822,D98253,2,0
5864,D98257,1,0
9255,D98263,1,0
4788,D98264,1,0
6511,D98280,1,0
5180,D98285,2,0
7932,D98289,2,0
2480,D98302,2,0
8276,D98305,1,0
2948,D98322,2,0
4903,D98323,2,0
5269,D98325,2,0
9458,D98336,2,0
2504,D98338,2,0
9378,D98353,2,0
6237,D98354,1,0
4644,D98355,2,0
7660,D98357,1,0
5558,D98360,1,0
2269,D98365,1,0
6357,D98367,2,0
1260,D98370,2,0
5211,D98371,1,0
3582,D98378,1,0
7278,D98381,2,0
4406,D98384,2,0
9229,D98388,1,0
7737,D98397,1,0
1464,D98409,2,0
2974,D98415,2,0
4836,D98416,1,0
4483,D98422,2,0
1238,D98427,1,0
7945,D98444,2,0
1770,D98468,1,0
1909,D98469,2,0
3602,D98476,2,0
781,D98478,1,0
7480,D98490,2,0
2614,D98497,1,0
4971,D98502,1,0
8397,D98505,1,0
9055,D98511,2,0
1485,D98513,1,0
4367,D98529,2,0
9194,D98538,2,0
4340,D98539,1,0
7596,D98555,2,0
3595,D98565,2,0
2033,D98582,2,0
1999,D98583,2,0
9202,D98609,1,0
408,D98612,2,0
9766,D98623,2,0
855,D98633,2,0
2950,D98635,1,0
5417,D98661,1,0
7763,D98664,2,0
9304,D98691,1,0
5813,D98692,2,0
9364,D98715,2,0
7257,D98722,1,0
6607,D98756,2,0
8585,D98763,2,0
4546,D98774,2,0
1555,D98778,2,0
5949,D98788,1,0
5708,D98793,1,0
1748,D98797,1,0
6453,D98817,1,0
9354,D98828,1,0
7068,D98844,2,0
6632,D98879,1,0
8836,D98888,2,0
2784,D98900,2,0
6122,D98903,1,0
2339,D98906,2,0
2430,D98920,2,0
537,D98924,2,0
6393,D98926,2,0
2914,D98962,1,0
2474,D98965,1,0
1794,D98967,2,0
9541,D98971,1,0
7014,D98972,2,0
9379,D98977,1,0
6408,D98978,1,0
5965,D98984,2,0
1557,D98989,2,0
2093,D98993,1,0
4421,D99011,2,0
1251,D99013,2,0
8471,D99028,2,0
9605,D99052,2,0
8185,D99058,2,0
6958,D99067,1,0
9137,D99074,2,0
9846,D99085,2,0
7503,D99091,2,0
9795,D99095,1,0
8365,D99100,2,0
8342,D99102,2,0
1601,D99104,2,0
3881,D99113,2,0
4819,D99130,2,0
3791,D99135,2,0
2716,D99152,1,0
71,D99160,2,0
9745,D99167,2,0
9746,D99171,2,0
6059,D99177,1,0
2711,D99181,1,0
4747,D99217,1,0
7095,D99230,1,0
7868,D99241,1,0
9081,D99242,1,0
7120,D99249,2,0
3687,D99258,2,0
744,D99282,2,0
1522,D99283,2,0
9647,D99286,2,0
3780,D99288,2,0
1850,D99297,1,0
6879,D99315,2,0
7151,D99332,2,0
935,D99337,2,0
3418,D99341,1,0
6391,D99349,2,0
2409,D99351,2,0
541,D99370,1,0
7105,D99378,2,0
4108,D99381,2,0
8580,D99383,1,0
1784,D99386,2,0
5071,D99387,2,0
8487,D99402,1,0
7527,D99417,2,0
6830,D99418,2,0
4872,D99443,2,0
8272,D99464,2,0
9632,D99471,1,0
2570,D99480,1,0
953,D99482,2,0
8638,D99484,1,0
6822,D99491,2,0
3429,D99492,2,0
1312,D99495,2,0
2344,D99498,2,0
5572,D99500,1,0
7066,D99507,2,0
5501,D99512,2,0
6503,D99524,2,0
4871,D99536,2,0
8427,D99537,2,0
1569,D99539,1,0
2314,D99543,2,0
7909,D99554,2,0
5650,D99558,2,0
9461,D99579,1,0
1613,D99593,2,0
2816,D99597,2,0
7644,D99627,2,0
1485,D99633,2,0
3434,D99637,1,0
2060,D99639,2,0
791,D99641,1,0
7651,D99646,1,0
5404,D99654,2,0
7025,D99661,1,0
8127,D99663,1,0
9914,D99668,2,0
8664,D99670,1,0
9558,D99698,2,0
589,D99710,1,0
3788,D99735,1,0
4191,D99743,1,0
7639,D99744,1,0
4275,D99752,2,0
9744,D99762,1,0
1165,D99786,2,0
9488,D99787,2,0
445,D99816,2,0
318,D99827,2,0
2741,D99844,2,0
30,D99849,1,0
5837,D99851,2,0
8298,D99855,1,0
614,D99856,1,0
4835,D99884,2,0
8254,D99903,1,0
7854,D99913,2,0
8324,D99937,1,0
9984,D99955,1,0
9459,D99964,1,0
2335,D99966,2,0
7407,D99977,1,0
9635,D99978,2,0
4985,D99988,1,0
1342,D99991,2,0
242,D99998,1,0
2382,D100006,2,0
5325,D100015,2,0
4616,D100016,2,0
6474,D100030,1,0
8470,D100035,2,0
5030,D100041,2,0
5495,D100047,1,0
5337,D100061,2,0
4867,D100077,2,0
3028,D100082,2,0
7668,D100088,1,0
4445,D100090,2,0
4203,D100095,1,0
5903,D100097,2,0
2181,D100104,2,0
2090,D100122,1,0
1519,D100134,1,0
2151,D100136,2,0
4678,D100137,1,0
6090,D100142,2,0
8479,D100161,2,0
5124,D100172,2,0
8087,D100176,1,0
393,D100185,2,0
1783,D100186,1,0
9435,D100197,1,0
3534,D100198,1,0
4369,D100221,2,0
9704,D100241,1,0
3682,D100253,2,0
8496,D100263,2,0
5956,D100269,2,0
3150,D100273,2,0
3991,D100275,1,0
290,D100292,2,0
936,D100301,2,0
4495,D100306,2,0
8404,D100308,1,0
1099,D100324,1,0
7836,D100340,1,0
2256,D100355,2,0
3565,D100358,2,0
6077,D100368,2,0
3216,D100369,1,0
7241,D100375,2,0
4906,D100385,1,0
3568,D100386,2,0
6213,D100399,2,0
6719,D100412,1,0
12,D100419,2,0
3784,D100421,1,0
480,D100425,1,0
2639,D100430,2,0
5035,D100436,1,0
7011,D100442,1,0
7251,D100446,2,0
8802,D100464,2,0
4248,D100468,2,0
1611,D100481,2,0
7829,D100484,2,0
3731,D100485,2,0
5307,D100487,2,0
5728,D100490,1,0
4187,D100503,1,0
9529,D100506,2,0
9625,D100510,1,0
6083,D100519,1,0
785,D100521,1,0
5133,D100528,1,0
8456,D100533,2,0
9373,D100554,1,0
952,D100560,1,0
2094,D100579,1,0
2106,D100584,2,0
9966,D100593,2,0
3524,D100594,1,0
1509,D100605,1,0
511,D100607,2,0
1136,D100610,2,0
857,D100613,1,0
6590,D100616,2,0
67,D100628,2,0
1406,D100640,1,0
7199,D100655,1,0
6207,D100673,1,0
197,D100681,2,0
1381,D100683,2,0
3350,D100693,2,0
6437,D100702,2,0
6459,D100705,2,0
837,D100711,1,0
8513,D100718,1,0
4433,D100719,2,0
4040,D100757,1,0
752,D100760,2,0
1164,D100763,1,0
8273,D100790,2,0
8834,D100798,2,0
9927,D100807,2,0
8432,D100814,2,0
6140,D100829,1,0
6504,D100833,2,0
1240,D100834,2,0
8020,D100843,1,0
4840,D100852,2,0
2345,D100865,1,0
4098,D100889,1,0
8639,D100901,1,0
7403,D100905,2,0
7053,D100911,2,0
8082,D100919,2,0
2163,D100920,2,0
9907,D100944,1,0
6603,D100951,1,0
9434,D100958,2,0
1378,D100981,2,0
8925,D100983,1,0
4626,D100990,1,0
6608,D101003,2,0
6324,D101009,1,0
4617,D101033,2,0
3911,D101039,2,0
9832,D101045,2,0
132,D101048,2,0
2561,D101050,1,0
8498,D101051,1,0
6303,D101061,2,0
8944,D101064,1,0
8381,D101090,2,0
4062,D101091,1,0
205,D101130,2,0
1038,D101131,2,0
1837,D101134,2,0
9533,D101144,1,0
7563,D101159,2,0
3952,D101169,2,0
3046,D101170,2,0
5766,D101175,2,0
2664,D101176,2,0
8472,D101222,2,0
5041,D101235,1,0
8945,D101244,2,0
7748,D101254,1,0
7152,D101265,2,0
5603,D101312,1,0
4567,D101319,2,0
6706,D101324,1,0
6278,D101333,2,0
8055,D101358,1,0
2338,D101374,2,0
8063,D101387,2,0
149,D101392,1,0
4017,D101421,2,0
2775,D101436,1,0
3504,D101449,2,0
2326,D101455,2,0
4591,D101458,1,0
4288,D101459,2,0
8203,D101469,1,0
1457,D101482,1,0
1989,D101502,2,0
1065,D101510,1,0
2750,D101517,1,0
9816,D101519,1,0
4736,D101522,2,0
1746,D101530,2,0
3010,D101556,2,0
9076,D101559,1,0
2616,D101564,1,0
5172,D101569,2,0
554,D101574,1,0
7515,D101583,2,0
63,D101612,2,0
2586,D101614,1,0
9810,D101618,2,0
9,D101619,1,0
6759,D101630,2,0
8976,D101662,2,0
4368,D101686,2,0
3298,D101688,2,0
1791,D101694,1,0
2374,D101707,2,0
1086,D101711,2,0
5441,D101725,1,0
5709,D101736,2,0
9476,D101741,2,0
316,D101751,2,0
5128,D101756,2,0
3085,D101769,1,0
7326,D101772,1,0
3678,D101774,1,0
7240,D101781,1,0
8770,D101799,2,0
5346,D101809,1,0
2536,D101818,1,0
4586,D101825,2,0
2501,D101856,1,0
2692,D101857,1,0
1459,D101867,2,0
4197,D101893,2,0
8884,D101896,2,0
557,D101926,2,0
7264,D101936,2,0
4301,D101953,2,0
2810,D101961,2,0
8748,D101983,2,0
9419,D101988,2,0
4541,D101994,2,0
1757,D101999,1,0
8363,D102016,1,0
1215,D102021,2,0
4006,D102024,1,0
7364,D102031,1,0
78,D102037,2,0
6126,D102051,2,0
6740,D102054,1,0
2624,D102058,2,0
4927,D102067,1,0
7227,D102077,2,0
3595,D102082,1,0
4962,D102083,1,0
5212,D102089,1,0
8772,D102090,2,0
8300,D102113,1,0
8668,D102135,1,0
3931,D102141,1,0
5288,D102146,2,0
6673,D102151,2,0
5916,D102156,2,0
4746,D102160,2,0
626,D102165,2,0
297,D102166,2,0
6398,D102168,1,0
8088,D102194,2,0
6860,D102200,1,0
4177,D102206,1,0
3205,D102246,1,0
4200,D102252,2,0
998,D102254,1,0
8959,D102271,2,0
2128,D102277,1,0
1620,D102287,1,0
6708,D102298,2,0
2783,D102307,2,0
4105,D102313,2,0
334,D102322,1,0
5223,D102332,2,0
4841,D102337,2,0
1660,D102341,1,0
8812,D102352,1,0
5474,D102369,2,0
1497,D102381,2,0
7793,D102392,1,0
9109,D102402,2,0
3163,D102412,1,0
2387,D102429,2,0
622,D102438,2,0
206,D102454,2,0
2980,D102457,1,0
875,D102458,2,0
7010,D102471,1,0
643,D102472,2,0
7274,D102479,1,0
3874,D102498,2,0
9400,D102505,2,0
9951,D102512,1,0
6828,D102518,1,0
1395,D102522,1,0
3634,D102529,2,0
1389,D102530,1,0
7500,D102539,2,0
2667,D102541,2,0
6135,D102544,2,0
8424,D102549,1,0
4264,D102550,1,0
3447,D102558,2,0
2511,D102561,2,0
1769,D102574,1,0
6196,D102582,2,0
6006,D102597,2,0
7101,D102603,2,0
9126,D102606,1,0
8304,D102608,2,0
5168,D102616,1,0
5962,D102620,2,0
469,D102628,2,0
9466,D102642,2,0
8649,D102660,2,0
6753,D102663,1,0
3988,D102685,2,0
2006,D102702,2,0
9996,D102705,2,0
1833,D102707,2,0
8848,D102708,1,0
8629,D102711,1,0
1608,D102719,1,0
9981,D102724,2,0
3407,D102727,1,0
805,D102733,1,0
3133,D102736,2,0
4159,D102737,1,0
6053,D102740,1,0
5422,D102746,1,0
2305,D102755,2,0
7881,D102762,2,0
4769,D102771,2,0
240,D102777,2,0
9955,D102781,2,0
348,D102792,2,0
4169,D102803,1,0
8003,D102813,2,0
4383,D102823,1,0
6435,D102834,2,0
1871,D102841,2,0
7362,D102842,1,0
4459,D102846,1,0
5489,D102850,2,0
1317,D102853,1,0
7822,D102898,2,0
1055,D102900,1,0
1189,D102921,2,0
5348,D102923,1,0
3668,D102933,2,0
6706,D102938,2,0
932,D102946,1,0
3973,D102947,1,0
8444,D102950,2,0
3222,D103003,2,0
3452,D103013,1,0
209,D103019,1,0
8840,D103035,1,0
990,D103038,2,0
2166,D103049,1,0
7025,D103052,2,0
4180,D103057,1,0
1740,D103065,1,0
6766,D103077,2,0
7934,D103084,2,0
1211,D103098,2,0
5766,D103101,1,0
7901,D103103,2,0
4859,D103106,2,0
9773,D103114,2,0
6361,D103131,2,0
2038,D103133,1,0
8407,D103167,2,0
1803,D103174,1,0
1698,D103188,2,0
1695,D103191,2,0
4133,D103200,1,0
776,D103205,1,0
7743,D103206,2,0
4373,D103208,2,0
9368,D103219,2,0
1117,D103251,2,0
3041,D103259,1,0
2798,D103269,2,0
4754,D103297,2,0
550,D103311,1,0
1840,D103314,1,0
8264,D103323,2,0
6372,D103328,1,0
1887,D103330,2,0
1435,D103355,1,0
8511,D103357,1,0
8871,D103361,2,0
7764,D103392,1,0
4910,D103398,1,0
799,D103399,1,0
1635,D103401,1,0
9219,D103402,2,0
1851,D103417,2,0
6782,D103419,2,0
4281,D103423,2,0
6383,D103425,2,0
6563,D103449,2,0
5947,D103458,1,0
9947,D103468,2,0
4452,D103476,2,0
329,D103488,2,0
125,D103495,2,0
7998,D103497,1,0
1465,D103522,1,0
9808,D103528,1,0
3809,D103530,2,0
93,D103533,2,0
5451,D103536,2,0
4500,D103541,2,0
4022,D103551,2,0
1844,D103553,1,0
2000,D103560,2,0
1686,D103569,1,0
531,D103582,1,0
4451,D103588,2,0
2156,D103591,2,0
8126,D103604,1,0
327,D103631,1,0
6715,D103642,1,0
9677,D103656,2,0
521,D103658,2,0
650,D103662,1,0
9469,D103669,2,0
8322,D103678,1,0
5979,D103681,1,0
8072,D103684,2,0
7145,D103690,2,0
6217,D103694,2,0
4429,D103699,1,0
5493,D103702,1,0
1275,D103721,1,0
4045,D103724,2,0
6455,D103731,2,0
1333,D103737,2,0
9167,D103750,1,0
1230,D103753,1,0
7829,D103760,1,0
3934,D103763,2,0
8288,D103768,1,0
8398,D103775,2,0
8549,D103787,1,0
433,D103794,2,0
2420,D103827,2,0
4631,D103833,2,0
1100,D103835,2,0
244,D103837,2,0
213,D103838,1,0
7330,D103844,1,0
1488,D103856,1,0
580,D103866,2,0
3969,D103873,1,0
5957,D103874,1,0
1308,D103889,2,0
8714,D103891,1,0
566,D103898,2,0
5097,D103916,1,0
5522,D103946,1,0
3275,D103953,1,0
8831,D103954,2,0
9783,D103961,2,0
119,D103980,1,0
1854,D103981,2,0
5655,D103991,2,0
9206,D104009,2,0
6845,D104014,2,0
7970,D104018,1,0
8076,D104048,1,0
6908,D104058,1,0
4253,D104067,2,0
6213,D104071,1,0
1892,D104072,1,0
7509,D104075,2,0
5827,D104081,2,0
5700,D104093,2,0
787,D104105,1,0
8204,D104111,1,0
9509,D104125,2,0
1574,D104141,1,0
6369,D104182,1,0
4401,D104184,2,0
2905,D104188,1,0
7147,D104197,2,0
3865,D104200,1,0
1861,D104227,2,0
2275,D104231,2,0
2993,D104235,2,0
2810,D104238,1,0
5240,D104248,1,0
7074,D104253,1,0
6622,D104271,2,0
6236,D104275,1,0
4789,D104282,1,0
7624,D104287,2,0
2486,D104298,1,0
8757,D104313,2,0
4055,D104317,1,0
7106,D104330,2,0
692,D104331,1,0
6326,D104349,2,0
439,D104373,1,0
9037,D104378,2,0
9991,D104379,2,0
1261,D104382,1,0
7805,D104390,2,0
2852,D104392,2,0
6276,D104393,1,0
9217,D104399,2,0
1068,D104413,1,0
719,D104416,1,0
7713,D104435,2,0
120,D104436,2,0
4986,D104438,2,0
7893,D104444,2,0
6912,D104446,2,0
6734,D104477,2,0
4071,D104482,1,0
9967,D104489,2,0
3116,D104493,1,0
5636,D104495,1,0
4989,D104510,2,0
720,D104527,1,0
7980,D104533,2,0
3059,D104540,2,0
7926,D104546,1,0
7463,D104555,2,0
7990,D104557,1,0
2240,D104562,2,0
1976,D104571,2,0
7297,D104589,2,0
582,D104594,2,0
2079,D104611,2,0
1981,D104630,1,0
1494,D104638,1,0
3279,D104655,1,0
8877,D104656,2,0
1814,D104666,2,0
683,D104674,1,0
8081,D104676,2,0
4249,D104677,2,0
2598,D104684,1,0
7874,D104703,2,0
6907,D104718,2,0
5780,D104722,2,0
1178,D104733,2,0
4801,D104742,1,0
8370,D104751,2,0
4495,D104763,1,0
3471,D104765,2,0
9307,D104778,2,0
1011,D104790,1,0
3370,D104799,2,0
9990,D104800,2,0
6385,D104809,2,0
6199,D104812,1,0
9868,D104819,2,0
8015,D104826,2,0
275,D104827,2,0
2435,D104843,1,0
8510,D104844,1,0
4063,D104882,1,0
3907,D104898,1,0
2521,D104912,1,0
4214,D104914,2,0
7746,D104941,2,0
92,D104946,1,0
7408,D104949,2,0
389,D104953,2,0
2722,D104961,1,0
8388,D104965,1,0
7097,D105005,1,0
3933,D105008,2,0
9203,D105021,1,0
7775,D105046,2,0
6315,D105061,1,0
550,D105063,2,0
5258,D105069,2,0
3520,D105070,1,0
1417,D105071,1,0
9843,D105074,2,0
9217,D105078,1,0
9123,D105083,1,0
3799,D105086,2,0
9335,D105094,2,0
510,D105096,1,0
8184,D105109,2,0
6425,D105147,2,0
6751,D105163,1,0
3862,D105166,2,0
9567,D105171,2,0
4067,D105172,2,0
3629,D105177,2,0
7591,D105180,1,0
1426,D105186,2,0
2797,D105194,1,0
7115,D105205,1,0
5287,D105215,2,0
3105,D105222,2,0
909,D105227,2,0
6489,D105229,2,0
344,D105250,2,0
8525,D105251,1,0
8440,D105256,1,0
7949,D105258,2,0
9733,D105259,2,0
1563,D105268,2,0
6676,D105271,1,0
5044,D105281,1,0
2063,D105284,2,0
2023,D105289,1,0
925,D105299,2,0
7933,D105302,1,0
8248,D105312,1,0
8004,D105317,1,0
3482,D105319,2,0
1750,D105345,1,0
4994,D105349,1,0
9971,D105355,2,0
7715,D105358,1,0
3277,D105363,2,0
1267,D105381,2,0
6106,D105388,2,0
6976,D105389,2,0
1414,D105397,2,0
7678,D105402,2,0
9149,D105412,1,0
9545,D105413,1,0
9532,D105414,2,0
9141,D105415,1,0
6130,D105441,1,0
1022,D105443,2,0
2381,D105457,2,0
4582,D105463,2,0
6568,D105478,1,0
80,D105479,1,0
8725,D105482,2,0
3797,D105487,1,0
9593,D105491,2,0
7108,D105499,1,0
773,D105500,2,0
3644,D105510,2,0
309,D105517,2,0
63,D105530,1,0
8928,D105531,2,0
3625,D105541,2,0
1939,D105562,1,0
2491,D105575,2,0
891,D105582,1,0
1996,D105622,1,0
7189,D105624,2,0
2682,D105634,1,0
6592,D105694,2,0
1027,D105698,1,0
7134,D105709,2,0
4317,D105731,2,0
2115,D105748,2,0
7525,D105764,2,0
1890,D105767,1,0
5907,D105772,2,0
339,D105782,1,0
1140,D105796,2,0
5475,D105817,2,0
1652,D105818,2,0
4123,D105834,1,0
8910,D105838,2,0
1793,D105860,1,0
7411,D105864,1,0
5852,D105876,1,0
9872,D105886,1,0
7863,D105902,2,0
1869,D105906,2,0
2360,D105909,1,0
1983,D105922,1,0
6154,D105924,2,0
977,D105940,2,0
5810,D105951,1,0
505,D105967,2,0
6010,D105968,2,0
4403,D105977,2,0
6117,D105980,1,0
4854,D106007,1,0
9158,D106012,2,0
8631,D106021,1,0
3094,D106041,1,0
6685,D106044,2,0
3499,D106071,1,0
6835,D106078,1,0
8502,D106079,2,0
3289,D106097,1,0
3356,D106099,1,0
3152,D106108,2,0
8620,D106113,1,0
1898,D106133,2,0
6457,D106137,2,0
8033,D106145,2,0
8591,D106149,2,0
7032,D106158,2,0
1899,D106160,2,0
2646,D106168,1,0
4780,D106175,2,0
3731,D106180,1,0
8873,D106181,1,0
4672,D106189,2,0
9860,D106206,2,0
2395,D106210,1,0
1977,D106214,1,0
1183,D106219,2,0
7618,D106228,2,0
6371,D106237,2,0
8095,D106238,1,0
1046,D106249,1,0
4749,D106255,1,0
4228,D106279,1,0
2011,D106286,1,0
9042,D106327,1,0
4360,D106328,1,0
2814,D106332,1,0
7206,D106333,1,0
2811,D106354,2,0
2597,D106362,2,0
7288,D106371,2,0
7254,D106377,1,0
4905,D106378,2,0
4548,D106389,2,0
5320,D106405,2,0
8129,D106434,2,0
9873,D106440,1,0
1058,D106446,1,0
6143,D106454,2,0
2333,D106483,1,0
9329,D106485,1,0
2097,D106497,1,0
9315,D106498,2,0
2029,D106510,1,0
576,D106517,1,0
7767,D106518,1,0
3120,D106519,2,0
2849,D106527,1,0
8325,D106552,2,0
8790,D106560,2,0
4108,D106581,1,0
6669,D106610,2,0
4113,D106611,2,0
4330,D106618,1,0
5764,D106622,2,0
5702,D106624,2,0
3619,D106628,2,0
9591,D106650,2,0
4040,D106653,2,0
6052,D106656,2,0
6422,D106660,1,0
110,D106665,2,0
9735,D106679,1,0
3521,D106693,2,0
636,D106694,2,0
5649,D106699,1,0
6576,D106715,2,0
8948,D106729,2,0
7919,D106732,1,0
5148,D106736,2,0
1912,D106741,2,0
4279,D106749,1,0
9500,D106760,2,0
6866,D106761,2,0
4998,D106779,1,0
9101,D106797,1,0
4392,D106806,2,0
5664,D106823,1,0
6027,D106831,2,0
6013,D106848,1,0
4637,D106856,1,0
5648,D106866,2,0
640,D106874,2,0
232,D106890,1,0
3148,D106893,2,0
8786,D106903,2,0
396,D106906,2,0
7430,D106909,2,0
1803,D106913,2,0
3873,D106917,2,0
5135,D106918,1,0
8857,D106919,1,0
569,D106935,1,0
4954,D106938,2,0
6460,D106958,1,0
3606,D106961,2,0
33,D106967,2,0
3512,D106974,2,0
1937,D106983,1,0
6772,D106985,2,0
6371,D106986,1,0
6478,D106993,1,0
6781,D107004,2,0
3974,D107009,2,0
8584,D107013,2,0
212,D107021,1,0
8950,D107027,2,0
8875,D107044,2,0
3316,D107047,1,0
185,D107049,2,0
1562,D107052,2,0
5382,D107053,2,0
7573,D107087,1,0
2370,D107093,1,0
3511,D107096,1,0
5843,D107099,1,0
4962,D107104,2,0
858,D107113,2,0
2064,D107115,1,0
3580,D107123,1,0
5299,D107131,2,0
3102,D107151,2,0
5477,D107152,1,0
9671,D107172,1,0
8697,D107184,1,0
8083,D107187,1,0
2462,D107221,1,0
7696,D107223,2,0
7441,D107227,2,0
4073,D107245,2,0
5704,D107259,2,0
3192,D107270,2,0
5504,D107271,1,0
2712,D107277,2,0
9783,D107287,1,0
4732,D107303,1,0
1141,D107309,2,0
6397,D107311,2,0
2512,D107319,1,0
3603,D107320,1,0
7392,D107326,1,0
4967,D107330,1,0
8189,D107340,1,0
7934,D107353,1,0
5973,D107354,2,0
3672,D107358,2,0
3966,D107360,2,0
2732,D107369,1,0
7335,D107371,2,0
4115,D107384,2,0
7867,D107393,2,0
4331,D107458,2,0
6915,D107460,2,0
6820,D107461,1,0
1517,D107469,2,0
3639,D107471,2,0
3541,D107474,2,0
8711,D107477,2,0
9847,D107486,1,0
131,D107497,1,0
3713,D107498,2,0
264,D107504,1,0
547,D107541,1,0
7757,D107543,2,0
2927,D107550,2,0
4141,D107551,1,0
7477,D107572,2,0
7843,D107577,2,0
3820,D107596,2,0
2337,D107599,1,0
7472,D107607,1,0
880,D107612,1,0
7771,D107627,2,0
4999,D107628,1,0
3012,D107646,2,0
2047,D107649,2,0
8919,D107663,2,0
2839,D107670,2,0
794,D107671,1,0
2895,D107672,1,0
5072,D107678,2,0
4100,D107680,2,0
8016,D107691,1,0
4704,D107693,1,0
1780,D107695,1,0
3536,D107701,1,0
4720,D107704,2,0
4195,D107730,1,0
7149,D107733,2,0
1105,D107735,2,0
8446,D107737,1,0
4075,D107742,2,0
533,D107757,1,0
4321,D107758,2,0
2933,D107773,1,0
4372,D107777,1,0
5249,D107783,2,0
9867,D107805,1,0
9764,D107809,1,0
5090,D107817,2,0
807,D107819,1,0
5468,D107822,2,0
5120,D107846,1,0
6776,D107870,1,0
1687,D107883,1,0
6202,D107887,2,0
1571,D107902,2,0
8603,D107903,2,0
254,D107904,2,0
2727,D107907,2,0
9166,D107908,1,0
8695,D107910,2,0
5686,D107913,2,0
9669,D107916,1,0
489,D107922,1,0
2700,D107928,2,0
1408,D107932,2,0
9392,D107940,1,0
8215,D107951,2,0
5969,D107956,2,0
3111,D107960,2,0
9935,D107963,2,0
5836,D107969,2,0
2012,D107970,1,0
2452,D107980,2,0
3506,D107987,2,0
3453,D107988,2,0
9218,D108011,2,0
2225,D108055,1,0
5182,D108057,2,0
6533,D108065,1,0
8504,D108073,2,0
3989,D108075,2,0
3642,D108077,1,0
1286,D108078,2,0
7147,D108087,1,0
4978,D108104,1,0
8823,D108109,2,0
9562,D108136,2,0
1505,D108141,2,0
9265,D108144,2,0
2626,D108156,1,0
803,D108169,2,0
432,D108173,2,0
7474,D108179,2,0
5660,D108192,1,0
9276,D108198,2,0
3274,D108203,1,0
5207,D108215,2,0
3464,D108218,1,0
749,D108224,1,0
8569,D108226,1,0
2579,D108270,1,0
2151,D108272,1,0
2447,D108286,2,0
4691,D108290,2,0
2682,D108294,2,0
6784,D108295,2,0
9835,D108304,2,0
9328,D108307,1,0
3884,D108332,2,0
5158,D108337,2,0
888,D108339,1,0
5107,D108346,1,0
6973,D108349,1,0
1621,D108365,2,0
9377,D108370,1,0
8078,D108382,2,0
3334,D108386,2,0
4408,D108397,1,0
4052,D108398,1,0
9712,D108418,2,0
6768,D108436,2,0
5630,D108438,2,0
9135,D108467,1,0
8089,D108477,1,0
7428,D108505,1,0
7736,D108516,1,0
1616,D108521,2,0
844,D108537,1,0
5453,D108542,2,0
6121,D108547,1,0
59,D108554,2,0
9772,D108562,2,0
6648,D108579,2,0
6637,D108581,2,0
2818,D108583,1,0
6499,D108584,2,0
519,D108603,2,0
4950,D108605,1,0
3843,D108607,1,0
425,D108621,2,0
6974,D108636,2,0
4202,D108637,1,0
4926,D108642,2,0
4243,D108653,1,0
9891,D108658,1,0
1540,D108673,1,0
183,D108677,2,0
1737,D108687,1,0
8841,D108694,2,0
7922,D108697,2,0
5111,D108707,1,0
2172,D108710,2,0
4540,D108741,2,0
6575,D108745,2,0
4149,D108750,2,0
9005,D108755,2,0
9720,D108769,2,0
7271,D108784,2,0
1211,D108790,1,0
6046,D108815,1,0
1611,D108823,1,0
6981,D108839,2,0
5191,D108860,2,0
4924,D108870,2,0
2670,D108877,1,0
2806,D108878,1,0
6223,D108886,1,0
8071,D108894,2,0
4558,D108897,1,0
9273,D108931,1,0
4839,D108936,1,0
5512,D108941,1,0
6384,D108955,2,0
5883,D108956,2,0
5423,D108957,1,0
15,D108965,1,0
4839,D108978,2,0
571,D108992,1,0
4137,D109006,1,0
3003,D109012,1,0
6521,D109020,2,0
3161,D109033,2,0
4888,D109038,1,0
6421,D109042,2,0
4672,D109043,1,0
9982,D109046,1,0
8913,D109053,2,0
423,D109056,2,0
3458,D109061,2,0
5939,D109062,1,0
2617,D109064,2,0
7531,D109067,1,0
8500,D109069,2,0
3416,D109079,2,0
1618,D109096,2,0
2812,D109106,2,0
5657,D109123,2,0
3660,D109131,2,0
9651,D109139,2,0
7255,D109154,1,0
9068,D109157,2,0
4001,D109160,2,0
9366,D109169,1,0
4824,D109171,2,0
2086,D109178,1,0
3925,D109188,1,0
8059,D109203,2,0
9297,D109222,1,0
379,D109227,2,0
853,D109239,2,0
4660,D109258,1,0
8492,D109264,2,0
4524,D109269,2,0
3217,D109272,2,0
7258,D109273,1,0
487,D109279,1,0
6932,D109295,1,0
7348,D109300,2,0
2188,D109315,2,0
7556,D109326,1,0
9305,D109339,2,0
359,D109344,2,0
5461,D109347,2,0
1009,D109354,2,0
1011,D109355,2,0
7529,D109361,2,0
2905,D109381,2,0
5731,D109408,2,0
294,D109410,1,0
1420,D109430,2,0
5262,D109433,2,0
9226,D109436,1,0
817,D109443,2,0
5865,D109445,2,0
5268,D109461,1,0
2743,D109465,2,0
5425,D109484,1,0
5315,D109496,2,0
204,D109498,2,0
6241,D109506,2,0
644,D109510,1,0
6509,D109529,2,0
3369,D109534,1,0
6219,D109543,1,0
6646,D109553,2,0
7200,D109561,1,0
8054,D109567,2,0
5545,D109568,2,0
3684,D109570,1,0
4773,D109580,2,0
7092,D109602,2,0
279,D109603,2,0
8351,D109607,1,0
3121,D109620,1,0
6744,D109630,2,0
6926,D109631,1,0
4617,D109641,1,0
8430,D109642,2,0
6977,D109646,2,0
6875,D109656,2,0
4514,D109672,1,0
9616,D109673,1,0
1771,D109675,1,0
3097,D109683,1,0
1456,D109693,2,0
1341,D109701,2,0
3188,D109728,1,0
8502,D109743,1,0
2335,D109780,1,0
1035,D109790,2,0
3128,D109793,1,0
7082,D109798,1,0
1656,D109799,1,0
4818,D109813,1,0
8229,D109814,2,0
3470,D109815,1,0
6950,D109821,1,0
3908,D109823,1,0
9144,D109842,1,0
5729,D109847,2,0
1071,D109858,1,0
4379,D109861,2,0
3203,D109863,2,0
4724,D109872,2,0
8987,D109876,2,0
1031,D109882,1,0
6660,D109906,2,0
3928,D109911,2,0
1019,D109917,2,0
4245,D109920,1,0
3551,D109922,1,0
4794,D109923,1,0
687,D109946,1,0
7324,D109957,2,0
6478,D109958,2,0
428,D109962,1,0
5685,D109969,1,0
4312,D109976,1,0
9995,D109995,1,0
3915,D109997,2,0
8835,D110006,1,0
4825,D110009,1,0
8142,D110033,2,0
2231,D110035,2,0
5051,D110036,2,0
2102,D110047,1,0
3730,D110057,1,0
759,D110059,1,0
8182,D110062,1,0
5679,D110064,1,0
8126,D110078,2,0
2145,D110083,1,0
889,D110086,1,0
2233,D110098,1,0
4356,D110099,1,0
9039,D110101,1,0
1315,D110104,1,0
3991,D110109,2,0
1952,D110123,2,0
7371,D110136,1,0
7030,D110143,2,0
2384,D110145,1,0
812,D110150,1,0
3701,D110181,1,0
3126,D110191,1,0
1908,D110214,1,0
7270,D110223,2,0
5109,D110230,2,0
2052,D110238,1,0
2882,D110239,2,0
573,D110240,2,0
3375,D110250,2,0
9828,D110251,1,0
61,D110256,1,0
7880,D110257,2,0
3847,D110268,2,0
3542,D110269,1,0
2795,D110279,2,0
4949,D110289,2,0
4201,D110294,1,0
7089,D110297,2,0
6907,D110303,1,0
4476,D110304,1,0
665,D110306,2,0
4413,D110311,2,0
3139,D110315,2,0
1988,D110316,1,0
5458,D110324,2,0
729,D110333,1,0
5863,D110353,1,0
948,D110363,2,0
1393,D110378,2,0
7480,D110390,1,0
4694,D110394,2,0
5351,D110396,2,0
3927,D110400,2,0
5881,D110408,2,0
8668,D110410,2,0
3276,D110411,1,0
1534,D110413,2,0
1177,D110418,2,0
1096,D110429,1,0
646,D110441,1,0
7924,D110457,2,0
6998,D110459,1,0
3800,D110466,2,0
3005,D110480,2,0
2813,D110491,1,0
6200,D110494,1,0
1677,D110495,1,0
2847,D110497,2,0
2868,D110509,1,0
811,D110511,1,0
5887,D110521,2,0
887,D110523,1,0
2771,D110526,2,0
6995,D110528,2,0
9150,D110529,2,0
166,D110546,1,0
4894,D110553,2,0
3842,D110583,2,0
8318,D110587,1,0
7256,D110597,2,0
3824,D110602,2,0
5622,D110607,2,0
6789,D110619,1,0
955,D110630,2,0
3537,D110642,2,0
5878,D110643,1,0
2383,D110658,1,0
3082,D110667,2,0
4728,D110672,2,0
2083,D110693,1,0
4995,D110704,1,0
7807,D110715,1,0
6692,D110720,2,0
6826,D110734,1,0
4578,D110745,2,0
8236,D110746,2,0
603,D110762,2,0
324,D110764,1,0
6252,D110793,1,0
9174,D110804,1,0
7488,D110810,2,0
5905,D110822,2,0
4793,D110827,2,0
2603,D110845,1,0
3562,D110853,1,0
9070,D110854,1,0
221,D110857,1,0
332,D110868,2,0
9776,D110874,2,0
6529,D110876,1,0
29,D110886,2,0
9829,D110894,2,0
3613,D110897,2,0
2963,D110915,1,0
6456,D110925,1,0
7090,D110926,1,0
9424,D110935,2,0
7994,D110936,1,0
9147,D110949,1,0
8555,D110961,1,0
9601,D110968,2,0
9334,D110984,1,0
607,D110992,1,0
2487,D110998,2,0
8450,D111034,1,0
4254,D111041,2,0
4808,D111046,2,0
1454,D111059,2,0
5000,D111060,1,0
8431,D111071,1,0
9319,D111080,1,0
5488,D111084,1,0
9615,D111087,1,0
489,D111098,2,0
1641,D111099,2,0
2359,D111107,2,0
835,D111109,2,0
1806,D111130,2,0
5368,D111132,2,0
7132,D111133,1,0
5902,D111144,2,0
977,D111146,1,0
7036,D111165,2,0
330,D111169,1,0
9020,D111175,2,0
3538,D111186,1,0
5991,D111198,2,0
3734,D111202,2,0
2712,D111216,1,0
9060,D111226,2,0
8784,D111244,1,0
73,D111245,1,0
1995,D111246,2,0
6735,D111255,1,0
4517,D111260,2,0
2236,D111273,1,0
9470,D111282,2,0
236,D111294,1,0
932,D111313,2,0
6037,D111326,2,0
3308,D111328,2,0
8861,D111336,2,0
1429,D111371,1,0
3415,D111390,1,0
5588,D111392,2,0
2030,D111393,2,0
1664,D111410,1,0
5817,D111422,1,0
9268,D111432,1,0
88,D111436,1,0
4059,D111437,2,0
9844,D111439,2,0
4235,D111446,1,0
5328,D111491,1,0
7414,D111492,2,0
6446,D111495,1,0
8194,D111498,2,0
928,D111500,1,0
4436,D111510,2,0
262,D111511,1,0
8245,D111531,2,0
6025,D111546,2,0
1032,D111564,2,0
1877,D111585,2,0
7213,D111596,1,0
8307,D111598,1,0
3815,D111610,1,0
8643,D111611,1,0
5160,D111631,1,0
2578,D111632,1,0
9221,D111635,1,0
5324,D111642,2,0
4768,D111650,1,0
3039,D111657,1,0
4552,D111663,2,0
7901,D111664,1,0
1514,D111672,2,0
3910,D111675,2,0
6712,D111677,1,0
9485,D111686,1,0
62,D111688,1,0
4999,D111689,2,0
6600,D111693,1,0
9879,D111695,2,0
5570,D111698,2,0
6239,D111706,1,0
1838,D111715,1,0
771,D111717,2,0
6416,D111722,2,0
8533,D111725,2,0
7379,D111726,1,0
4042,D111729,2,0
6344,D111732,2,0
2642,D111742,2,0
7807,D111765,2,0
7770,D111777,2,0
703,D111791,1,0
596,D111798,1,0
3004,D111800,1,0
7804,D111814,2,0
5129,D111815,1,0
4302,D111817,2,0
8907,D111824,1,0
8951,D111825,2,0
3486,D111828,1,0
9573,D111842,2,0
6836,D111847,2,0
9254,D111848,1,0
5419,D111849,2,0
5516,D111854,2,0
7550,D111860,1,0
9728,D111862,2,0
2323,D111872,1,0
9655,D111881,1,0
1503,D111893,2,0
1020,D111895,2,0
7051,D111912,1,0
4742,D111920,2,0
4662,D111926,1,0
8467,D111930,1,0
7937,D111940,1,0
8988,D111950,2,0
4085,D111951,2,0
1515,D111953,2,0
3396,D111962,2,0
166,D111972,2,0
2173,D111980,1,0
5558,D111992,2,0
5821,D111993,2,0
9192,D111997,2,0
5803,D112015,2,0
7680,D112037,2,0
90,D112041,2,0
3080,D112048,1,0
5899,D112050,2,0
669,D112053,2,0
8322,D112054,2,0
4219,D112059,2,0
7872,D112066,1,0
552,D112089,1,0
5908,D112092,2,0
7570,D112095,2,0
5318,D112100,2,0
2434,D112104,1,0
3862,D112107,1,0
3931,D112138,2,0
9452,D112142,1,0
8480,D112164,1,0
1897,D112171,2,0
3042,D112186,2,0
7638,D112191,2,0
1587,D112206,1,0
6234,D112220,1,0
831,D112226,1,0
1360,D112229,2,0
2845,D112231,1,0
666,D112236,2,0
8560,D112240,2,0
1020,D112274,1,0
2057,D112275,2,0
3727,D112282,1,0
7629,D112285,2,0
9763,D112287,2,0
9555,D112294,1,0
946,D112304,2,0
4194,D112305,1,0
7022,D112326,1,0
127,D112338,2,0
3889,D112340,1,0
7168,D112343,1,0
4826,D112364,2,0
1531,D112375,2,0
3912,D112378,2,0
2399,D112381,1,0
4982,D112414,2,0
5011,D112419,1,0
3947,D112440,2,0
266,D112457,1,0
4431,D112462,1,0
2170,D112469,2,0
1656,D112492,2,0
7493,D112515,1,0
3109,D112520,1,0
4460,D112524,2,0
1073,D112532,1,0
905,D112533,2,0
6973,D112534,2,0
7912,D112550,1,0
1402,D112566,1,0
4556,D112567,1,0
1397,D112573,1,0
5393,D112576,1,0
5449,D112578,1,0
5738,D112584,1,0
8106,D112592,2,0
4521,D112593,1,0
5366,D112597,1,0
9406,D112601,1,0
5140,D112622,2,0
2304,D112648,1,0
7996,D112655,2,0
5289,D112663,2,0
457,D112666,2,0
2791,D112707,1,0
5711,D112713,1,0
7521,D112722,1,0
4795,D112730,2,0
7965,D112746,2,0
3053,D112750,1,0
6113,D112752,2,0
1261,D112760,2,0
1818,D112765,2,0
152,D112767,2,0
8280,D112779,2,0
2559,D112794,2,0
7917,D112801,2,0
2759,D112811,1,0
3533,D112817,1,0
3255,D112823,1,0
620,D112831,2,0
1533,D112837,1,0
2700,D112851,1,0
7910,D112868,2,0
9970,D112882,2,0
265,D112890,2,0
9566,D112892,2,0
8590,D112895,1,0
4917,D112898,2,0
8486,D112902,2,0
6327,D112921,2,0
4723,D112930,1,0
8422,D112940,1,0
4375,D112949,1,0
3098,D112971,1,0
9816,D112972,2,0
2809,D112980,1,0
1672,D112986,2,0
6949,D112989,2,0
6053,D112990,2,0
8760,D113029,2,0
1570,D113034,2,0
1016,D113035,2,0
3519,D113057,1,0
5635,D113075,1,0
2044,D113081,2,0
2524,D113096,2,0
4344,D113109,2,0
2159,D113113,1,0
3850,D113118,2,0
9176,D113119,1,0
8235,D113123,1,0
7255,D113130,2,0
5853,D113151,1,0
1162,D113171,2,0
3756,D113172,2,0
3578,D113190,2,0
2721,D113201,1,0
1338,D113206,1,0
5165,D113209,1,0
5327,D113218,1,0
2901,D113219,2,0
9978,D113227,2,0
4069,D113231,2,0
9527,D113239,2,0
8970,D113240,2,0
4843,D113253,1,0
638,D113261,2,0
5058,D113279,2,0
6894,D113306,1,0
2227,D113307,2,0
8233,D113328,1,0
3136,D113333,2,0
8313,D113335,1,0
9154,D113339,1,0
9188,D113354,1,0
682,D113362,2,0
8648,D113367,1,0
1546,D113377,1,0
4013,D113386,2,0
8611,D113399,2,0
3463,D113402,2,0
3837,D113412,2,0
7768,D113413,2,0
7131,D113431,1,0
1791,D113435,2,0
2976,D113436,2,0
1968,D113437,1,0
3698,D113438,1,0
7920,D113440,2,0
7191,D113457,2,0
219,D113479,1,0
7606,D113496,2,0
3849,D113498,1,0
3645,D113505,2,0
3004,D113514,2,0
3954,D113521,2,0
4687,D113524,2,0
3793,D113532,1,0
9070,D113542,2,0
7056,D113546,2,0
9188,D113567,2,0
4731,D113570,2,0
6650,D113593,2,0
5168,D113605,2,0
3397,D113616,2,0
8896,D113626,1,0
6976,D113636,1,0
8999,D113641,2,0
3699,D113645,1,0
1069,D113660,2,0
3527,D113675,2,0
8012,D113677,2,0
1942,D113681,1,0
1614,D113688,1,0
5083,D113689,2,0
1362,D113698,1,0
2890,D113699,2,0
3492,D113709,1,0
1259,D113713,2,0
7429,D113729,2,0
5520,D113735,1,0
3371,D113736,2,0
5290,D113749,2,0
7869,D113752,2,0
1823,D113759,1,0
8795,D113767,2,0
540,D113772,1,0
8087,D113782,2,0
5970,D113788,1,0
9739,D113797,2,0
3331,D113817,2,0
5469,D113824,1,0
4079,D113832,1,0
5625,D113834,1,0
7840,D113836,1,0
9290,D113840,2,0
2775,D113850,2,0
6313,D113856,1,0
9731,D113858,1,0
170,D113861,1,0
5063,D113862,1,0
2216,D113864,2,0
5005,D113867,2,0
9921,D113868,2,0
7905,D113871,1,0
3792,D113891,2,0
9286,D113893,1,0
6186,D113897,2,0
7753,D113901,2,0
9477,D113904,1,0
7406,D113911,1,0
7018,D113917,1,0
2107,D113922,1,0
5238,D113939,1,0
9247,D113942,2,0
623,D113956,1,0
1355,D113972,1,0
4874,D113981,1,0
9752,D113986,1,0
5069,D113990,2,0
7789,D113993,1,0
5473,D114011,2,0
2968,D114017,2,0
3092,D114032,1,0
7981,D114033,2,0
6357,D114034,1,0
7331,D114044,2,0
4790,D114045,2,0
8837,D114059,1,0
4783,D114078,1,0
950,D114081,2,0
7585,D114085,1,0
824,D114092,2,0
3792,D114103,1,0
1634,D114107,1,0
6023,D114118,1,0
667,D114124,1,0
4770,D114132,1,0
5262,D114142,1,0
4719,D114151,2,0
5639,D114170,1,0
5439,D114172,2,0
9964,D114181,2,0
3764,D114191,2,0
6224,D114215,2,0
390,D114222,1,0
1879,D114225,2,0
5986,D114233,1,0
8208,D114235,2,0
5048,D114237,1,0
1407,D114254,1,0
4603,D114268,2,0
3965,D114274,2,0
3699,D114281,2,0
8139,D114284,2,0
9162,D114296,2,0
3567,D114316,2,0
8388,D114325,2,0
427,D114335,2,0
559,D114344,2,0
9079,D114347,2,0
4294,D114377,1,0
6215,D114381,2,0
644,D114405,2,0
9633,D114440,1,0
5227,D114453,2,0
7032,D114455,1,0
6857,D114467,2,0
1040,D114484,1,0
9282,D114493,2,0
5155,D114500,1,0
3419,D114509,1,0
3513,D114522,2,0
3035,D114523,1,0
5915,D114529,2,0
6997,D114553,1,0
6085,D114556,2,0
2695,D114560,1,0
1448,D114565,1,0
628,D114570,2,0
662,D114573,1,0
2972,D114583,1,0
6438,D114588,1,0
5228,D114589,1,0
5157,D114605,2,0
1529,D114616,1,0
3026,D114617,1,0
3977,D114618,1,0
3498,D114627,1,0
7279,D114638,1,0
1566,D114665,2,0
6713,D114666,1,0
6912,D114667,1,0
6839,D114673,1,0
6300,D114683,2,0
1549,D114685,2,0
3680,D114688,2,0
6684,D114695,2,0
2771,D114698,1,0
66,D114699,2,0
4585,D114702,2,0
3142,D114703,1,0
8830,D114704,2,0
7039,D114706,2,0
7184,D114730,2,0
5165,D114736,2,0
153,D114748,2,0
362,D114752,2,0
2584,D114755,2,0
2360,D114765,2,0
9449,D114773,1,0
8402,D114789,2,0
9734,D114802,2,0
9769,D114817,2,0
3518,D114823,2,0
1781,D114824,1,0
2350,D114830,1,0
8034,D114841,2,0
6928,D114856,2,0
1992,D114864,1,0
472,D114869,2,0
1847,D114871,2,0
4458,D114878,1,0
2549,D114897,2,0
1722,D114904,2,0
937,D114918,1,0
6948,D114919,2,0
3380,D114925,2,0
8143,D114933,1,0
3047,D114934,1,0
8144,D114937,2,0
4259,D114944,1,0
4548,D114957,1,0
7294,D114966,2,0
2215,D114967,1,0
5521,D114968,2,0
3262,D114974,2,0
9511,D114989,2,0
4346,D115014,2,0
7316,D115022,2,0
5068,D115023,2,0
8799,D115028,2,0
3113,D115030,2,0
4866,D115034,2,0
9753,D115036,1,0
3062,D115040,2,0
8135,D115046,2,0
2276,D115051,2,0
8814,D115055,1,0
3831,D115068,2,0
4635,D115069,2,0
6691,D115103,2,0
3771,D115110,1,0
7790,D115128,1,0
4044,D115129,1,0
5937,D115168,1,0
9652,D115172,2,0
5367,D115177,2,0
5492,D115180,2,0
2103,D115197,1,0
1576,D115225,1,0
1789,D115247,2,0
8110,D115263,1,0
7443,D115284,2,0
5104,D115289,2,0
9442,D115298,2,0
9495,D115305,1,0
7102,D115321,2,0
4062,D115340,2,0
5932,D115347,1,0
6920,D115354,1,0
8661,D115396,1,0
6704,D115399,2,0
7385,D115416,1,0
6375,D115438,2,0
3911,D115441,1,0
7852,D115443,1,0
3059,D115445,1,0
921,D115466,2,0
9220,D115477,2,0
1017,D115485,2,0
7967,D115486,2,0
5108,D115505,2,0
73,D115513,2,0
537,D115518,1,0
5923,D115555,2,0
5387,D115557,1,0
8835,D115577,2,0
916,D115586,2,0
2604,D115593,2,0
2448,D115595,2,0
5292,D115602,2,0
3309,D115617,1,0
6124,D115626,2,0
7505,D115641,2,0
6290,D115656,2,0
2380,D115686,2,0
795,D115689,2,0
470,D115696,2,0
4979,D115705,1,0
3392,D115707,1,0
4120,D115715,1,0
561,D115722,2,0
1212,D115740,2,0
790,D115741,1,0
369,D115786,2,0
5018,D115792,2,0
1407,D115798,2,0
6246,D115802,2,0
4241,D115819,2,0
2401,D115822,2,0
7618,D115826,1,0
8679,D115834,2,0
9090,D115848,2,0
2949,D115857,2,0
8395,D115861,2,0
862,D115862,2,0
5153,D115886,2,0
5958,D115895,1,0
7577,D115925,1,0
6289,D115927,1,0
195,D115934,1,0
1553,D115937,2,0
8439,D115943,2,0
9632,D115944,2,0
3025,D115947,1,0
8840,D115955,2,0
433,D115960,1,0
9609,D115971,1,0
879,D115982,2,0
9497,D115985,2,0
2947,D115992,2,0
2072,D116007,2,0
8399,D116014,1,0
5101,D116023,1,0
7312,D116025,2,0
3214,D116041,2,0
3186,D116045,2,0
6072,D116048,2,0
9749,D116053,2,0
8876,D116115,2,0
1243,D116120,1,0
1535,D116127,1,0
8666,D116129,2,0
3308,D116142,1,0
7842,D116144,1,0
3808,D116148,2,0
2751,D116168,2,0
9478,D116173,1,0
5827,D116178,1,0
9202,D116179,2,0
4293,D116194,1,0
8042,D116197,2,0
9643,D116198,2,0
6715,D116212,2,0
3474,D116224,1,0
158,D116230,2,0
2080,D116240,1,0
9229,D116249,2,0
9673,D116251,2,0
7259,D116256,2,0
936,D116258,1,0
6279,D116266,2,0
7024,D116268,2,0
3126,D116272,2,0
3593,D116273,1,0
7177,D116274,2,0
7893,D116300,1,0
642,D116302,2,0
2041,D116311,2,0
7460,D116312,1,0
3210,D116333,2,0
214,D116345,1,0
1424,D116347,1,0
768,D116354,2,0
7742,D116355,1,0
4374,D116356,2,0
6895,D116368,1,0
743,D116373,1,0
2076,D116384,1,0
6598,D116390,1,0
7250,D116395,1,0
3475,D116446,2,0
6431,D116449,1,0
8423,D116470,1,0
3096,D116482,2,0
4785,D116485,2,0
6825,D116486,2,0
9684,D116494,2,0
6495,D116497,1,0
4846,D116500,2,0
9413,D116516,2,0
514,D116518,2,0
3323,D116523,2,0
9088,D116531,2,0
606,D116545,1,0
1153,D116552,1,0
4908,D116558,2,0
1458,D116562,1,0
3507,D116572,2,0
4745,D116574,2,0
4866,D116575,1,0
4086,D116582,1,0
4569,D116584,1,0
8567,D116586,2,0
2217,D116595,2,0
9280,D116599,2,0
486,D116617,2,0
7225,D116623,1,0
7514,D116630,1,0
102,D116652,1,0
2854,D116656,2,0
9071,D116657,2,0
1082,D116660,1,0
9870,D116664,1,0
6260,D116669,2,0
178,D116674,2,0
5053,D116678,2,0
291,D116682,2,0
588,D116685,1,0
1163,D116693,1,0
1272,D116696,2,0
842,D116706,1,0
5933,D116714,2,0
8308,D116715,2,0
8280,D116730,1,0
2357,D116732,1,0
3368,D116750,1,0
3212,D116754,2,0
839,D116757,2,0
4137,D116776,2,0
3055,D116779,1,0
5446,D116784,2,0
9240,D116793,2,0
1941,D116808,2,0
3253,D116819,1,0
6162,D116828,1,0
4409,D116832,2,0
5694,D116851,2,0
1569,D116857,2,0
5698,D116869,2,0
7298,D116895,2,0
2327,D116932,2,0
3920,D116943,2,0
7790,D116945,2,0
4849,D116952,1,0
1728,D116956,2,0
3757,D116964,1,0
5722,D116971,1,0
4781,D116979,2,0
4109,D116983,2,0
7576,D116987,2,0
1653,D117002,2,0
2415,D117024,2,0
4243,D117043,2,0
2130,D117045,2,0
2045,D117058,1,0
5665,D117066,1,0
4798,D117074,1,0
4315,D117080,1,0
7546,D117087,1,0
2042,D117101,1,0
6516,D117117,2,0
3822,D117139,1,0
232,D117146,2,0
1576,D117153,2,0
4492,D117154,2,0
6270,D117163,1,0
3664,D117165,1,0
7175,D117167,1,0
4611,D117169,2,0
5996,D117172,2,0
158,D117177,1,0
3426,D117191,1,0
5015,D117197,2,0
5784,D117221,2,0
5509,D117227,2,0
3142,D117229,2,0
1024,D117235,1,0
5128,D117236,1,0
7174,D117252,2,0
5444,D117255,2,0
9588,D117257,2,0
101,D117260,2,0
1213,D117263,2,0
6758,D117275,1,0
9756,D117276,2,0
2287,D117286,2,0
8962,D117314,2,0
2794,D117325,2,0
9878,D117334,2,0
3431,D117337,1,0
4665,D117338,2,0
9333,D117354,2,0
6858,D117367,2,0
7096,D117373,2,0
6317,D117391,2,0
9518,D117393,2,0
5874,D117395,2,0
7204,D117399,2,0
7061,D117407,1,0
2836,D117409,2,0
6615,D117422,2,0
2581,D117432,2,0
2519,D117464,2,0
8017,D117482,2,0
5052,D117517,1,0
7287,D117521,2,0
4972,D117524,2,0
2083,D117526,2,0
1389,D117533,2,0
3674,D117541,1,0
4559,D117549,1,0
8621,D117590,2,0
3800,D117591,1,0
1510,D117592,2,0
627,D117593,1,0
1670,D117594,2,0
8628,D117602,2,0
7687,D117619,2,0
6953,D117627,2,0
4332,D117633,2,0
1542,D117637,1,0
5731,D117649,1,0
8626,D117657,2,0
1243,D117659,2,0
6532,D117662,2,0
4007,D117664,2,0
4606,D117666,1,0
9606,D117669,1,0
6144,D117682,2,0
300,D117686,1,0
5637,D117687,2,0
895,D117705,1,0
1606,D117723,1,0
5267,D117733,1,0
9186,D117742,2,0
116,D117758,1,0
2542,D117773,2,0
6786,D117797,1,0
491,D117807,2,0
9648,D117827,2,0
3631,D117831,2,0
5804,D117842,2,0
913,D117845,2,0
6419,D117870,2,0
5085,D117872,1,0
1755,D117886,2,0
7261,D117897,2,0
6658,D117902,2,0
2347,D117916,2,0
6428,D117926,1,0
475,D117948,2,0
9367,D117953,1,0
2779,D117956,2,0
5416,D117965,2,0
2281,D117967,1,0
9170,D117968,1,0
2540,D117969,2,0
588,D117970,2,0
868,D117972,2,0
9531,D117978,1,0
1093,D117980,2,0
3781,D117987,1,0
9999,D118002,2,0
694,D118009,1,0
4480,D118032,2,0
9851,D118034,2,0
5209,D118035,1,0
5510,D118043,2,0
3593,D118046,2,0
948,D118063,1,0
3521,D118068,1,0
1285,D118077,2,0
1225,D118095,1,0
4326,D118103,2,0
6364,D118104,2,0
8175,D118118,1,0
302,D118129,2,0
296,D118137,1,0
9060,D118141,1,0
1991,D118168,1,0
5514,D118178,1,0
7231,D118182,2,0
9143,D118186,2,0
7952,D118206,1,0
5358,D118207,2,0
8870,D118228,2,0
1495,D118242,2,0
1365,D118253,2,0
1532,D118302,1,0
6745,D118309,2,0
2560,D118316,2,0
6040,D118328,1,0
1997,D118334,1,0
42,D118338,2,0
5846,D118360,2,0
9412,D118362,1,0
8435,D118375,1,0
613,D118378,1,0
1230,D118385,2,0
7948,D118386,2,0
3155,D118389,1,0
9436,D118395,1,0
5266,D118401,1,0
7452,D118414,1,0
630,D118419,2,0
9661,D118424,2,0
7468,D118428,2,0
4280,D118433,2,0
3516,D118435,2,0
1564,D118450,2,0
1372,D118451,1,0
6171,D118469,2,0
3407,D118475,2,0
3796,D118489,1,0
2688,D118495,1,0
1371,D118518,2,0
3287,D118527,2,0
451,D118535,2,0
8779,D118549,2,0
9063,D118570,2,0
6957,D118573,2,0
4350,D118592,2,0
4850,D118607,2,0
4531,D118609,1,0
1366,D118611,1,0
2150,D118618,1,0
5861,D118630,2,0
5478,D118647,2,0
5574,D118654,1,0
338,D118661,2,0
3767,D118677,1,0
6056,D118680,2,0
212,D118689,2,0
1496,D118691,2,0
7820,D118701,2,0
3962,D118702,1,0
9764,D118710,2,0
3657,D118711,2,0
3480,D118719,1,0
6752,D118736,1,0
7594,D118742,2,0
2397,D118746,2,0
2590,D118761,1,0
4856,D118774,1,0
6491,D118784,1,0
6118,D118799,1,0
9903,D118812,2,0
8647,D118816,1,0
8953,D118832,2,0
3301,D118850,2,0
6756,D118867,2,0
1442,D118869,2,0
2929,D118876,2,0
8199,D118880,2,0
5697,D118886,1,0
7563,D118888,1,0
6177,D118907,2,0
9753,D118910,2,0
957,D118911,2,0
6378,D118928,1,0
7575,D118930,2,0
5960,D118932,2,0
8769,D118954,1,0
2731,D118961,1,0
4081,D118965,1,0
3735,D118970,1,0
2723,D118979,1,0
4383,D118981,2,0
4622,D118989,2,0
5152,D118994,2,0
4094,D118997,2,0
2529,D119003,2,0
4860,D119012,2,0
7751,D119033,1,0
2391,D119053,2,0
246,D119055,2,0
7541,D119064,1,0
5807,D119078,2,0
2313,D119099,2,0
4721,D119114,1,0
6615,D119116,1,0
6326,D119123,1,0
4192,D119132,1,0
9405,D119146,2,0
6257,D119162,2,0
6678,D119164,2,0
9036,D119167,1,0
517,D119173,1,0
2888,D119175,1,0
7047,D119179,2,0
350,D119187,2,0
40,D119192,1,0
9401,D119209,1,0
2456,D119217,2,0
4810,D119219,2,0
9835,D119241,1,0
1716,D119261,1,0
8981,D119263,2,0
8476,D119268,2,0
1894,D119270,1,0
2932,D119283,2,0
3774,D119285,1,0
331,D119289,2,0
2570,D119315,2,0
3129,D119334,1,0
9235,D119340,1,0
8942,D119347,1,0
8253,D119352,2,0
6301,D119364,2,0
9893,D119367,1,0
1907,D119375,1,0
9053,D119377,1,0
5866,D119378,1,0
5361,D119379,2,0
2067,D119386,2,0
9460,D119392,1,0
9435,D119410,2,0
656,D119411,2,0
1062,D119418,2,0
4402,D119420,2,0
6643,D119426,1,0
6398,D119435,2,0
4933,D119465,2,0
7076,D119467,1,0
7998,D119472,2,0
4394,D119475,1,0
1040,D119482,2,0
705,D119524,1,0
1930,D119539,1,0
6110,D119548,1,0
2295,D119554,1,0
6401,D119563,1,0
3245,D119564,1,0
2421,D119578,2,0
5470,D119597,2,0
211,D119607,2,0
3998,D119620,1,0
1025,D119648,2,0
5729,D119652,1,0
2873,D119671,1,0
6262,D119676,2,0
9623,D119686,2,0
2185,D119708,2,0
2021,D119711,2,0
1195,D119726,2,0
3018,D119736,2,0
8085,D119737,1,0
6847,D119738,1,0
3110,D119743,1,0
6876,D119744,2,0
9708,D119748,2,0
5756,D119768,1,0
4623,D119778,2,0
3053,D119793,2,0
4297,D119798,1,0
1676,D119811,2,0
3759,D119817,2,0
5756,D119820,2,0
2088,D119823,2,0
5858,D119837,2,0
71,D119852,1,0
8625,D119854,1,0
376,D119861,1,0
6111,D119866,2,0
3998,D119867,2,0
7071,D119871,1,0
6443,D119872,2,0
4922,D119877,1,0
1457,D119890,2,0
508,D119891,2,0
5807,D119896,1,0
2744,D119897,1,0
1941,D119898,1,0
3994,D119902,2,0
7716,D119946,2,0
2263,D119947,2,0
3002,D119958,2,0
7218,D119967,2,0
4585,D119972,1,0
427,D119985,1,0
6219,D120010,2,0
1345,D120019,2,0
7718,D120023,2,0
5110,D120025,2,0
8227,D120028,2,0
7074,D120029,2,0
660,D120035,1,0
8298,D120053,2,0
6818,D120059,2,0
2010,D120060,1,0
7062,D120061,1,0
1575,D120074,1,0
8523,D120086,2,0
7272,D120089,2,0
5380,D120091,2,0
1637,D120124,1,0
9958,D120125,2,0
6696,D120131,1,0
7587,D120134,2,0
4258,D120158,1,0
1946,D120160,1,0
835,D120161,1,0
1135,D120168,2,0
2975,D120170,1,0
9270,D120203,1,0
2187,D120209,2,0
349,D120216,2,0
4224,D120242,2,0
7182,D120251,2,0
8793,D120253,2,0
2273,D120266,2,0
8021,D120271,1,0
1779,D120272,1,0
473,D120277,2,0
8886,D120285,2,0
6291,D120288,1,0
2198,D120289,2,0
2073,D120300,2,0
473,D120309,1,0
7,D120319,2,0
4418,D120355,1,0
3350,D120360,1,0
141,D120371,1,0
7855,D120374,2,0
9193,D120375,2,0
3788,D120380,2,0
4825,D120383,2,0
6817,D120384,1,0
1766,D120385,2,0
8844,D120389,1,0
4180,D120392,2,0
7992,D120403,1,0
4390,D120425,2,0
6096,D120430,2,0
4236,D120433,2,0
7626,D120435,2,0
7785,D120438,2,0
9965,D120447,2,0
1320,D120448,1,0
2952,D120461,2,0
3279,D120465,2,0
2547,D120471,1,0
3604,D120476,2,0
5392,D120518,2,0
6525,D120526,1,0
9429,D120561,2,0
2825,D120567,1,0
6764,D120586,2,0
6392,D120593,2,0
6623,D120608,1,0
201,D120612,2,0
7251,D120629,1,0
2483,D120633,2,0
9351,D120658,2,0
5777,D120677,1,0
7300,D120678,2,0
3956,D120679,1,0
4363,D120682,2,0
6281,D120688,1,0
8705,D120689,1,0
4099,D120705,1,0
5971,D120707,2,0
2348,D120724,1,0
2444,D120727,2,0
1367,D120733,1,0
7549,D120749,1,0
2621,D120752,2,0
5772,D120757,1,0
6,D120760,2,0
8,D120773,1,0
3449,D120779,2,0
5321,D120780,1,0
4636,D120784,1,0
6748,D120788,2,0
2149,D120804,2,0
5822,D120820,1,0
8478,D120822,1,0
4932,D120835,2,0
593,D120836,2,0
5872,D120844,2,0
494,D120848,1,0
1082,D120864,2,0
4875,D120869,1,0
2571,D120870,1,0
2845,D120886,2,0
5720,D120889,1,0
2729,D120893,2,0
4882,D120906,1,0
123,D120907,1,0
4886,D120913,2,0
288,D120946,2,0
475,D120949,1,0
2746,D120953,1,0
3447,D120993,1,0
7302,D120995,1,0
4618,D120997,2,0
1064,D121009,1,0
3560,D121010,2,0
9973,D121016,2,0
5109,D121020,1,0
7314,D121023,2,0
259,D121033,1,0
5102,D121036,2,0
8513,D121040,2,0
1057,D121054,2,0
6322,D121059,1,0
2464,D121071,1,0
959,D121074,2,0
4039,D121083,2,0
4161,D121096,1,0
1889,D121103,2,0
7812,D121108,1,0
5926,D121110,1,0
8038,D121115,2,0
7393,D121139,1,0
1272,D121142,1,0
8721,D121158,2,0
8437,D121159,2,0
4208,D121181,2,0
6319,D121185,1,0
8171,D121187,1,0
6047,D121199,2,0
6910,D121215,2,0
1774,D121219,1,0
4891,D121240,2,0
6359,D121244,1,0
8751,D121262,2,0
6188,D121270,1,0
6297,D121273,1,0
416,D121289,1,0
7377,D121321,2,0
5951,D121326,2,0
3087,D121328,1,0
4801,D121329,2,0
6412,D121351,1,0
4908,D121358,1,0
1699,D121360,2,0
4357,D121366,1,0
7019,D121371,2,0
9310,D121386,2,0
9013,D121398,1,0
1233,D121430,2,0
6379,D121436,1,0
7455,D121456,2,0
6086,D121482,1,0
2676,D121492,2,0
6537,D121511,2,0
5725,D121514,2,0
8442,D121515,2,0
9933,D121517,1,0
6635,D121519,1,0
7556,D121521,2,0
5620,D121525,1,0
5948,D121532,1,0
3710,D121551,2,0
391,D121552,2,0
2863,D121559,2,0
8051,D121563,1,0
1401,D121568,1,0
3566,D121573,2,0
3827,D121596,1,0
9387,D121602,2,0
9658,D121606,1,0
9023,D121619,2,0
8849,D121622,1,0
6099,D121632,2,0
425,D121638,1,0
5269,D121639,1,0
2776,D121646,1,0
3310,D121648,2,0
8641,D121662,1,0
6385,D121671,1,0
9227,D121676,1,0
5965,D121691,1,0
841,D121717,2,0
2673,D121719,1,0
9342,D121721,1,0
6879,D121731,1,0
1158,D121739,2,0
6600,D121742,2,0
3032,D121751,2,0
5602,D121752,2,0
6051,D121753,2,0
1732,D121755,1,0
4729,D121765,1,0
3789,D121775,1,0
3668,D121779,1,0
1184,D121780,2,0
4132,D121801,2,0
7862,D121807,1,0
7878,D121818,2,0
6352,D121827,2,0
9394,D121828,2,0
1423,D121830,1,0
5852,D121838,2,0
1964,D121841,1,0
9018,D121849,2,0
1115,D121864,2,0
6229,D121866,2,0
6190,D121870,2,0
2585,D121878,1,0
7246,D121879,2,0
5557,D121889,1,0
770,D121900,2,0
1356,D121903,2,0
6700,D121904,2,0
7402,D121908,2,0
2741,D121911,1,0
5925,D121917,1,0
1733,D121921,1,0
128,D121923,2,0
9898,D121943,2,0
7102,D121952,1,0
5875,D121953,1,0
9384,D121971,1,0
8418,D121974,2,0
9240,D121976,1,0
856,D121978,1,0
4998,D122003,2,0
2525,D122024,1,0
3182,D122027,2,0
8378,D122033,2,0
3828,D122038,1,0
7495,D122065,2,0
5043,D122075,2,0
1252,D122089,1,0
4258,D122109,2,0
7774,D122112,2,0
1893,D122114,1,0
5452,D122118,1,0
2644,D122124,2,0
7760,D122133,2,0
1850,D122136,2,0
5862,D122151,1,0
6114,D122155,1,0
9906,D122169,1,0
3537,D122187,1,0
4096,D122189,2,0
1432,D122197,1,0
8251,D122202,1,0
5371,D122216,2,0
2125,D122224,1,0
200,D122231,1,0
6699,D122235,2,0
8809,D122244,1,0
1135,D122251,1,0
548,D122257,1,0
3826,D122259,2,0
2113,D122264,1,0
2226,D122265,1,0
7218,D122293,1,0
3035,D122303,2,0
637,D122306,2,0
5039,D122312,2,0
8314,D122320,2,0
3745,D122321,2,0
627,D122325,2,0
9719,D122330,1,0
6702,D122357,2,0
1073,D122358,2,0
1744,D122363,1,0
4178,D122368,2,0
7808,D122371,2,0
2662,D122376,1,0
4151,D122380,2,0
4889,D122390,1,0
599,D122411,2,0
3840,D122420,2,0
3156,D122441,1,0
7964,D122472,1,0
6514,D122486,2,0
3261,D122511,2,0
7292,D122512,1,0
1501,D122515,1,0
7851,D122526,1,0
2982,D122528,1,0
1749,D122534,1,0
2596,D122535,2,0
1787,D122540,2,0
5485,D122541,2,0
2054,D122545,2,0
8973,D122550,1,0
6036,D122552,1,0
8227,D122570,1,0
4160,D122573,1,0
8363,D122576,2,0
2361,D122585,2,0
2183,D122590,2,0
6526,D122594,2,0
5713,D122614,2,0
2459,D122615,1,0
7350,D122619,2,0
5161,D122620,2,0
9171,D122641,2,0
7126,D122654,1,0
9494,D122659,2,0
2834,D122661,1,0
3229,D122663,2,0
4278,D122667,1,0
7782,D122668,1,0
88,D122698,2,0
1467,D122721,2,0
3064,D122724,1,0
8534,D122746,1,0
3772,D122780,2,0
1339,D122791,1,0
9886,D122795,1,0
2615,D122816,1,0
4762,D122819,2,0
9653,D122823,2,0
2754,D122828,1,0
490,D122829,2,0
8752,D122844,2,0
6628,D122877,2,0
8450,D122886,2,0
5879,D122894,2,0
7669,D122899,1,0
465,D122900,2,0
8646,D122906,2,0
6870,D122912,2,0
4943,D122914,2,0
7453,D122916,2,0
7630,D122917,2,0
1686,D122920,2,0
7473,D122942,2,0
1323,D122949,1,0
3157,D122957,2,0
6505,D122968,2,0
5163,D122981,2,0
342,D122982,2,0
472,D122992,1,0
6168,D122994,1,0
3759,D122995,1,0
5540,D122996,1,0
3469,D123000,1,0
3007,D123013,2,0
1047,D123024,1,0
6627,D123031,1,0
5498,D123040,1,0
5894,D123064,1,0
4285,D123072,2,0
4027,D123074,2,0
1168,D123075,2,0
9075,D123082,2,0
5748,D123083,2,0
4868,D123087,2,0
901,D123089,1,0
6562,D123099,2,0
2785,D123107,2,0
1741,D123109,2,0
9953,D123115,2,0
2921,D123117,1,0
6697,D123126,1,0
9239,D123136,1,0
7012,D123141,1,0
2289,D123142,2,0
2107,D123143,2,0
5333,D123156,2,0
721,D123199,1,0
6106,D123200,1,0
6298,D123212,2,0
9592,D123213,2,0
1129,D123218,2,0
8058,D123219,2,0
143,D123222,2,0
2909,D123229,1,0
6631,D123234,1,0
4441,D123253,1,0
1045,D123258,2,0
5081,D123278,1,0
8025,D123286,2,0
9126,D123292,2,0
1792,D123304,1,0
846,D123314,2,0
563,D123319,2,0
8347,D123332,1,0
8720,D123333,2,0
1341,D123337,1,0
8695,D123355,1,0
9124,D123373,1,0
3681,D123379,2,0
5463,D123383,2,0
7909,D123384,1,0
8607,D123386,2,0
9303,D123394,1,0
2379,D123416,1,0
1758,D123435,1,0
4730,D123440,2,0
1575,D123457,2,0
5513,D123460,2,0
6545,D123462,2,0
285,D123479,1,0
9941,D123482,2,0
8537,D123486,1,0
8459,D123488,1,0
8372,D123489,2,0
8028,D123494,2,0
8930,D123495,2,0
4682,D123499,2,0
6394,D123509,2,0
7866,D123512,2,0
4275,D123513,1,0
5632,D123520,1,0
119,D123530,2,0
4050,D123533,1,0
6542,D123535,2,0
6815,D123551,2,0
7696,D123552,1,0
3149,D123560,2,0
4172,D123566,1,0
2891,D123574,1,0
1143,D123575,2,0
3006,D123592,2,0
4677,D123605,1,0
6423,D123619,2,0
6674,D123620,1,0
3547,D123622,2,0
218,D123624,1,0
8829,D123628,2,0
569,D123630,2,0
1540,D123645,2,0
8392,D123654,2,0
2413,D123661,1,0
5320,D123664,1,0
6807,D123686,2,0
819,D123704,2,0
4657,D123726,1,0
9561,D123733,2,0
2855,D123745,2,0
2071,D123769,1,0
761,D123778,2,0
8257,D123795,1,0
2177,D123804,1,0
8337,D123827,2,0
1764,D123838,1,0
1855,D123840,1,0
3975,D123847,2,0
6009,D123854,1,0
7027,D123860,1,0
9381,D123862,2,0
9587,D123894,2,0
586,D123898,1,0
7600,D123905,1,0
2718,D123910,1,0
3790,D123915,2,0
5248,D123916,2,0
2827,D123917,2,0
9386,D123941,2,0
3151,D123961,2,0
9076,D123971,2,0
7847,D123975,2,0
9722,D123979,2,0
7201,D123982,2,0
2436,D123991,1,0
3473,D123994,2,0
8768,D123996,2,0
7656,D124005,2,0
1444,D124022,1,0
1684,D124030,2,0
9891,D124041,2,0
5798,D124043,1,0
61,D124062,2,0
322,D124071,2,0
8387,D124078,2,0
2841,D124098,2,0
270,D124101,2,0
8099,D124102,2,0
1530,D124103,1,0
6389,D124117,2,0
6526,D124122,1,0
3006,D124124,1,0
994,D124125,2,0
1662,D124129,1,0
4327,D124140,2,0
649,D124147,2,0
4491,D124155,1,0
4469,D124163,1,0
3465,D124171,2,0
9896,D124187,1,0
2654,D124195,2,0
6041,D124197,2,0
4158,D124223,1,0
8052,D124225,2,0
1959,D124231,2,0
3774,D124239,2,0
9120,D124242,1,0
6087,D124260,1,0
4800,D124265,1,0
624,D124267,2,0
1199,D124281,2,0
4877,D124282,1,0
9486,D124292,1,0
5092,D124295,1,0
2686,D124309,2,0
7679,D124314,2,0
9058,D124319,2,0
5666,D124332,2,0
6353,D124345,2,0
8739,D124347,2,0
1936,D124349,2,0
2869,D124356,1,0
6401,D124360,2,0
5793,D124366,1,0
86,D124367,2,0
2733,D124375,2,0
7142,D124377,1,0
1801,D124391,2,0
9852,D124417,1,0
3268,D124420,2,0
2958,D124430,2,0
4772,D124440,2,0
1097,D124455,1,0
3110,D124480,2,0
9540,D124481,2,0
3828,D124487,2,0
4217,D124490,1,0
5365,D124493,2,0
1003,D124506,2,0
5609,D124516,1,0
8413,D124522,1,0
3893,D124527,2,0
6707,D124550,1,0
4187,D124551,2,0
2001,D124561,1,0
8954,D124565,1,0
1010,D124589,2,0
449,D124606,2,0
674,D124607,2,0
5311,D124616,2,0
4961,D124624,1,0
667,D124625,2,0
5614,D124635,2,0
2956,D124637,2,0
1047,D124639,2,0
3393,D124643,2,0
4285,D124653,1,0
5442,D124655,1,0
2169,D124671,1,0
4014,D124682,2,0
7648,D124683,2,0
914,D124694,1,0
8520,D124707,2,0
264,D124715,2,0
8707,D124732,2,0
6736,D124740,2,0
9979,D124748,2,0
6276,D124749,2,0
7975,D124761,1,0
4916,D124770,2,0
9404,D124775,2,0
4696,D124779,1,0
1125,D124814,1,0
564,D124816,2,0
8433,D124817,1,0
2126,D124823,2,0
155,D124824,1,0
1174,D124832,1,0
7701,D124848,2,0
8045,D124864,2,0
9789,D124866,2,0
2830,D124877,1,0
5184,D124889,2,0
4322,D124895,2,0
5066,D124909,2,0
4221,D124914,1,0
6233,D124918,2,0
9687,D124936,2,0
6430,D124937,1,0
4477,D124942,1,0
9326,D124943,2,0
8136,D124944,2,0
4441,D124978,2,0
4542,D124992,1,0
9483,D124998,1,0
3352,D125009,2,0
926,D125020,1,0
9973,D125021,1,0
3556,D125055,1,0
6964,D125071,1,0
2503,D125094,2,0
9052,D125105,1,0
533,D125106,2,0
5826,D125119,1,0
3030,D125120,2,0
3830,D125122,2,0
5093,D125130,1,0
5524,D125143,1,0
8072,D125147,1,0
1670,D125148,1,0
8292,D125163,1,0
3425,D125164,2,0
922,D125207,1,0
4136,D125211,1,0
8723,D125230,1,0
6703,D125249,1,0
6174,D125255,1,0
7940,D125264,2,0
3360,D125275,1,0
8694,D125277,2,0
7486,D125287,1,0
9220,D125293,1,0
8448,D125295,1,0
1918,D125304,1,0
112,D125320,1,0
7144,D125322,2,0
2100,D125331,1,0
652,D125333,2,0
4145,D125348,1,0
6454,D125351,1,0
4627,D125362,1,0
1653,D125365,1,0
9899,D125382,2,0
6076,D125384,2,0
3608,D125390,2,0
6185,D125395,2,0
4129,D125404,2,0
4896,D125405,2,0
1889,D125407,1,0
2502,D125422,2,0
9881,D125429,2,0
4806,D125432,2,0
3579,D125436,2,0
9215,D125447,1,0
7108,D125462,2,0
6919,D125465,2,0
4356,D125466,2,0
1603,D125468,2,0
9450,D125476,2,0
6559,D125492,1,0
6930,D125494,2,0
9925,D125506,1,0
5942,D125508,2,0
1937,D125516,2,0
8509,D125528,2,0
7560,D125534,1,0
7834,D125543,2,0
6763,D125544,2,0
6785,D125550,2,0
4706,D125563,1,0
1058,D125565,2,0
8664,D125602,2,0
104,D125609,2,0
4227,D125614,1,0
3898,D125626,1,0
8980,D125630,1,0
8329,D125633,2,0
9793,D125635,1,0
7236,D125637,1,0
325,D125639,2,0
7562,D125645,1,0
3450,D125648,2,0
5895,D125649,2,0
9720,D125662,1,0
5159,D125678,1,0
8714,D125680,2,0
6887,D125690,2,0
8213,D125705,2,0
3526,D125713,2,0
9459,D125724,2,0
3204,D125733,1,0
6702,D125740,1,0
9485,D125744,2,0
5192,D125745,2,0
2677,D125747,1,0
4343,D125753,1,0
309,D125757,1,0
4203,D125759,2,0
196,D125771,2,0
9399,D125779,1,0
9194,D125785,1,0
3875,D125797,2,0
4474,D125799,1,0
4527,D125802,1,0
4727,D125804,1,0
3758,D125806,2,0
3385,D125823,2,0
6731,D125828,1,0
7695,D125832,1,0
6884,D125835,1,0
7646,D125836,1,0
753,D125848,1,0
9411,D125853,2,0
2303,D125854,1,0
801,D125862,1,0
1720,D125865,2,0
385,D125867,2,0
8341,D125869,2,0
8188,D125898,1,0
3141,D125906,2,0
9322,D125916,1,0
9040,D125918,2,0
5445,D125930,1,0
4896,D125940,1,0
5411,D125942,1,0
2892,D125943,1,0
8702,D125983,2,0
2837,D125984,2,0
3242,D125997,2,0
4188,D125999,1,0
974,D126011,1,0
1612,D126017,1,0
7004,D126018,2,0
4911,D126028,2,0
9784,D126030,2,0
6451,D126045,2,0
6737,D126058,2,0
8374,D126063,2,0
5860,D126072,2,0
4290,D126091,2,0
1739,D126119,2,0
5798,D126138,2,0
6058,D126142,2,0
6857,D126168,1,0
6170,D126173,2,0
4803,D126176,2,0
923,D126184,2,0
3480,D126188,2,0
4644,D126191,1,0
7340,D126214,1,0
3651,D126218,2,0
2214,D126236,2,0
2995,D126240,2,0
8493,D126268,2,0
8691,D126271,2,0
3845,D126272,1,0
5215,D126278,2,0
3380,D126292,1,0
105,D126304,1,0
7291,D126309,2,0
6301,D126312,1,0
4707,D126325,2,0
1538,D126326,1,0
2632,D126327,1,0
6173,D126333,1,0
3535,D126335,2,0
6455,D126350,1,0
7287,D126352,1,0
3067,D126354,2,0
314,D126355,1,0
5316,D126358,1,0
6700,D126377,1,0
326,D126395,2,0
4080,D126420,2,0
7477,D126442,1,0
8808,D126447,1,0
1663,D126449,1,0
484,D126450,2,0
8741,D126462,2,0
5356,D126483,2,0
2301,D126489,2,0
5805,D126505,2,0
5918,D126520,2,0
2469,D126528,2,0
1856,D126539,2,0
7995,D126540,1,0
5536,D126551,2,0
1727,D126555,2,0
5074,D126559,1,0
3349,D126585,1,0
1588,D126588,2,0
9065,D126593,2,0
3984,D126599,2,0
6358,D126605,2,0
5927,D126610,2,0
7964,D126612,2,0
5292,D126624,1,0
5974,D126625,2,0
2605,D126630,2,0
5491,D126634,2,0
2226,D126643,2,0
647,D126655,2,0
1126,D126657,1,0
6407,D126662,1,0
9006,D126663,2,0
2832,D126666,1,0
7535,D126679,2,0
8928,D126681,1,0
9421,D126692,1,0
6855,D126694,2,0
749,D126696,2,0
838,D126727,1,0
971,D126732,2,0
7779,D126741,2,0
6644,D126744,2,0
485,D126755,2,0
5309,D126760,1,0
3820,D126763,1,0
3211,D126774,2,0
556,D126777,1,0
2294,D126789,1,0
6484,D126796,2,0
8833,D126799,2,0
9743,D126802,1,0
8712,D126805,1,0
5405,D126819,1,0
8416,D126822,2,0
6034,D126835,1,0
5577,D126837,1,0
8516,D126839,1,0
9966,D126844,1,0
7182,D126847,1,0
3675,D126854,1,0
535,D126860,2,0
2134,D126861,2,0
9781,D126874,2,0
76,D126876,1,0
1862,D126911,2,0
4506,D126919,2,0
3228,D126953,1,0
3453,D126954,1,0
9302,D126956,2,0
4442,D126958,1,0
2788,D126968,1,0
2510,D126970,1,0
7735,D126972,1,0
7652,D126976,1,0
5244,D126978,2,0
1807,D126980,2,0
4695,D126981,1,0
7369,D126986,1,0
9631,D126993,1,0
2820,D126994,1,0
546,D127001,1,0
2425,D127004,2,0
4927,D127016,2,0
4528,D127031,2,0
6862,D127035,2,0
452,D127039,2,0
3706,D127043,2,0
5342,D127056,1,0
9887,D127058,2,0
495,D127085,2,0
9101,D127092,2,0
7546,D127102,2,0
1191,D127119,2,0
9253,D127126,2,0
8553,D127143,2,0
17,D127144,2,0
2843,D127149,2,0
6125,D127154,2,0
2338,D127158,1,0
1026,D127190,1,0
5232,D127194,2,0
8331,D127206,1,0
3346,D127220,2,0
3384,D127226,1,0
783,D127227,2,0
6364,D127229,1,0
392,D127236,1,0
1739,D127243,1,0
906,D127248,2,0
3494,D127265,1,0
2266,D127272,1,0
4756,D127283,1,0
7308,D127293,1,0
7132,D127296,2,0
7420,D127314,2,0
9837,D127323,2,0
8105,D127329,2,0
7073,D127334,2,0
8893,D127348,2,0
572,D127349,2,0
6840,D127350,1,0
9306,D127354,2,0
3561,D127355,2,0
8242,D127359,2,0
2101,D127364,2,0
1374,D127375,2,0
3995,D127377,2,0
1849,D127386,1,0
1582,D127390,2,0
6859,D127395,2,0
6481,D127427,1,0
2135,D127429,2,0
5746,D127446,2,0
5635,D127467,2,0
6493,D127472,2,0
5460,D127473,2,0
2403,D127487,1,0
3054,D127499,2,0
3776,D127503,2,0
74,D127507,1,0
7694,D127508,2,0
5741,D127512,2,0
1050,D127521,2,0
8344,D127524,1,0
5769,D127533,2,0
1096,D127535,2,0
2181,D127540,1,0
5443,D127541,2,0
6346,D127548,2,0
778,D127554,2,0
896,D127556,1,0
2155,D127562,2,0
9656,D127566,2,0
1783,D127570,2,0
363,D127573,2,0
3697,D127587,1,0
2633,D127589,1,0
7857,D127591,1,0
9624,D127600,2,0
8326,D127604,2,0
7432,D127619,2,0
7815,D127627,1,0
918,D127633,2,0
7301,D127635,1,0
2371,D127640,2,0
4239,D127648,2,0
6166,D127661,2,0
197,D127686,1,0
5578,D127700,2,0
5579,D127708,2,0
7002,D127714,2,0
2708,D127719,2,0
1582,D127725,1,0
7273,D127727,2,0
5403,D127739,1,0
1631,D127754,2,0
9989,D127757,1,0
2757,D127759,2,0
4824,D127775,1,0
6682,D127781,1,0
5070,D127791,1,0
7876,D127800,1,0
9935,D127802,1,0
5590,D127804,1,0
1651,D127809,2,0
1482,D127815,2,0
352,D127818,2,0
6146,D127823,2,0
6342,D127844,1,0
190,D127851,2,0
9617,D127856,2,0
4854,D127859,2,0
1691,D127868,1,0
4289,D127880,1,0
4471,D127885,2,0
9344,D127889,2,0
9989,D127893,2,0
8609,D127903,2,0
1388,D127911,1,0
8061,D127914,1,0
11,D127919,2,0
6855,D127930,1,0
9303,D127942,2,0
280,D127949,1,0
8140,D127963,2,0
9604,D127967,2,0
3958,D127975,1,0
9508,D127985,2,0
1028,D127996,1,0
881,D127999,2,0
4499,D128015,1,0
1693,D128022,1,0
364,D128023,2,0
4450,D128039,2,0
4774,D128044,1,0
4959,D128045,1,0
1910,D128057,1,0
4060,D128068,2,0
1589,D128073,1,0
7289,D128075,2,0
4803,D128078,1,0
1488,D128082,2,0
3812,D128097,1,0
4347,D128102,2,0
6832,D128107,1,0
2186,D128116,2,0
6502,D128120,1,0
4424,D128126,2,0
8826,D128135,2,0
6510,D128148,2,0
8716,D128151,2,0
579,D128153,2,0
3844,D128154,2,0
1290,D128155,2,0
788,D128173,1,0
6403,D128179,2,0
1619,D128186,2,0
8137,D128205,1,0
1279,D128221,1,0
5782,D128229,1,0
3106,D128231,1,0
1452,D128242,2,0
6235,D128245,1,0
6618,D128256,2,0
3077,D128259,1,0
3885,D128264,1,0
9658,D128273,2,0
7113,D128286,1,0
1415,D128290,1,0
2865,D128297,1,0
7363,D128302,1,0
2979,D128306,1,0
2132,D128321,2,0
5067,D128329,1,0
5560,D128340,1,0
5508,D128342,2,0
100,D128356,2,0
1895,D128363,1,0
8902,D128364,1,0
9161,D128370,1,0
1173,D128375,2,0
2433,D128386,2,0
1435,D128403,2,0
769,D128406,2,0
5232,D128417,1,0
7688,D128432,1,0
4880,D128434,1,0
7447,D128437,2,0
2194,D128442,2,0
4337,D128446,2,0
2038,D128448,2,0
9827,D128458,1,0
7120,D128466,1,0
286,D128467,2,0
7231,D128468,1,0
9864,D128470,2,0
2521,D128488,2,0
7948,D128490,1,0
3957,D128491,2,0
3802,D128493,1,0
8597,D128514,2,0
4980,D128519,1,0
4121,D128521,2,0
4074,D128525,2,0
6281,D128527,2,0
5574,D128530,2,0
7130,D128538,2,0
193,D128546,2,0
3148,D128562,1,0
8291,D128564,1,0
6790,D128565,2,0
7649,D128566,1,0
7013,D128578,1,0
4624,D128585,1,0
731,D128586,2,0
9875,D128596,2,0
7117,D128605,2,0
2298,D128606,1,0
3183,D128608,1,0
261,D128624,2,0
8324,D128631,2,0
3510,D128635,2,0
2387,D128640,1,0
2526,D128645,2,0
8135,D128660,1,0
255,D128677,1,0
796,D128681,2,0
8168,D128689,1,0
9010,D128694,1,0
8034,D128695,1,0
4184,D128715,1,0
1943,D128721,2,0
1433,D128725,1,0
3440,D128729,1,0
9139,D128731,2,0
3993,D128733,1,0
3898,D128739,2,0
4257,D128742,1,0
7691,D128755,2,0
2871,D128767,2,0
3154,D128775,2,0
6119,D128797,2,0
2116,D128814,2,0
4740,D128827,1,0
2916,D128841,2,0
3545,D128848,2,0
5677,D128849,1,0
818,D128861,1,0
4360,D128863,2,0
2678,D128872,2,0
5375,D128880,2,0
7839,D128895,2,0
5531,D128896,1,0
4398,D128897,2,0
8800,D128911,2,0
1881,D128914,1,0
4229,D128926,1,0
2968,D128929,1,0
6714,D128944,2,0
1352,D128951,1,0
6541,D128964,2,0
8054,D128968,1,0
4260,D128974,2,0
21,D128975,1,0
2097,D128977,2,0
8505,D128985,1,0
421,D129001,2,0
8114,D129004,1,0
8286,D129006,2,0
2124,D129013,1,0
5434,D129017,2,0
9584,D129040,1,0
655,D129064,1,0
5397,D129065,2,0
5325,D129067,1,0
2591,D129078,2,0
9104,D129087,2,0
5898,D129093,2,0
4147,D129105,2,0
1629,D129147,2,0
532,D129153,1,0
8213,D129155,1,0
1353,D129175,2,0
7991,D129181,1,0
1580,D129187,1,0
7194,D129189,2,0
442,D129191,1,0
8198,D129199,1,0
4885,D129201,2,0
2787,D129208,2,0
6131,D129211,2,0
758,D129213,2,0
323,D129222,1,0
9351,D129229,1,0
2459,D129243,2,0
8749,D129249,2,0
5967,D129257,1,0
32,D129264,2,0
5211,D129268,2,0
5848,D129269,1,0
1001,D129271,1,0
1762,D129278,2,0
491,D129279,1,0
1500,D129280,2,0
1053,D129296,1,0
1133,D129314,1,0
1130,D129323,2,0
3374,D129342,1,0
2357,D129356,2,0
5023,D129362,1,0
3079,D129364,1,0
4699,D129370,1,0
6295,D129382,1,0
7514,D129385,2,0
4391,D129395,1,0
7492,D129396,2,0
1667,D129400,1,0
8395,D129418,1,0
5432,D129421,2,0
973,D129427,2,0
5255,D129432,1,0
7119,D129435,1,0
5542,D129463,1,0
1301,D129487,2,0
8230,D129494,2,0
8006,D129499,2,0
591,D129513,2,0
3466,D129514,2,0
8645,D129522,1,0
9963,D129554,2,0
2280,D129562,1,0
9097,D129574,1,0
8593,D129579,2,0
9863,D129587,2,0
1490,D129591,1,0
7397,D129595,2,0
5322,D129596,1,0
7540,D129610,2,0
3493,D129630,2,0
949,D129633,2,0
598,D129644,1,0
4376,D129664,2,0
1927,D129668,1,0
7782,D129678,2,0
5339,D129689,2,0
8812,D129690,2,0
859,D129695,2,0
4534,D129707,2,0
6073,D129710,1,0
4269,D129713,2,0
7510,D129716,1,0
6089,D129728,2,0
1340,D129739,2,0
5845,D129741,2,0
2844,D129743,2,0
567,D129744,1,0
365,D129752,2,0
74,D129759,2,0
8310,D129772,1,0
7138,D129780,1,0
7798,D129791,2,0
6133,D129795,1,0
6259,D129798,2,0
7977,D129835,2,0
4261,D129842,2,0
698,D129847,2,0
6451,D129858,1,0
4312,D129878,2,0
1412,D129880,2,0
5156,D129884,2,0
2533,D129895,2,0
9365,D129901,2,0
3312,D129903,2,0
7936,D129906,2,0
244,D129908,1,0
2485,D129926,1,0
3878,D129928,2,0
1030,D129935,2,0
315,D129944,1,0
7498,D129961,2,0
5303,D129962,1,0
5653,D129970,1,0
9831,D129977,2,0
1914,D129987,1,0
7816,D129988,2,0
3239,D129993,1,0
7626,D130001,1,0
3620,D130008,2,0
2306,D130014,1,0
7572,D130027,2,0
1157,D130036,2,0
2708,D130051,1,0
3329,D130060,2,0
789,D130063,2,0
7541,D130071,2,0
3959,D130083,2,0
6831,D130088,2,0
8860,D130117,2,0
1348,D130127,2,0
5989,D130133,2,0
6282,D130141,1,0
1630,D130142,1,0
6528,D130154,2,0
9554,D130165,2,0
2439,D130169,1,0
2044,D130172,1,0
8021,D130181,2,0
3131,D130183,1,0
8858,D130193,1,0
8014,D130200,2,0
3580,D130203,2,0
8474,D130206,2,0
4807,D130208,2,0
7204,D130220,1,0
2472,D130226,2,0
5978,D130236,2,0
6989,D130241,1,0
5108,D130250,1,0
6918,D130259,1,0
3193,D130261,1,0
5791,D130267,1,0
8895,D130275,1,0
4809,D130280,1,0
5343,D130289,1,0
5208,D130297,1,0
411,D130300,2,0
7572,D130329,1,0
6140,D130334,2,0
2027,D130338,2,0
104,D130341,1,0
103,D130342,1,0
4338,D130343,1,0
1339,D130349,2,0
3091,D130350,2,0
8645,D130352,2,0
9767,D130355,1,0
9385,D130357,1,0
401,D130369,1,0
6084,D130382,2,0
1264,D130386,2,0
578,D130389,2,0
9528,D130390,2,0
7198,D130400,2,0
8464,D130404,1,0
8689,D130420,2,0
4987,D130443,2,0
1456,D130451,1,0
1930,D130465,2,0
4125,D130466,2,0
6805,D130469,1,0
6988,D130476,1,0
1956,D130478,2,0
22,D130481,1,0
914,D130483,2,0
5284,D130492,2,0
3603,D130525,2,0
5566,D130530,1,0
7371,D130534,2,0
5039,D130541,1,0
2966,D130553,2,0
718,D130567,1,0
1022,D130568,1,0
3068,D130578,1,0
7439,D130593,1,0
5975,D130606,2,0
1730,D130628,2,0
4420,D130630,1,0
6487,D130635,2,0
7756,D130636,1,0
8189,D130648,2,0
7661,D130651,2,0
9004,D130652,1,0
6929,D130653,2,0
549,D130666,2,0
6679,D130673,2,0
3841,D130677,2,0
5733,D130695,2,0
3040,D130709,2,0
6669,D130713,1,0
3600,D130719,1,0
330,D130736,2,0
5483,D130747,1,0
2253,D130763,2,0
9861,D130765,1,0
5376,D130790,1,0
9642,D130814,1,0
4784,D130816,2,0
1971,D130817,2,0
7876,D130821,2,0
9670,D130841,1,0
4074,D130845,1,0
497,D130867,2,0
3290,D130886,1,0
3100,D130894,1,0
897,D130909,2,0
4502,D130914,1,0
3296,D130915,2,0
6029,D130934,2,0
4080,D130940,1,0
1511,D130954,2,0
3848,D130962,2,0
8997,D130966,2,0
866,D130974,1,0
3882,D130983,2,0
7049,D130992,2,0
3084,D130993,2,0
7258,D130997,2,0
7973,D131002,2,0
4155,D131003,2,0
4144,D131004,1,0
756,D131007,1,0
2346,D131011,2,0
9102,D131020,2,0
5901,D131031,1,0
1103,D131040,2,0
2280,D131041,2,0
5252,D131045,1,0
9178,D131065,2,0
4414,D131070,2,0
295,D131074,2,0
8959,D131078,1,0
4202,D131082,2,0
1441,D131097,1,0
7856,D131098,2,0
3155,D131107,2,0
4763,D131110,2,0
3944,D131120,1,0
6044,D131130,2,0
6309,D131133,1,0
3795,D131139,1,0
2334,D131141,2,0
7942,D131148,1,0
694,D131154,2,0
880,D131160,2,0
1265,D131161,2,0
4764,D131169,2,0
5405,D131170,2,0
518,D131172,2,0
2386,D131173,1,0
390,D131175,2,0
3812,D131178,2,0
2550,D131185,2,0
8527,D131216,2,0
6195,D131221,2,0
8215,D131229,1,0
2377,D131246,1,0
9713,D131248,2,0
6319,D131256,2,0
9829,D131266,1,0
5925,D131270,2,0
1286,D131273,1,0
755,D131274,1,0
4461,D131277,2,0
3105,D131284,1,0
4036,D131285,2,0
7871,D131295,1,0
3615,D131296,1,0
1648,D131302,2,0
8503,D131304,1,0
9849,D131310,1,0
6540,D131313,2,0
2274,D131317,1,0
9072,D131329,2,0
6814,D131335,2,0
3230,D131336,2,0
7870,D131343,2,0
2615,D131348,2,0
8172,D131349,2,0
8335,D131359,2,0
9213,D131360,2,0
7662,D131364,1,0
9291,D131377,2,0
6128,D131380,1,0
6657,D131388,1,0
9157,D131389,1,0
1291,D131400,1,0
7382,D131401,2,0
4802,D131418,1,0
5159,D131420,2,0
1919,D131424,2,0
9135,D131429,2,0
5626,D131437,1,0
6079,D131443,2,0
3265,D131448,2,0
2209,D131449,2,0
3650,D131453,2,0
9205,D131470,2,0
942,D131494,2,0
1720,D131497,1,0
5664,D131501,2,0
3933,D131502,1,0
2168,D131518,2,0
320,D131522,2,0
9823,D131524,2,0
7038,D131525,1,0
8702,D131526,1,0
9165,D131536,2,0
1228,D131548,2,0
5527,D131549,1,0
7385,D131553,2,0
3284,D131564,1,0
2735,D131627,2,0
5236,D131632,2,0
3116,D131637,2,0
5417,D131639,2,0
3896,D131647,1,0
5941,D131655,2,0
2977,D131656,2,0
3771,D131683,2,0
1049,D131684,1,0
2505,D131698,1,0
4446,D131720,2,0
9681,D131726,2,0
9142,D131731,1,0
9291,D131737,1,0
5984,D131738,1,0
4628,D131767,1,0
2527,D131773,2,0
1285,D131781,1,0
9813,D131782,2,0
363,D131789,1,0
9606,D131798,2,0
3389,D131833,1,0
5837,D131839,1,0
871,D131866,2,0
8975,D131890,1,0
2074,D131901,2,0
8186,D131940,2,0
9153,D131941,2,0
5113,D131946,2,0
4531,D131960,2,0
165,D131969,2,0
3335,D131971,2,0
3819,D131975,2,0
9936,D131978,1,0
4739,D131995,2,0
38,D131998,1,0
7954,D132003,1,0
5881,D132004,1,0
8231,D132005,2,0
2598,D132009,2,0
2589,D132012,2,0
7328,D132016,2,0
2468,D132040,1,0
5660,D132041,2,0
7757,D132047,1,0
5891,D132053,2,0
2367,D132057,2,0
1139,D132092,1,0
1644,D132098,2,0
3413,D132099,1,0
5186,D132108,2,0
7052,D132115,1,0
215,D132124,2,0
9993,D132128,1,0
6476,D132141,1,0
3649,D132147,1,0
500,D132159,2,0
2956,D132164,1,0
1008,D132167,2,0
1411,D132176,2,0
558,D132178,2,0
595,D132180,1,0
5217,D132186,2,0
4484,D132208,2,0
8426,D132230,1,0
251,D132238,2,0
1952,D132243,1,0
2211,D132248,2,0
3680,D132259,1,0
7095,D132277,2,0
4515,D132280,1,0
4149,D132291,1,0
7281,D132307,2,0
4597,D132315,2,0
5143,D132328,1,0
2706,D132343,2,0
5455,D132345,2,0
3078,D132348,2,0
4855,D132353,2,0
395,D132360,2,0
5626,D132374,2,0
3054,D132376,1,0
2460,D132381,1,0
5344,D132388,1,0
9451,D132397,2,0
909,D132401,1,0
9953,D132407,1,0
8101,D132415,1,0
3354,D132425,1,0
4295,D132464,2,0
7613,D132473,2,0
2806,D132494,2,0
5758,D132506,2,0
2611,D132508,2,0
2442,D132517,2,0
9840,D132541,2,0
8564,D132556,2,0
7345,D132557,2,0
4615,D132559,1,0
8778,D132575,2,0
5915,D132589,1,0
7347,D132595,1,0
607,D132601,2,0
7179,D132617,2,0
2663,D132628,2,0
9775,D132630,2,0
2090,D132650,2,0
9860,D132659,1,0
4502,D132666,2,0
549,D132689,1,0
2085,D132710,2,0
1116,D132711,1,0
2244,D132721,1,0
9865,D132728,2,0
6043,D132736,2,0
8657,D132737,2,0
8853,D132740,2,0
2187,D132754,1,0
2291,D132755,1,0
8417,D132757,1,0
356,D132758,1,0
312,D132760,2,0
1805,D132762,2,0
1548,D132769,1,0
6165,D132771,2,0
8094,D132782,2,0
7423,D132798,2,0
9525,D132812,2,0
484,D132817,1,0
3908,D132828,2,0
4760,D132833,2,0
138,D132835,2,0
4432,D132846,2,0
2495,D132872,1,0
7396,D132880,1,0
1654,D132888,2,0
7630,D132903,1,0
4426,D132919,2,0
4151,D132921,1,0
7058,D132937,1,0
9388,D132945,1,0
3711,D132946,2,0
2009,D132952,1,0
1777,D132954,1,0
373,D132976,2,0
7022,D132993,2,0
9196,D133003,2,0
8601,D133004,1,0
7,D133007,1,0
6938,D133012,2,0
1067,D133016,1,0
1334,D133025,1,0
9533,D133026,2,0
6169,D133027,1,0
5467,D133028,1,0
6445,D133030,2,0
625,D133032,1,0
892,D133039,2,0
6636,D133055,2,0
8716,D133072,1,0
5565,D133075,1,0
7861,D133084,2,0
5733,D133085,1,0
6891,D133096,1,0
3551,D133115,2,0
7229,D133116,1,0
2736,D133120,1,0
2076,D133132,2,0
5800,D133133,2,0
9404,D133143,1,0
7337,D133167,2,0
9105,D133174,2,0
6024,D133208,1,0
5169,D133213,1,0
9483,D133234,2,0
7382,D133255,1,0
3667,D133257,2,0
7647,D133271,2,0
2,D133288,1,0
2504,D133296,1,0
311,D133303,1,0
4780,D133312,1,0
9467,D133323,2,0
3419,D133325,2,0
2675,D133327,2,0
319,D133350,2,0
2320,D133362,1,0
5737,D133367,1,0
3007,D133374,1,0
1120,D133389,2,0
2981,D133397,1,0
2674,D133400,1,0
287,D133407,2,0
6465,D133409,2,0
2220,D133419,2,0
3881,D133423,1,0
1702,D133438,2,0
3655,D133447,2,0
1472,D133451,2,0
8375,D133457,2,0
3993,D133458,2,0
8011,D133474,1,0
2897,D133482,2,0
2110,D133486,2,0
728,D133494,2,0
5376,D133495,2,0
1848,D133504,1,0
0,D133515,1,0
5038,D133516,2,0
3420,D133517,2,0
8008,D133518,1,0
8718,D133521,2,0
6417,D133528,1,0
2092,D133540,1,0
8239,D133544,2,0
5781,D133545,1,0
9673,D133546,1,0
787,D133548,2,0
3199,D133551,2,0
7353,D133560,2,0
8386,D133573,2,0
170,D133595,2,0
6237,D133603,2,0
5929,D133609,1,0
5006,D133612,2,0
2198,D133615,1,0
7223,D133622,2,0
8916,D133629,2,0
6772,D133630,1,0
5857,D133639,1,0
2679,D133656,1,0
9689,D133659,1,0
1724,D133680,1,0
9311,D133690,2,0
5444,D133709,1,0
3263,D133712,1,0
1206,D133719,2,0
3855,D133720,2,0
8605,D133725,2,0
268,D133742,2,0
1637,D133751,2,0
1325,D133766,2,0
9901,D133784,1,0
4734,D133786,2,0
15,D133787,2,0
2516,D133790,1,0
756,D133792,2,0
5358,D133797,1,0
6899,D133818,1,0
8780,D133832,1,0
9079,D133843,1,0
3851,D133846,2,0
5839,D133854,2,0
6127,D133857,2,0
4043,D133874,2,0
3943,D133887,2,0
6361,D133888,1,0
415,D133895,2,0
9249,D133898,1,0
3418,D133903,2,0
5123,D133912,2,0
597,D133915,1,0
919,D133920,2,0
4430,D133924,2,0
956,D133926,2,0
9140,D133927,2,0
2915,D133935,1,0
3893,D133939,1,0
2937,D133953,2,0
7812,D133958,2,0
4267,D133966,2,0
553,D133967,2,0
7702,D133968,1,0
3906,D133971,2,0
7886,D133983,2,0
9211,D133993,1,0
9549,D134000,2,0
3833,D134010,1,0
4081,D134024,2,0
2742,D134028,1,0
9375,D134051,2,0
3097,D134052,2,0
8703,D134063,2,0
8049,D134079,2,0
8240,D134107,2,0
3570,D134146,2,0
4171,D134154,1,0
1604,D134159,2,0
5648,D134168,1,0
7274,D134171,2,0
8158,D134173,1,0
2400,D134190,2,0
267,D134206,1,0
9794,D134209,1,0
7573,D134210,2,0
2088,D134211,1,0
7650,D134217,2,0
3763,D134225,2,0
555,D134234,1,0
9554,D134237,1,0
7913,D134244,1,0
6494,D134245,2,0
2012,D134247,2,0
7517,D134251,1,0
3546,D134255,1,0
4746,D134267,1,0
7747,D134288,1,0
747,D134310,2,0
8558,D134319,1,0
7406,D134320,2,0
8274,D134324,2,0
5779,D134330,1,0
5749,D134336,2,0
111,D134347,2,0
6922,D134351,1,0
6608,D134356,1,0
5781,D134364,2,0
1871,D134376,1,0
89,D134381,2,0
7800,D134383,1,0
3044,D134393,2,0
714,D134394,1,0
6716,D134401,2,0
6765,D134411,1,0
5234,D134424,1,0
1437,D134425,1,0
2575,D134446,1,0
83,D134450,1,0
6735,D134463,2,0
3023,D134466,2,0
5118,D134470,1,0
8004,D134481,2,0
2287,D134482,1,0
5875,D134485,2,0
2805,D134492,1,0
7190,D134498,2,0
8851,D134505,1,0
4529,D134508,1,0
6896,D134509,2,0
9754,D134510,1,0
3843,D134515,2,0
7014,D134534,1,0
193,D134536,1,0
3671,D134541,1,0
1759,D134549,1,0
9934,D134551,2,0
793,D134560,2,0
5150,D134565,2,0
9791,D134566,2,0
1537,D134570,1,0
8066,D134573,1,0
5431,D134584,1,0
4975,D134585,2,0
5185,D134610,1,0
4569,D134616,2,0
6498,D134617,2,0
6641,D134639,1,0
7990,D134646,2,0
6984,D134664,2,0
716,D134672,2,0
3073,D134695,1,0
4419,D134696,2,0
1986,D134703,2,0
5866,D134714,2,0
6722,D134733,2,0
9800,D134736,1,0
7088,D134737,2,0
2974,D134743,1,0
8148,D134747,1,0
4479,D134753,2,0
324,D134758,2,0
3211,D134759,1,0
4486,D134764,2,0
2291,D134771,2,0
5953,D134775,2,0
7417,D134780,1,0
6143,D134783,1,0
5821,D134785,1,0
3515,D134786,2,0
9705,D134793,2,0
8366,D134801,2,0
1203,D134832,1,0
1287,D134834,2,0
6299,D134844,2,0
5987,D134848,2,0
2163,D134854,1,0
5581,D134857,1,0
4544,D134862,2,0
9685,D134864,1,0
2999,D134870,1,0
2037,D134875,1,0
9063,D134879,1,0
9871,D134881,2,0
7360,D134889,2,0
704,D134908,2,0
5127,D134917,2,0
7977,D134943,1,0
5025,D134949,1,0
7672,D134951,2,0
2581,D134970,1,0
9729,D135001,1,0
2127,D135003,2,0
1857,D135008,2,0
8663,D135014,1,0
1668,D135025,2,0
9084,D135030,1,0
6900,D135038,1,0
8857,D135045,2,0
1640,D135065,2,0
6657,D135067,2,0
5536,D135074,1,0
9591,D135078,1,0
6946,D135092,1,0
2089,D135093,1,0
9225,D135118,2,0
7391,D135123,1,0
4209,D135124,2,0
9880,D135151,2,0
1992,D135166,2,0
6726,D135177,2,0
3783,D135189,1,0
5940,D135222,1,0
8030,D135228,2,0
171,D135242,2,0
3301,D135254,1,0
8071,D135260,1,0
6872,D135263,2,0
9384,D135275,2,0
5880,D135283,1,0
8889,D135292,2,0
9905,D135294,2,0
4237,D135297,2,0
4,D135304,1,0
3888,D135316,2,0
590,D135329,2,0
4053,D135331,2,0
1364,D135338,1,0
6007,D135344,2,0
7643,D135348,2,0
3118,D135352,1,0
3673,D135370,2,0
2872,D135374,1,0
121,D135420,2,0
2789,D135426,2,0
6104,D135439,1,0
6129,D135441,1,0
5101,D135456,2,0
4408,D135471,2,0
6680,D135494,2,0
9992,D135507,1,0
1707,D135509,2,0
256,D135510,2,0
7721,D135514,2,0
2440,D135517,1,0
5748,D135521,1,0
8919,D135527,1,0
3914,D135533,2,0
685,D135539,1,0
5361,D135549,1,0
3459,D135554,1,0
4587,D135556,2,0
8805,D135557,1,0
8000,D135567,2,0
6019,D135574,2,0
147,D135575,1,0
5576,D135589,2,0
945,D135600,1,0
4134,D135608,2,0
2186,D135614,1,0
4732,D135616,2,0
4132,D135621,1,0
7176,D135630,1,0
1299,D135634,2,0
405,D135643,1,0
7148,D135664,2,0
4710,D135673,2,0
564,D135679,1,0
5571,D135685,2,0
139,D135688,1,0
9563,D135691,2,0
3838,D135699,1,0
8040,D135702,1,0
6914,D135710,2,0
5725,D135711,1,0
805,D135729,2,0
3439,D135739,2,0
7706,D135745,2,0
6964,D135746,2,0
7588,D135749,1,0
2197,D135750,2,0
137,D135751,1,0
9111,D135761,2,0
108,D135766,1,0
9971,D135790,1,0
9841,D135796,2,0
3512,D135797,1,0
5896,D135809,2,0
2812,D135811,1,0
198,D135814,1,0
1042,D135837,1,0
5428,D135848,2,0
144,D135851,1,0
31,D135861,1,0
3643,D135864,1,0
3164,D135866,1,0
1303,D135873,2,0
4454,D135884,2,0
4976,D135888,1,0
732,D135921,2,0
6881,D135924,2,0
1642,D135938,1,0
6774,D135953,2,0
7955,D135965,2,0
7162,D135967,2,0
3022,D135968,2,0
8678,D135969,2,0
7853,D135970,2,0
8409,D135981,1,0
7332,D136010,1,0
8755,D136015,1,0
3690,D136020,1,0
8865,D136028,1,0
3836,D136032,1,0
7456,D136046,1,0
9208,D136048,2,0
1998,D136051,2,0
8255,D136062,2,0
3417,D136065,1,0
5867,D136077,1,0
5599,D136080,2,0
9470,D136087,1,0
1666,D136098,2,0
8633,D136110,1,0
3066,D136115,2,0
9598,D136117,2,0
657,D136124,1,0
5191,D136125,1,0
4307,D136136,2,0
5797,D136152,1,0
382,D136163,2,0
5130,D136167,2,0
883,D136169,2,0
5321,D136178,2,0
4494,D136194,2,0
3609,D136212,2,0
8993,D136226,1,0
1074,D136227,1,0
801,D136229,2,0
196,D136247,1,0
3607,D136258,2,0
738,D136261,2,0
380,D136281,2,0
3501,D136284,1,0
1385,D136303,2,0
5605,D136306,1,0
4415,D136311,2,0
1051,D136327,2,0
3992,D136352,1,0
6854,D136363,2,0
8514,D136388,2,0
1949,D136400,2,0
261,D136401,1,0
4488,D136404,2,0
975,D136406,2,0
9536,D136409,2,0
2733,D136424,1,0
7809,D136429,2,0
4778,D136439,2,0
3839,D136454,1,0
853,D136456,1,0
872,D136462,2,0
5423,D136482,2,0
4814,D136490,1,0
4284,D136501,2,0
282,D136502,1,0
589,D136507,2,0
1123,D136514,2,0
9598,D136516,1,0
9080,D136531,1,0
954,D136535,1,0
2418,D136556,2,0
4070,D136571,1,0
1950,D136574,2,0
6400,D136583,1,0
8225,D136588,2,0
6197,D136589,1,0
8869,D136596,2,0
846,D136604,1,0
9646,D136617,2,0
8397,D136637,2,0
5019,D136650,1,0
9380,D136653,1,0
55,D136657,2,0
8568,D136671,2,0
547,D136674,2,0
2225,D136681,2,0
8020,D136705,2,0
568,D136711,1,0
8090,D136715,1,0
1799,D136738,1,0
535,D136744,1,0
5826,D136745,2,0
5933,D136748,1,0
1160,D136762,1,0
9820,D136767,2,0
148,D136770,2,0
3175,D136780,2,0
5270,D136793,1,0
5179,D136798,1,0
9478,D136799,2,0
4290,D136805,1,0
6328,D136815,2,0
6470,D136820,2,0
2898,D136825,2,0
2116,D136827,1,0
2747,D136836,1,0
6692,D136853,1,0
1559,D136859,1,0
622,D136861,1,0
4293,D136863,2,0
4205,D136873,2,0
6258,D136877,2,0
216,D136882,1,0
9546,D136888,2,0
1827,D136890,1,0
6079,D136895,1,0
4645,D136896,1,0
3732,D136897,1,0
150,D136904,2,0
4427,D136927,1,0
5431,D136929,2,0
2292,D136934,2,0
4504,D136948,2,0
3832,D136959,1,0
9491,D136960,1,0
6748,D136967,1,0
9514,D136982,2,0
5372,D137001,2,0
5735,D137006,2,0
6363,D137010,2,0
8870,D137024,1,0
9558,D137033,1,0
689,D137044,1,0
830,D137056,2,0
4571,D137073,2,0
6017,D137079,2,0
2583,D137092,2,0
2610,D137121,1,0
2240,D137123,1,0
856,D137128,2,0
8815,D137144,1,0
3785,D137151,1,0
9881,D137159,1,0
2896,D137174,1,0
5450,D137180,1,0
5604,D137185,1,0
1088,D137195,1,0
8927,D137197,1,0
8103,D137205,2,0
3948,D137210,1,0
8890,D137211,1,0
7252,D137222,2,0
2445,D137240,1,0
5351,D137245,1,0
5978,D137248,1,0
2321,D137258,2,0
3189,D137261,2,0
2478,D137262,1,0
2934,D137265,2,0
6553,D137267,1,0
6320,D137285,2,0
2154,D137289,1,0
8791,D137300,2,0
2013,D137303,1,0
5383,D137305,2,0
1492,D137327,2,0
1640,D137343,1,0
3305,D137344,1,0
9715,D137347,1,0
1876,D137352,1,0
7401,D137356,2,0
2698,D137358,2,0
9002,D137365,2,0
7163,D137381,2,0
377,D137384,1,0
8137,D137389,2,0
8262,D137393,2,0
2770,D137404,2,0
8152,D137417,2,0
6161,D137419,2,0
156,D137432,2,0
9834,D137449,1,0
1059,D137452,2,0
3720,D137454,1,0
2075,D137466,1,0
55,D137486,1,0
510,D137506,2,0
795,D137507,1,0
3478,D137519,2,0
9741,D137525,2,0
7837,D137526,2,0
5913,D137534,2,0
5951,D137539,1,0
3760,D137541,2,0
7960,D137544,2,0
9173,D137552,2,0
5870,D137554,2,0
2,D137569,2,0
2939,D137571,2,0
8178,D137573,2,0
70,D137574,2,0
980,D137583,1,0
6242,D137593,2,0
1610,D137616,1,0
2573,D137628,1,0
9697,D137631,1,0
1874,D137641,2,0
9438,D137645,2,0
8767,D137649,1,0
6163,D137650,2,0
5047,D137654,2,0
6350,D137669,2,0
4212,D137696,1,0
2667,D137705,1,0
9052,D137709,2,0
6675,D137715,2,0
4444,D137724,2,0
7555,D137745,2,0
6627,D137746,2,0
2861,D137752,2,0
800,D137773,2,0
3062,D137796,1,0
4642,D137816,2,0
3399,D137831,2,0
1806,D137850,1,0
1555,D137851,1,0
5683,D137859,2,0
4296,D137866,2,0
3656,D137873,2,0
8548,D137877,1,0
6417,D137880,2,0
6182,D137881,1,0
177,D137892,1,0
3145,D137912,2,0
5177,D137924,1,0
1830,D137925,2,0
1655,D137949,2,0
2208,D137950,1,0
6264,D137960,1,0
1006,D137968,2,0
3525,D137983,2,0
2528,D137984,2,0
6031,D137996,2,0
824,D138001,1,0
136,D138011,1,0
9551,D138018,1,0
5036,D138025,2,0
2799,D138026,2,0
8224,D138028,2,0
6145,D138044,2,0
3824,D138045,1,0
4182,D138053,2,0
8226,D138065,1,0
5205,D138072,2,0
5230,D138077,2,0
2272,D138118,2,0
5627,D138119,2,0
9254,D138123,2,0
6248,D138139,2,0
6968,D138165,1,0
5575,D138172,1,0
5488,D138192,2,0
5998,D138211,1,0
5188,D138215,2,0
9226,D138217,2,0
896,D138222,2,0
1547,D138224,2,0
4577,D138232,2,0
6634,D138245,2,0
8124,D138256,1,0
4821,D138259,1,0
3725,D138265,2,0
605,D138274,1,0
9969,D138282,2,0
9357,D138288,2,0
2734,D138318,2,0
2681,D138326,2,0
7743,D138334,1,0
7475,D138339,1,0
4021,D138340,1,0
1242,D138344,2,0
2330,D138363,1,0
7330,D138374,2,0
6247,D138392,2,0
8775,D138442,1,0
7953,D138444,2,0
7249,D138462,2,0
1221,D138466,2,0
3297,D138467,2,0
453,D138468,2,0
5347,D138474,2,0
4367,D138476,1,0
5089,D138489,1,0
9573,D138499,1,0
7729,D138508,2,0
1776,D138520,2,0
7229,D138535,2,0
5797,D138546,2,0
575,D138549,1,0
2189,D138562,1,0
5445,D138587,2,0
3255,D138590,2,0
6909,D138599,2,0
8015,D138622,1,0
7438,D138672,2,0
6329,D138677,2,0
7009,D138680,1,0
9771,D138683,2,0
4208,D138684,1,0
3633,D138699,1,0
7727,D138700,1,0
3388,D138710,2,0
5715,D138711,1,0
2237,D138716,1,0
6467,D138721,1,0
4224,D138729,1,0
8221,D138733,1,0
907,D138744,1,0
8205,D138751,1,0
2823,D138755,2,0
6954,D138760,1,0
92,D138787,2,0
4382,D138817,2,0
2577,D138821,1,0
9768,D138822,1,0
872,D138827,1,0
6662,D138838,2,0
9646,D138845,1,0
5462,D138849,1,0
7092,D138857,1,0
3070,D138866,2,0
8942,D138871,2,0
3754,D138873,2,0
5333,D138878,1,0
1350,D138907,1,0
189,D138916,2,0
7358,D138922,1,0
8971,D138937,2,0
7470,D138939,2,0
6771,D138941,2,0
7465,D138942,2,0
7859,D138950,2,0
2431,D138972,2,0
4154,D138979,2,0
1902,D138994,2,0
4232,D138995,2,0
2114,D139015,1,0
6163,D139025,1,0
6664,D139029,2,0
7155,D139034,2,0
6586,D139041,1,0
5704,D139045,1,0
6874,D139051,2,0
6072,D139067,1,0
2238,D139069,2,0
4947,D139070,2,0
1665,D139072,2,0
8410,D139103,2,0
4247,D139105,2,0
9815,D139107,1,0
5077,D139109,1,0
1581,D139112,1,0
6065,D139117,2,0
5728,D139134,2,0
1239,D139149,1,0
3485,D139179,1,0
6207,D139181,2,0
5106,D139187,2,0
1487,D139195,2,0
3266,D139214,1,0
7855,D139226,1,0
1798,D139228,1,0
505,D139242,1,0
1708,D139250,2,0
8334,D139261,1,0
129,D139272,2,0
2517,D139278,2,0
4162,D139301,1,0
8608,D139327,2,0
3198,D139332,2,0
5734,D139343,1,0
3730,D139346,2,0
4292,D139356,1,0
7770,D139357,1,0
7341,D139372,2,0
6800,D139390,2,0
9370,D139395,2,0
8147,D139423,1,0
6218,D139435,2,0
8473,D139444,2,0
1804,D139445,2,0
7210,D139452,1,0
8781,D139457,1,0
8097,D139461,2,0
5955,D139476,2,0
5985,D139483,2,0
7050,D139486,1,0
7612,D139489,2,0
1078,D139497,1,0
6774,D139498,1,0
874,D139499,2,0
9002,D139534,1,0
6136,D139537,2,0
7750,D139543,2,0
5248,D139550,1,0
8458,D139556,2,0
5687,D139561,1,0
3294,D139571,2,0
4737,D139581,2,0
1324,D139594,2,0
5867,D139619,2,0
2763,D139625,1,0
4325,D139635,1,0
9597,D139650,2,0
9336,D139653,2,0
773,D139656,1,0
4592,D139657,2,0
6168,D139663,2,0
101,D139680,1,0
1823,D139684,2,0
399,D139689,1,0
3037,D139706,2,0
7403,D139708,1,0
3204,D139713,2,0
9129,D139726,2,0
417,D139747,2,0
7050,D139755,2,0
1296,D139780,2,0
6671,D139812,1,0
7485,D139814,2,0
7114,D139820,1,0
557,D139832,1,0
5701,D139835,2,0
2070,D139848,2,0
8873,D139852,2,0
8243,D139862,2,0
2858,D139868,1,0
9628,D139880,2,0
4242,D139883,1,0
2736,D139915,2,0
5271,D139917,2,0
845,D139933,2,0
1984,D139936,1,0
3714,D139951,2,0
3248,D139952,1,0
4371,D139957,2,0
7559,D139971,2,0
7976,D139980,2,0
8789,D139988,2,0
3406,D139990,2,0
1471,D139997,2,0
2797,D140003,2,0
8170,D140008,1,0
6631,D140013,2,0
7420,D140027,1,0
64,D140049,2,0
1683,D140050,1,0
9996,D140055,1,0
700,D140057,2,0
3703,D140083,2,0
1468,D140098,2,0
2574,D140105,2,0
9021,D140106,1,0
3694,D140115,1,0
4280,D140118,1,0
2427,D140130,2,0
322,D140132,1,0
4475,D140135,1,0
3571,D140147,2,0
1460,D140164,2,0
9570,D140167,2,0
779,D140193,1,0
6525,D140196,2,0
4410,D140202,1,0
4512,D140203,2,0
6142,D140224,2,0
3864,D140233,2,0
5283,D140234,2,0
8854,D140246,2,0
6543,D140249,1,0
1867,D140256,1,0
4787,D140258,1,0
5250,D140259,2,0
9456,D140260,2,0
3575,D140261,2,0
227,D140264,1,0
5535,D140282,2,0
5221,D140283,2,0
9619,D140286,1,0
7592,D140314,2,0
838,D140359,2,0
5296,D140361,1,0
1408,D140377,1,0
9341,D140378,2,0
3953,D140381,1,0
9713,D140387,1,0
6757,D140417,2,0
6709,D140418,1,0
1747,D140419,2,0
9344,D140422,1,0
2289,D140457,1,0
4580,D140458,1,0
2040,D140474,2,0
9109,D140499,1,0
3071,D140501,1,0
6273,D140505,2,0
8932,D140507,2,0
4066,D140515,2,0
654,D140560,1,0
4456,D140562,1,0
8545,D140574,2,0
2283,D140578,1,0
6693,D140583,2,0
8167,D140589,2,0
6473,D140597,2,0
2599,D140608,1,0
711,D140610,1,0
4225,D140618,2,0
2117,D140626,1,0
2325,D140653,2,0
4526,D140655,2,0
8033,D140663,1,0
8572,D140673,1,0
3980,D140676,2,0
7323,D140684,1,0
456,D140691,1,0
7168,D140694,2,0
6813,D140698,2,0
8206,D140700,2,0
5741,D140703,1,0
4941,D140713,2,0
8848,D140723,2,0
5580,D140725,2,0
9402,D140730,2,0
6642,D140750,1,0
8370,D140754,1,0
3905,D140780,2,0
2634,D140785,2,0
4743,D140806,2,0
6006,D140808,1,0
6908,D140810,2,0
5621,D140812,2,0
7109,D140819,1,0
9332,D140821,2,0
1375,D140826,1,0
9269,D140831,2,0
8460,D140845,2,0
7858,D140846,2,0
5909,D140866,2,0
1372,D140896,2,0
8713,D140898,2,0
6355,D140901,2,0
7722,D140921,2,0
5516,D140924,1,0
9808,D140925,2,0
7738,D140943,2,0
90,D140946,1,0
4602,D140951,1,0
4622,D140954,1,0
2824,D140968,1,0
2390,D140977,2,0
727,D140984,1,0
8934,D140985,2,0
2888,D140987,2,0
7332,D140992,2,0
409,D140994,1,0
5677,D141014,2,0
6793,D141023,1,0
4371,D141028,1,0
6212,D141029,1,0
6463,D141030,2,0
3748,D141036,1,0
9,D141039,2,0
1518,D141043,1,0
1691,D141044,2,0
3490,D141069,1,0
1560,D141071,2,0
4684,D141079,1,0
6926,D141085,2,0
7254,D141086,2,0
7471,D141095,1,0
1030,D141104,1,0
274,D141110,1,0
9331,D141122,1,0
8424,D141128,2,0
168,D141144,2,0
6939,D141145,1,0
1334,D141147,2,0
4087,D141156,2,0
8113,D141158,1,0
8101,D141199,2,0
1776,D141200,1,0
5433,D141206,2,0
9877,D141207,1,0
3554,D141215,2,0
1631,D141222,1,0
8518,D141233,1,0
4558,D141234,2,0
263,D141240,2,0
2551,D141243,2,0
5459,D141248,2,0
3338,D141252,2,0
814,D141267,2,0
9355,D141288,2,0
5468,D141328,1,0
7493,D141330,2,0
4348,D141334,2,0
4957,D141362,1,0
1157,D141369,1,0
3441,D141371,2,0
4952,D141391,1,0
1295,D141414,2,0
7080,D141417,1,0
2725,D141425,2,0
7677,D141428,2,0
4424,D141440,1,0
4265,D141449,2,0
9701,D141454,2,0
1218,D141459,2,0
4675,D141460,2,0
5575,D141462,2,0
7634,D141485,1,0
9608,D141488,1,0
2857,D141496,2,0
2525,D141498,2,0
8523,D141507,1,0
8178,D141510,1,0
7848,D141513,2,0
5409,D141516,1,0
8849,D141521,2,0
2765,D141548,1,0
574,D141549,1,0
7732,D141564,2,0
6039,D141572,2,0
7747,D141574,2,0
1314,D141580,2,0
8244,D141585,2,0
2658,D141587,2,0
8103,D141597,1,0
5755,D141600,2,0
7370,D141612,1,0
997,D141615,1,0
6066,D141618,2,0
7409,D141625,1,0
6629,D141635,2,0
127,D141636,1,0
7292,D141638,2,0
3024,D141640,2,0
6721,D141642,2,0
3383,D141657,1,0
6880,D141676,2,0
4071,D141677,2,0
8565,D141678,2,0
246,D141679,1,0
1089,D141680,2,0
1993,D141690,2,0
224,D141692,1,0
350,D141703,1,0
8555,D141705,2,0
4306,D141712,2,0
939,D141736,1,0
4244,D141742,2,0
3767,D141745,2,0
7834,D141747,1,0
9564,D141755,2,0
963,D141760,2,0
3718,D141770,2,0
2603,D141776,2,0
4504,D141796,1,0
9773,D141805,1,0
6014,D141810,2,0
8211,D141819,2,0
1549,D141831,1,0
2082,D141860,2,0
47,D141876,1,0
3916,D141905,2,0
7784,D141914,1,0
4286,D141921,1,0
9806,D141934,2,0
6208,D141937,2,0
2222,D141954,2,0
1496,D141960,1,0
8484,D141965,2,0
2877,D141969,2,0
4358,D141972,1,0
7221,D141973,1,0
7352,D141977,2,0
2848,D142015,2,0
8419,D142019,2,0
3462,D142024,2,0
7961,D142025,1,0
5306,D142028,1,0
3270,D142036,2,0
7913,D142043,2,0
6906,D142051,2,0
4496,D142072,2,0
751,D142074,2,0
4848,D142079,1,0
6329,D142084,1,0
109,D142085,1,0
9757,D142097,1,0
8565,D142103,1,0
770,D142112,1,0
571,D142118,2,0
7444,D142121,1,0
1815,D142122,1,0
3880,D142156,1,0
6291,D142158,2,0
317,D142160,2,0
5559,D142168,2,0
7387,D142184,1,0
3538,D142187,2,0
3552,D142194,2,0
5430,D142196,2,0
3090,D142200,2,0
5517,D142216,2,0
6527,D142244,1,0
4099,D142245,2,0
2728,D142251,2,0
366,D142262,2,0
4555,D142285,1,0
4084,D142286,1,0
2322,D142289,2,0
943,D142292,2,0
2390,D142299,1,0
5736,D142304,1,0
5734,D142314,2,0
4353,D142316,1,0
3581,D142356,2,0
1705,D142365,1,0
140,D142373,2,0
4541,D142396,1,0
4629,D142402,2,0
9740,D142433,1,0
2104,D142436,2,0
3577,D142441,2,0
5544,D142446,2,0
8285,D142463,2,0
1523,D142474,2,0
1811,D142494,2,0
188,D142497,1,0
9726,D142500,1,0
2323,D142506,2,0
1351,D142511,2,0
1544,D142517,2,0
9287,D142522,2,0
8962,D142523,1,0
585,D142527,2,0
6028,D142559,1,0
1911,D142561,2,0
3643,D142563,2,0
3090,D142567,1,0
1772,D142568,1,0
5963,D142571,1,0
2803,D142573,2,0
2489,D142610,2,0
5602,D142615,1,0
5150,D142626,1,0
6699,D142628,1,0
2585,D142638,2,0
8482,D142644,1,0
8383,D142645,1,0
5568,D142650,1,0
8652,D142653,1,0
6792,D142655,2,0
336,D142660,1,0
2641,D142662,1,0
418,D142670,1,0
9629,D142690,2,0
7797,D142695,1,0
4183,D142698,1,0
1381,D142703,1,0
3706,D142705,1,0
8120,D142708,1,0
22,D142709,2,0
9176,D142717,2,0
1395,D142727,2,0
6800,D142733,1,0
4078,D142737,1,0
5176,D142740,2,0
1503,D142750,1,0
6036,D142756,2,0
2432,D142758,1,0
9369,D142760,1,0
8911,D142778,2,0
5653,D142827,2,0
9003,D142849,2,0
6689,D142860,1,0
2408,D142861,2,0
9779,D142864,1,0
440,D142875,2,0
9376,D142879,1,0
6077,D142900,1,0
7660,D142910,2,0
2326,D142918,1,0
8321,D142928,2,0
4359,D142947,2,0
820,D142949,2,0
5428,D142958,1,0
56,D142962,1,0
808,D142964,2,0
7198,D142974,1,0
8822,D142980,1,0
4196,D142982,1,0
1903,D142984,2,0
1894,D142989,2,0
2492,D142992,2,0
7776,D142997,2,0
9963,D143030,1,0
4540,D143031,1,0
413,D143035,2,0
1683,D143038,2,0
5860,D143050,1,0
8468,D143058,1,0
3234,D143064,2,0
7407,D143072,2,0
9045,D143074,2,0
3364,D143104,2,0
1095,D143105,2,0
9777,D143108,1,0
1075,D143118,1,0
1958,D143123,1,0
5193,D143128,2,0
1957,D143132,1,0
8402,D143149,1,0
1138,D143154,1,0
1584,D143170,2,0
8672,D143173,1,0
4189,D143174,1,0
6848,D143179,1,0
6211,D143185,2,0
7791,D143187,1,0
3895,D143188,1,0
9937,D143196,2,0
8786,D143210,1,0
5560,D143212,2,0
3484,D143214,2,0
1902,D143215,1,0
7781,D143218,1,0
4626,D143220,2,0
3140,D143248,2,0
8605,D143249,1,0
3930,D143251,2,0
3816,D143277,2,0
7325,D143278,2,0
4204,D143280,2,0
5699,D143299,1,0
9029,D143300,2,0
2938,D143307,2,0
6091,D143311,1,0
4735,D143316,2,0
3315,D143328,1,0
2814,D143333,2,0
9902,D143334,2,0
9643,D143335,1,0
7003,D143342,2,0
2051,D143345,1,0
6325,D143380,1,0
1951,D143394,2,0
8320,D143402,1,0
6365,D143412,1,0
2895,D143420,2,0
8404,D143437,2,0
8443,D143458,2,0
6092,D143459,2,0
2537,D143470,2,0
7891,D143475,2,0
3117,D143497,2,0
2237,D143503,2,0
8086,D143515,1,0
6479,D143535,2,0
4426,D143547,1,0
3610,D143552,1,0
2119,D143562,1,0
9595,D143571,2,0
6202,D143602,1,0
5503,D143630,2,0
5634,D143634,2,0
7781,D143646,2,0
8231,D143650,1,0
7868,D143654,2,0
2593,D143657,2,0
1763,D143659,2,0
969,D143671,2,0
2118,D143699,2,0
6808,D143735,2,0
2780,D143742,2,0
8740,D143762,2,0
6297,D143781,2,0
7306,D143784,2,0
6651,D143795,2,0
1352,D143800,2,0
3381,D143809,1,0
512,D143821,2,0
5831,D143824,1,0
6060,D143825,2,0
1870,D143844,2,0
9645,D143848,2,0
5185,D143858,2,0
2454,D143860,2,0
2210,D143866,2,0
8112,D143874,2,0
1218,D143878,1,0
1600,D143880,1,0
2510,D143883,2,0
1121,D143884,2,0
536,D143886,2,0
4161,D143888,2,0
142,D143922,2,0
1091,D143925,1,0
262,D143926,2,0
7577,D143949,2,0
7122,D143977,2,0
7263,D143991,1,0
4992,D143998,1,0
6306,D143999,2,0
6098,D144004,2,0
5905,D144009,1,0
4973,D144015,2,0
5633,D144017,1,0
4892,D144019,2,0
4030,D144023,1,0
6502,D144030,2,0
826,D144046,1,0
4472,D144056,1,0
8393,D144061,1,0
546,D144063,2,0
7334,D144073,2,0
8547,D144092,2,0
7434,D144097,1,0
2841,D144098,1,0
2024,D144103,1,0
3264,D144133,1,0
5869,D144144,1,0
1366,D144148,2,0
2196,D144155,1,0
379,D144161,1,0
7311,D144166,2,0
6139,D144167,2,0
7093,D144176,1,0
9691,D144182,2,0
758,D144191,1,0
2071,D144196,2,0
5885,D144203,1,0
9723,D144206,2,0
2607,D144217,2,0
7802,D144220,2,0
992,D144223,1,0
9630,D144230,1,0
1726,D144244,2,0
3133,D144273,1,0
8380,D144288,2,0
4752,D144295,2,0
2219,D144322,1,0
5454,D144330,2,0
4985,D144342,2,0
9703,D144351,2,0
2064,D144357,2,0
5145,D144365,2,0
5719,D144372,2,0
7029,D144386,2,0
4164,D144388,2,0
3637,D144391,2,0
3487,D144404,2,0
1532,D144407,2,0
4264,D144431,2,0
4248,D144450,1,0
8911,D144451,1,0
1346,D144456,1,0
6464,D144463,1,0
5377,D144501,2,0
8309,D144510,1,0
1521,D144522,2,0
7569,D144528,2,0
6805,D144536,2,0
277,D144542,1,0
1526,D144560,1,0
9401,D144571,2,0
1813,D144592,1,0
5398,D144600,1,0
9732,D144610,1,0
1405,D144619,2,0
2705,D144637,2,0
7542,D144646,2,0
3700,D144669,2,0
6021,D144685,2,0
5435,D144686,2,0
854,D144701,1,0
9458,D144712,1,0
806,D144714,2,0
8881,D144737,2,0
2062,D144749,2,0
9125,D144761,2,0
5524,D144762,2,0
8032,D144772,1,0
9974,D144787,1,0
5218,D144814,2,0
7639,D144821,2,0
9700,D144826,2,0
1715,D144829,1,0
7262,D144833,2,0
4110,D144857,1,0
5785,D144860,1,0
1142,D144862,1,0
4876,D144867,2,0
6267,D144900,1,0
5829,D144920,2,0
5348,D144922,2,0
9798,D144928,2,0
5167,D144931,2,0
7051,D144951,2,0
7378,D144956,2,0
6864,D144970,1,0
8613,D144982,2,0
9432,D144983,2,0
690,D144985,1,0
8283,D144992,2,0
4632,D144993,2,0
8211,D144994,1,0
7039,D144995,1,0
9932,D144997,1,0
3765,D145006,1,0
7012,D145014,2,0
7791,D145019,2,0
2640,D145030,1,0
4181,D145055,1,0
3351,D145060,2,0
1134,D145106,2,0
6488,D145107,1,0
3665,D145113,2,0
7670,D145125,2,0
2692,D145132,2,0
8596,D145141,2,0
4929,D145147,2,0
7539,D145161,2,0
4555,D145172,2,0
5670,D145180,1,0
3518,D145194,1,0
3381,D145196,2,0
2938,D145211,1,0
5254,D145213,1,0
4599,D145231,2,0
1318,D145235,1,0
7456,D145244,2,0
641,D145255,2,0
7035,D145256,2,0
9696,D145264,1,0
1735,D145275,2,0
4590,D145280,1,0
3195,D145301,2,0
2658,D145310,1,0
750,D145317,1,0
5910,D145320,2,0
4760,D145324,1,0
6500,D145333,2,0
5027,D145348,1,0
1125,D145350,2,0
6533,D145357,2,0
6943,D145362,1,0
9093,D145368,2,0
6181,D145384,1,0
8583,D145403,1,0
5776,D145412,2,0
5631,D145416,2,0
7203,D145422,1,0
5948,D145425,2,0
3857,D145426,1,0
6903,D145469,1,0
3045,D145485,1,0
7401,D145490,1,0
8575,D145494,2,0
357,D145499,2,0
6399,D145507,2,0
4175,D145512,2,0
3256,D145520,2,0
5502,D145528,1,0
8813,D145530,2,0
1331,D145536,2,0
3802,D145544,2,0
9484,D145554,1,0
8413,D145568,2,0
3072,D145606,1,0
7619,D145608,2,0
1284,D145627,1,0
8199,D145628,1,0
1079,D145634,1,0
6917,D145637,1,0
6137,D145640,1,0
1198,D145644,2,0
9862,D145651,2,0
1893,D145666,2,0
1664,D145667,2,0
4097,D145670,2,0
1762,D145702,1,0
3765,D145712,2,0
4997,D145717,2,0
9667,D145720,2,0
6382,D145724,1,0
8611,D145726,1,0
9710,D145734,2,0
4303,D145735,2,0
5969,D145737,1,0
6649,D145745,2,0
9358,D145747,2,0
603,D145750,1,0
867,D145779,2,0
970,D145788,2,0
9918,D145794,2,0
227,D145795,2,0
4919,D145798,2,0
9138,D145803,2,0
7064,D145810,1,0
6212,D145851,2,0
8923,D145852,2,0
3135,D145863,2,0
2772,D145866,2,0
3766,D145871,1,0
5530,D145884,1,0
804,D145890,1,0
3109,D145892,2,0
5400,D145894,1,0
8674,D145924,2,0
5955,D145927,1,0
3723,D145936,2,0
7156,D145949,2,0
9260,D145957,2,0
2826,D145968,2,0
6147,D145969,1,0
4299,D145978,1,0
3339,D145980,1,0
4754,D145983,1,0
9926,D145990,2,0
8771,D145991,2,0
8118,D145993,1,0
190,D145994,1,0
6152,D145996,1,0
1947,D145999,2,0
2034,D146009,1,0
4117,D146020,2,0
3041,D146022,2,0
8174,D146045,2,0
221,D146049,2,0
2128,D146058,2,0
5523,D146070,1,0
48,D146074,2,0
9961,D146089,1,0
8462,D146107,1,0
7933,D146132,2,0
7600,D146169,2,0
8774,D146183,1,0
3999,D146189,2,0
5893,D146206,2,0
1077,D146216,2,0
4124,D146218,1,0
9582,D146221,2,0
6536,D146236,2,0
9802,D146241,2,0
4563,D146246,1,0
8291,D146256,2,0
9751,D146263,1,0
8171,D146266,2,0
4906,D146273,2,0
8180,D146283,1,0
9321,D146288,2,0
7632,D146295,2,0
9840,D146296,1,0
1607,D146300,2,0
8899,D146302,1,0
2111,D146303,1,0
2961,D146310,2,0
6287,D146320,2,0
414,D146322,2,0
920,D146345,1,0
9006,D146355,1,0
9395,D146363,2,0
8501,D146376,2,0
9626,D146378,2,0
1723,D146389,2,0
1313,D146394,1,0
1507,D146398,2,0
3200,D146403,2,0
926,D146405,2,0
8977,D146424,1,0
6530,D146444,2,0
8157,D146450,1,0
3219,D146471,1,0
6618,D146476,1,0
6320,D146486,1,0
3935,D146505,2,0
8448,D146507,2,0
1327,D146520,1,0
6837,D146523,2,0
6867,D146528,2,0
3042,D146553,1,0
7197,D146557,1,0
3864,D146570,1,0
9913,D146579,1,0
7724,D146580,2,0
771,D146581,1,0
4816,D146591,2,0
5633,D146600,2,0
5582,D146606,1,0
5001,D146615,2,0
2184,D146621,2,0
5691,D146622,1,0
4832,D146631,1,0
4820,D146633,2,0
4283,D146638,1,0
7774,D146639,1,0
5963,D146645,2,0
3600,D146651,2,0
643,D146663,1,0
6345,D146669,2,0
8512,D146700,1,0
4443,D146724,1,0
9796,D146738,2,0
9892,D146759,2,0
5688,D146766,2,0
1721,D146771,2,0
3439,D146774,1,0
4273,D146775,2,0
9086,D146777,2,0
51,D146778,2,0
8953,D146784,1,0
8010,D146787,1,0
8920,D146794,1,0
4720,D146816,1,0
3713,D146824,1,0
5161,D146830,1,0
3430,D146842,2,0
8340,D146851,2,0
8198,D146857,2,0
4274,D146862,1,0
4907,D146880,2,0
2039,D146883,1,0
188,D146884,2,0
1625,D146903,1,0
5597,D146914,2,0
2340,D146939,2,0
3949,D146945,2,0
54,D146967,1,0
8784,D146971,2,0
3307,D146977,2,0
3860,D147000,2,0
2150,D147004,2,0
5801,D147011,2,0
6134,D147012,1,0
5084,D147015,2,0
1661,D147018,1,0
9442,D147030,1,0
7101,D147035,1,0
8524,D147049,1,0
1892,D147050,2,0
2394,D147054,2,0
1657,D147057,1,0
2180,D147058,2,0
1177,D147060,1,0
2077,D147064,1,0
24,D147065,2,0
2767,D147066,2,0
738,D147087,1,0
9215,D147095,2,0
7489,D147096,2,0
4827,D147098,1,0
6911,D147114,2,0
6055,D147128,2,0
3903,D147133,1,0
5199,D147168,2,0
7464,D147172,1,0
2553,D147197,2,0
3098,D147235,2,0
2206,D147236,2,0
8536,D147246,2,0
1736,D147266,2,0
2548,D147298,2,0
397,D147300,1,0
7169,D147311,2,0
672,D147320,1,0
2862,D147322,1,0
1219,D147334,2,0
8821,D147344,1,0
4028,D147347,2,0
75,D147357,2,0
9453,D147360,2,0
2526,D147364,1,0
8810,D147365,2,0
3514,D147368,1,0
2807,D147370,2,0
1700,D147372,1,0
3914,D147376,1,0
9897,D147379,2,0
1386,D147390,2,0
9025,D147394,1,0
9908,D147410,1,0
5745,D147423,1,0
1864,D147438,2,0
1433,D147439,2,0
314,D147463,2,0
6732,D147476,1,0
4341,D147480,2,0
4881,D147503,2,0
3294,D147505,1,0
5315,D147512,1,0
5884,D147518,2,0
1729,D147543,2,0
3965,D147562,1,0
3472,D147571,1,0
2776,D147592,2,0
2513,D147597,1,0
6914,D147607,1,0
7593,D147608,1,0
9236,D147610,1,0
9609,D147611,2,0
8177,D147614,2,0
2167,D147615,1,0
4883,D147616,2,0
6741,D147621,1,0
9243,D147627,1,0
1060,D147632,1,0
1266,D147642,2,0
8833,D147668,1,0
3877,D147669,1,0
8392,D147687,1,0
6493,D147688,1,0
1318,D147690,2,0
9955,D147694,1,0
2922,D147696,2,0
8028,D147701,1,0
5895,D147705,1,0
8079,D147708,2,0
1546,D147722,2,0
4427,D147726,2,0
143,D147732,1,0
9931,D147742,2,0
6226,D147745,2,0
1921,D147756,2,0
6638,D147758,1,0
1562,D147767,1,0
6476,D147773,2,0
6996,D147775,1,0
2307,D147787,2,0
6470,D147801,1,0
3467,D147810,1,0
8931,D147814,1,0
1479,D147824,2,0
8207,D147844,1,0
3398,D147850,2,0
9355,D147852,1,0
2580,D147859,1,0
874,D147866,1,0
8468,D147868,2,0
6624,D147883,2,0
4198,D147885,1,0
3347,D147886,2,0
7412,D147896,1,0
1922,D147897,1,0
4328,D147907,1,0
2301,D147928,1,0
1137,D147934,2,0
4064,D147961,1,0
575,D147966,2,0
44,D147986,2,0
9393,D147989,2,0
4658,D147993,2,0
1785,D147998,1,0
9937,D148002,1,0
9012,D148007,1,0
3052,D148022,2,0
4251,D148032,1,0
4512,D148036,1,0
3240,D148037,2,0
7554,D148048,2,0
268,D148054,1,0
956,D148065,1,0
2535,D148079,2,0
2666,D148099,1,0
3342,D148105,2,0
717,D148106,2,0
8508,D148112,1,0
3804,D148133,1,0
2439,D148137,2,0
7895,D148142,1,0
5175,D148149,2,0
9794,D148156,2,0
5013,D148166,2,0
4411,D148176,1,0
935,D148178,1,0
1081,D148193,2,0
4696,D148194,2,0
3690,D148198,2,0
9889,D148202,2,0
1223,D148203,2,0
1235,D148218,2,0
4859,D148223,1,0
9340,D148268,1,0
9258,D148277,2,0
6672,D148284,2,0
1926,D148307,2,0
3851,D148310,1,0
2218,D148323,2,0
2332,D148327,2,0
5256,D148328,2,0
7195,D148339,2,0
1596,D148350,1,0
8011,D148353,2,0
8669,D148364,2,0
4432,D148371,1,0
184,D148381,1,0
8266,D148388,1,0
5303,D148401,2,0
3702,D148415,1,0
3241,D148434,2,0
9339,D148439,1,0
3318,D148461,1,0
9103,D148463,2,0
6210,D148470,1,0
633,D148489,1,0
7711,D148499,1,0
6746,D148512,2,0
1000,D148519,2,0
6984,D148532,1,0
8124,D148544,2,0
8289,D148548,1,0
5263,D148558,2,0
8758,D148560,2,0
335,D148578,2,0
2987,D148586,2,0
1742,D148597,1,0
8488,D148603,2,0
471,D148605,2,0
5744,D148633,2,0
179,D148641,2,0
5224,D148644,2,0
9951,D148649,2,0
6278,D148650,1,0
7337,D148653,1,0
7394,D148660,2,0
5217,D148678,1,0
7681,D148682,2,0
6832,D148685,2,0
5119,D148698,2,0
4642,D148701,1,0
9083,D148715,2,0
7728,D148726,2,0
5714,D148741,2,0
3134,D148751,2,0
1045,D148755,1,0
8147,D148762,2,0
1976,D148815,1,0
3742,D148821,1,0
5299,D148831,1,0
383,D148836,2,0
2515,D148838,2,0
7217,D148840,1,0
6267,D148842,2,0
1671,D148844,2,0
8192,D148847,1,0
2089,D148858,2,0
5324,D148869,1,0
5392,D148873,1,0
9512,D148884,1,0
9270,D148885,2,0
3221,D148893,2,0
673,D148895,2,0
8078,D148896,1,0
6068,D148908,1,0
7695,D148918,2,0
3375,D148925,1,0
2975,D148930,2,0
3320,D148932,2,0
6355,D148949,1,0
2250,D148966,1,0
6,D148967,1,0
3615,D148972,2,0
4375,D148974,2,0
3163,D148985,2,0
3454,D148999,1,0
7031,D149002,2,0
2221,D149026,2,0
5410,D149028,1,0
2113,D149048,2,0
2434,D149049,2,0
7726,D149051,1,0
284,D149057,2,0
461,D149076,1,0
177,D149077,2,0
955,D149078,1,0
4268,D149082,2,0
8339,D149091,1,0
6050,D149101,1,0
648,D149106,2,0
3160,D149112,1,0
6764,D149140,1,0
5694,D149142,1,0
8449,D149159,2,0
7318,D149168,1,0
7527,D149170,1,0
7157,D149181,1,0
8570,D149184,2,0
8089,D149187,2,0
1978,D149197,1,0
2512,D149203,2,0
848,D149206,1,0
4968,D149243,1,0
6445,D149252,1,0
1166,D149258,2,0
477,D149260,1,0
7652,D149263,2,0
507,D149265,1,0
9309,D149275,1,0
3201,D149277,1,0
5920,D149282,2,0
6438,D149307,2,0
2538,D149318,1,0
2765,D149322,2,0
9548,D149324,1,0
9637,D149336,2,0
7629,D149337,1,0
2101,D149339,1,0
7055,D149359,2,0
1774,D149390,2,0
3235,D149424,2,0
6884,D149431,2,0
2737,D149434,1,0
9862,D149435,1,0
1361,D149447,2,0
500,D149464,1,0
7766,D149472,2,0
4104,D149498,2,0
8625,D149501,2,0
7863,D149513,1,0
2477,D149521,2,0
115,D149527,1,0
8305,D149529,2,0
4767,D149543,1,0
4493,D149553,2,0
5213,D149557,1,0
4384,D149558,2,0
3106,D149559,2,0
9278,D149562,1,0
1733,D149563,2,0
4123,D149564,2,0
2396,D149572,2,0
1673,D149578,2,0
8866,D149581,2,0
9037,D149597,1,0
4251,D149610,2,0
1118,D149622,1,0
1379,D149639,1,0
4019,D149643,2,0
5331,D149668,1,0
278,D149670,1,0
8801,D149722,2,0
4101,D149727,2,0
8445,D149729,2,0
7765,D149741,1,0
1066,D149742,1,0
5959,D149744,2,0
910,D149745,2,0
3272,D149748,1,0
6509,D149750,1,0
162,D149765,1,0
8319,D149767,2,0
7156,D149771,1,0
790,D149778,2,0
5706,D149781,2,0
2503,D149794,1,0
6397,D149804,1,0
5028,D149813,1,0
772,D149814,1,0
4612,D149815,1,0
8745,D149821,1,0
1359,D149826,1,0
2997,D149844,2,0
1790,D149852,2,0
3115,D149862,1,0
3692,D149870,2,0
994,D149873,1,0
1155,D149879,1,0
3513,D149880,1,0
4437,D149883,1,0
7566,D149884,1,0
2429,D149891,2,0
9821,D149892,2,0
9526,D149897,2,0
9777,D149901,2,0
8979,D149914,1,0
1358,D149915,2,0
6737,D149934,1,0
7538,D149949,1,0
8141,D149970,1,0
5850,D149972,1,0
4964,D149994,2,0
8276,D149997,2,0
4423,D150001,1,0
4808,D150003,1,0
6985,D150008,2,0
4361,D150014,2,0
5709,D150019,1,0
2431,D150020,1,0
3683,D150032,1,0
7324,D150041,1,0
9324,D150055,1,0
85,D150068,1,0
2143,D150074,2,0
6405,D150075,1,0
1251,D150087,1,0
6075,D150089,2,0
1132,D150093,1,0
3043,D150094,1,0
7939,D150143,2,0
7437,D150150,2,0
5897,D150159,1,0
1891,D150179,1,0
7224,D150195,1,0
9618,D150203,1,0
6890,D150208,2,0
2332,D150215,1,0
7341,D150221,1,0
6793,D150246,2,0
8489,D150261,2,0
9122,D150269,2,0
8163,D150272,2,0
2827,D150274,1,0
129,D150276,1,0
713,D150285,1,0
3676,D150303,1,0
9599,D150321,2,0
7513,D150324,1,0
9695,D150334,2,0
4257,D150353,2,0
1207,D150358,1,0
5330,D150360,2,0
2216,D150362,1,0
4268,D150364,1,0
4686,D150365,1,0
410,D150375,2,0
4308,D150381,2,0
4981,D150401,2,0
1376,D150403,2,0
8246,D150404,1,0
7389,D150415,2,0
6991,D150426,2,0
9812,D150442,1,0
9895,D150480,2,0
4782,D150481,1,0
2223,D150483,1,0
4779,D150497,2,0
4398,D150534,1,0
629,D150535,1,0
9858,D150563,2,0
1039,D150565,1,0
45,D150611,1,0
5467,D150621,2,0
4912,D150632,2,0
5761,D150641,1,0
2026,D150647,2,0
2015,D150656,2,0
240,D150672,1,0
5408,D150694,1,0
8036,D150696,2,0
1600,D150703,2,0
7589,D150709,2,0
6882,D150711,2,0
471,D150714,1,0
1999,D150771,1,0
8552,D150777,1,0
741,D150785,1,0
8165,D150792,2,0
3985,D150795,1,0
1920,D150798,1,0
4694,D150807,1,0
4136,D150813,2,0
3895,D150817,2,0
6758,D150819,2,0
743,D150827,2,0
5598,D150841,2,0
7771,D150851,1,0
5795,D150856,1,0
8576,D150860,2,0
9754,D150879,2,0
6560,D150890,2,0
3648,D150902,2,0
5461,D150920,1,0
6867,D150922,1,0
8746,D150932,2,0
5377,D150933,1,0
2122,D150947,2,0
2192,D150949,1,0
5751,D150950,2,0
8596,D150953,1,0
8202,D150971,1,0
1102,D150973,1,0
2463,D150974,2,0
7588,D151000,2,0
706,D151003,1,0
9410,D151012,2,0
4023,D151028,2,0
4669,D151030,1,0
9704,D151037,2,0
672,D151065,2,0
3584,D151095,2,0
9072,D151096,1,0
7567,D151100,2,0
8740,D151106,1,0
1043,D151117,1,0
301,D151119,2,0
97,D151121,1,0
9619,D151128,2,0
8923,D151129,1,0
205,D151133,1,0
5438,D151154,2,0
6780,D151158,2,0
6963,D151166,1,0
7788,D151184,1,0
8556,D151195,2,0
701,D151200,2,0
4165,D151220,1,0
1373,D151243,1,0
3215,D151247,2,0
436,D151257,1,0
3708,D151258,2,0
6272,D151273,1,0
8987,D151285,1,0
9622,D151289,1,0
4520,D151298,2,0
9987,D151303,1,0
2661,D151310,2,0
7523,D151322,2,0
6670,D151337,1,0
4026,D151339,1,0
529,D151345,1,0
3316,D151349,2,0
6731,D151369,2,0
5342,D151385,2,0
8134,D151388,2,0
6870,D151394,1,0
5081,D151395,2,0
7104,D151415,2,0
3957,D151417,1,0
7069,D151418,2,0
7608,D151426,2,0
8112,D151433,1,0
6677,D151434,1,0
1545,D151439,2,0
5120,D151443,2,0
344,D151445,1,0
7432,D151450,1,0
6290,D151496,1,0
1453,D151501,2,0
6402,D151515,2,0
106,D151538,2,0
443,D151565,2,0
4820,D151573,1,0
7235,D151584,2,0
6330,D151586,1,0
13,D151594,1,0
6203,D151596,2,0
6497,D151614,2,0
4547,D151634,1,0
9444,D151636,2,0
8002,D151637,1,0
2534,D151641,2,0
929,D151650,2,0
1973,D151658,1,0
2050,D151674,2,0
5858,D151675,1,0
7545,D151677,1,0
6576,D151689,1,0
2441,D151694,2,0
7398,D151721,1,0
5503,D151724,1,0
565,D151744,2,0
3868,D151756,2,0
8974,D151760,1,0
6340,D151770,1,0
6145,D151788,1,0
1262,D151789,1,0
1257,D151791,1,0
4804,D151795,1,0
8234,D151803,2,0
1885,D151808,2,0
9710,D151811,1,0
5514,D151812,2,0
4960,D151828,1,0
1305,D151832,1,0
5105,D151847,2,0
149,D151850,2,0
5385,D151851,1,0
8046,D151852,1,0
850,D151864,2,0
3009,D151874,2,0
9578,D151875,1,0
2203,D151877,1,0
8414,D151913,2,0
1052,D151921,1,0
9336,D151947,1,0
1703,D151968,2,0
7870,D151973,1,0
6956,D151976,2,0
1966,D151977,1,0
7811,D151981,2,0
8331,D151982,2,0
7943,D151985,1,0
6556,D151991,2,0
