qid,text
0,when did richmond last play in a preliminary final
1,who sang what in the world's come over you
2,who produces the most wool in the world
3,where does alaska the last frontier take place
4,a day to remember all i want cameos
5,what does the red stripes mean on the american flag
6,where did they film diary of a wimpy kid
7,where was beasts of the southern wild filmed
8,what part of the country are you likely to find the majority of the mollisols
9,when did fosters home for imaginary friends start
10,when did us get involved in vietnam war
11,how are the american declaration of independence and french declaration of the rights of man similar
12,what territory was fought over by india and pakistan
13,when did 17 nam summit meet take place
14,when did jack and the beanstalk take place
15,what is the meaning of mbbs and md
16,character sketch of hamlet in the play hamlet
17,who made the song my achy breaky heart
18,when do the assassination of gianni versace come on
19,where was the movie paint your wagon filmed
20,who sang go rest high on the mountain
21,when did the movie cooley high come out
22,i did two tours of duty in vietnam song
23,where is may i come in madam serial
24,who plays sonny's father in general hospital
25,when was the first heart transplant performed in the world
26,who does the voice of arby's commercial
27,when did the us military start using hummers
28,what time do they stop selling alcohol in south carolina
29,who is known as a father of indian cricket
30,what year did they stop making impala ss
31,amusement park on north carolina south carolina border
32,does kirby vacuum still sell door to door
33,who does the voice of madame gazelle in peppa pig
34,who won the battle of picacho pass in arizona
35,who gave the motto back to the vedas
36,when does wally west becomes a speedster in the flash
37,book that led to the meat inspection act
38,where does a hamster live in the wild
39,where was the first mardi gras in the us
40,what's the difference between a calico cat and a tortoiseshell cat
41,where was 10 things i hate about u filmed
42,who plays the queen of thorns in game of thrones
43,where was the movie just getting started filmed at
44,what is the name of the diamond shaped building in chicago
45,how many years can you be president in russia
46,which street is the strip in las vegas
47,who is the music director of pirates of the caribbean
48,are anglican and church of england the same
49,what type of snake is green and black
50,how did triangular trade benefit european colonies in the americas
51,when was the department of the navy established
52,how many votes needed to confirm a supreme court justice
53,when was mtn mobile money launched in uganda
54,where does the iron in your blood come from
55,who composed the pange lingua mass for the sistine chapel choir in about 1513
56,who sang the sunny side of the street
57,when did the national anthem became our national anthem
58,who has the right to issue coins in india
59,who plays tracey in birds of a feather
60,who played the emperor in the return of the jedi
61,when was the microscope invented and by whom
62,when did the norfolk broads become a national park
63,who is regarded as the finest stringed instrument builder of all time
64,where did the dukes of hazzard take place
65,who replaced clarence in the e street band
66,when was the safety car introduced in f1
67,who sang killing me softly with his song first
68,when does the 18th century start and end
69,who is the only son of hori and dhaniya in godan
70,how did jim propose to pam on the office
71,where did yellowstone national park get its name
72,who made up the second coalition in 1798
73,what is the name of ramaiya vastavaiya heroine
74,who does cartman's voice on south park
75,what is the bullys name on the simpsons
76,where's the old man in pawn stars
77,who initiated the game of cricket among india and how
78,where do trans fats go in the body
79,when was the last time chicago bears went to the superbowl
80,where did japan get its first writing system from
81,who holds the record for most lightning strikes
82,who plays bonnie's voice on family guy
83,what is the total number of fundamental duties mentioned in the constitution of india
84,who was the lady in sons of anarchy
85,what is antony and cleopatra the play about
86,when does elena's memories of damon come back
87,when was the stratosphere hotel built in las vegas
88,during which season of x factor us were fifth harmony formed
89,who sang put the lime in the coconut and shake it all up
90,which river in africa is the water source for the victoria falls
91,who should be called the father of radio
92,who plays lucas in days of our lives
93,who did the chiefs trade alex snith for
94,when was the wolf of wall street filmed
95,where do purple martins go in the winter time
96,who wrote the south carolina declaration of secession
97,where is the femur located on the body
98,where will the ryder cup be held this year
99,who has the most hat tricks in cricket
100,where does the title a thousand splendid suns come from
101,where does the spinal cord end in infants
102,example of one dimensional array in data structure
103,what do you call someone from the isle of man
104,who plays jake on two and a half
105,who strangled susan's daughter in desperate housewives
106,when did the first colour film come out
107,what is the slowing down of neutrons to increase the probability
108,when did the first disney incredibles come out
109,who is the bad guy in lord of the rings
110,compare the speed of sound in solid liquid and gas media
111,is a japanese word meaning​ change for the​ better
112,who has the most golden gloves in baseball
113,who played cindy lou who in the grinch who stole christmas with jim carrey
114,what percentage of the u.s. public debt is held by federal agencies and the federal reserve
115,what is the leader of a council called
116,when does kingdom hearts dream drop distance take place
117,where is cinco de mayo celebrated in united states
118,where does the most metabolic activity in the cell occur
119,how many amendments have been made to the constitution of the united states
120,who plays rizzoli's mother on rizzoli & isles
121,the inscriptions on the exterior of the taj mahal were designed by
122,where does the fear of spiders come from
123,how do you get paid as a bounty hunter
124,where are white blood cells produced in the body
125,what is the name of the chair the pope sits on
126,when did the dutch lose control of new york
127,which great river flows south through the north central region
128,where did the portuguese establish brazilian sugar plantations
129,who sang the song the battle of new orleans
130,when did christianity come to the british isles
131,what was the cause of the end permian event
132,who is the main character in sling blade
133,how many cylinders does a v8 engine have
134,which episode of glee does finn die in
135,sugarcane is an example of a plant that can be used to produce which kind of fuel
136,when does the tv show shooter come on
137,what is the role of the director in theatre
138,which is the oldest gospel in the bible
139,who plays ned stark on game of thrones
140,where does the new madrid fault line run
141,where did the name over the rhine come from
142,where does charlie and the great glass elevator take place
143,where does the last name choi come from
144,when was the first nfl game ever played
145,what are the lines above your lip called
146,how many episodes of the walking dead in season 8
147,who plays tiana in once upon a time
148,where does the term manifest destiny come from
149,where is clemson university located in south carolina
150,who was the first man shot in the boston massacre
151,where did they film the it movie 2017
152,which part of the earth is composed of the crust and upper mantle
153,when did pubg come out on steam early access
154,how many players in 6 nations rugby team
155,who was born in 2 halves to 2 different mothers in mahabharat
156,why is magua intent on killing munro and his daughters
157,in 2011 what was the dominant source of energy in the world
158,billy joel just the way you are meaning
159,who needed the heart in the wizard of oz
160,where does g0 occur in the cell cycle
161,what is half blood prince in harry potter
162,when is the fertilized ovum considered an embryo
163,when did the jamaican bobsled team go to the olympics
164,how much did the movie black panther make in the box office
165,who wrote me and bobby mcgee by janis joplin
166,in court i defended british soldiers who were in the boston massacre. who am i
167,did france get alsace lorraine back after ww1
168,when did dental floss come on the market
169,who saved ghost rider from his deal with mephisto
170,where does the last name jacobo come from
171,what kind of roof does the at&t stadium have
172,when does season 6 of the next step come out in the uk
173,when was the last time the statue of liberty was cleaned
174,who was england manager in last world cup
175,what does the red white and blue mean on the american flag
176,who did mekhi phifer play in 8 mile
177,what's the limit on a amex black card
178,where is the titanic museum located in tennessee
179,who wears the number 11 shirt at arsenal
180,who plays ricky's dad on secret life
181,who is the current head of the department of justice
182,when does mark come in grey's anatomy
183,who sang the original version of the lion sleeps tonight
184,where did the bald eagle get its name
185,how deep is the water at the strait of gibraltar
186,who appoints the high court judge of india
187,what is commission on human rights of the philippines
188,who was the killer in scary movie 1
189,what is the source of local governments authority
190,how do you make a traditional banana split
191,the american southwest was settled by european colonists from
192,who plays coby in packed to the rafters
193,what was the dean's name in animal house
194,who played the joker in the movie the dark knight
195,who is the guy that plays the joker
196,who sang splish splash i was taking a bath
197,who plays hiccup in how to train your dragon 2
198,who makes the kentucky derby garland of roses
199,who wrote thats the way i always heard it should be
200,where did the british east india company open its first factory in india
201,when did the sun finally set on the british empire
202,dual labor markets arise out of an efficiency wage model because
203,what's the population of pinellas county florida
204,where is the falkland islands located on a map
205,how many episodes of game of thrones are there 2017
206,when was the temple of artemis first destroyed
207,how many rooms does the luxury crown metropol perth have
208,the rock movie where he is a football player
209,who does the voice of american dad stan
210,who selects the ministers to form the cabinet
211,who is born on 29 february in india
212,who wrote the song riding on the city of new orleans
213,where did the city of phoenix get its name
214,when does new samurai jack episode come out
215,who wrote the city of new orleans song
216,the cincinnati red stockings first loss was to which baseball club
217,who played bass on and justice for all
218,what is any process that changes a rock's chemical composition
219,when does wild n out season 11 premiere
220,how many episodes of game of thrones is there
221,which emperor started the second persian invasion of greece
222,what happens at the end of the movie the big sick
223,who won american idol the year jennifer hudson
224,where did the saints play home games after katrina
225,the major spacecraft launching centre in south america
226,who plays batman in the lego batman movie
227,name the document that authorizes the creation of the us supreme court
228,this person appoints the chief justice of the supreme court
229,where did the modern house cat come from
230,when did the united states enter world war 2 in europe
231,today the american economy is an example of
232,what contract law is applicable in an international sale of goods
233,when did harry potter and the deathly hallows part 1 come out
234,how many episodes does the last ship have
235,what is the relatively rare condition that can cause respiratory​ depression
236,where did the name better than ezra come from
237,when will star wars episode 8 be released
238,what song did ed sheeran wrote for justin bieber
239,who played the dad on the brady bunch
240,who sings it's going to be me
241,when does the clown movie it come out
242,who sang the song come fly with me
243,what is the brightest star in corona borealis
244,who owns the land under this navigable river
245,why do you sneeze if you look at the sun
246,where does the red sea get its name
247,who fought who in the battle of hastings
248,where is mongolia located on the world map
249,when does harry potter and the goblet of fire take place
250,who wrote the loneliness of the long distance runner
251,who teaches yoda to return through the force
252,who sings don't stop thinking about tomorrow
253,when was the great wall of china located
254,what was already going on in america when the declaration of independence was signed
255,which country is host to the 2018 track asia cup cycling tournament
256,which is the characteristic of a line width depth color length
257,who sang how are things in glocca morra
258,who will be on running wild with bear grylls 2018
259,who plays gwen in the amazing spider man
260,where is amur river located on a map
261,who was the race car driver who lost both of his legs
262,are there still ravens in the tower of london
263,first new zealander to run a mile in under four minutes
264,when did world book day start in the uk
265,where is the seven sisters located in the sky
266,how long is a road train in australia
267,which two chambers make the united kingdom a bicameral type of government
268,where do you find the apple menu on a mac
269,what is the first pillar of islam called
270,how many episodes in the american season 5
271,when did new zealand stop being a dominion
272,what battle took place at breeds hill near boston
273,what are other names for day of the dead
274,who came first in the history of bluegrass
275,what year did the movie grease take place
276,what is the life span for a boston terrier
277,who ran the fastest 40 yard dash in history
278,when did ant and dec star in byker grove
279,what material is the angel of the north made from
280,what's a dell from farmer in the dell
281,when did food stamps change to a card
282,when would you use a sheet bend knot
283,who plays sam's girlfriend on game of thrones
284,marilyn mccoo and billy davis jr saving all my love for you
285,where does the weight measurement stone come from
286,where did manna come from in the bible
287,who does the voice of god on colbert
288,what body of water forms the northern boundary of kentucky
289,can you buy beer on sunday in pa
290,who become the family wizard in wizards of waverly
291,why do astronomers think that there is a great amount of mass in the halo of the milky way
292,when did the cubs win the world series
293,who said those who forget history are bound to repeat it
294,where did the name lynyrd skynyrd come from
295,how far up does the space station orbit
296,who scored the first points in superbowl history
297,when is the latin american celebration of carnival held
298,when was the american war of independence fought
299,why do we put the ring on the ring finger
300,when was the last time we had a 5 star general
301,what is the slogan of world environment day 2015
302,who paid for the transcontinental railroad to be built
303,who wrote the lyrics to you make it feel like christmas
304,who was the french explorer who established quebec
305,who became an american naval hero in the war of 1812
306,who sings it takes two baby me and you
307,guru gobind singh indraprastha university dwarka nearest metro station
308,what is the use of jar file in java
309,who sings the song don't let me down
310,who casts the deciding vote in the senate
311,average height and weight of kentucky derby jockey
312,who played mildred on the jack benny show
313,how do nba teams get into the playoffs
314,the holder of this passport is not entitled to travel to occupied palestine
315,how long does it take for rigor mortis to set in in animals
316,how did the house of saud come to power
317,teams qualified for semifinals in champions trophy 2017
318,who played scarecrow in batman dark knight rises
319,does the amazon river start in the andes
320,to whom did the portuguese lose malacca in 1641
321,when was the national flag adopted by the constituent assembly of india
322,how many branches of pizza hut in the world
323,how far is it in light years from the sun to the star vega
324,where does the man who shot liberty valance take place
325,brown bear brown bear what do you see meaning
326,when do andy and erin get back together
327,where did death cab for cutie get their name
328,who sang the theme song for it's a different world
329,who goes in the last carriage of the ninky nonk
330,what was the conflict of the iraq war
331,what is the full meaning of ak 47
332,where is the european court of human rights located
333,when did the nba get a 3 point line
334,what is the significance of the celestial object eris
335,when might it be important to know if one is a carrier
336,when will mother 3 be released in america
337,orange is the new black season 2 does alex come back
338,what type of hormone can cross a cell membrane easily
339,who sings i'm begging you for mercy
340,who issued the decree written in three translations on the rosetta stone
341,when does star trek discovery show on tv
342,who won the football national championship in 2018
343,when did the san diego chargers move to los angeles
344,when is the rolls royce cullinan coming out
345,where was pirates of the caribbean dead man tells no tale filmed
346,why were the old testament scriptures translated into greek
347,what year was the truck in the fall guy
348,only country with a bible on its flag
349,who played jamie scott in one tree hill
350,what's the coldest it gets in italy
351,how many digits is a uk national insurance number
352,how many days is the feast of tabernacles
353,where did you sleep last night written by
354,royal caribbean largest ship harmony of the seas
355,how many episodes in game of thronse season 7
356,how many national championships in all sports does florida state have
357,when does season 11 of wild n out start
358,when do we say that the foodstuff is spoiled what changes are seen in it
359,owner of the boston red sox baseball team
360,who played ellie mae on the beverly hillbillies
361,on what basis did the bishop of rome claim authority over other bishops
362,who provides the voice of mr smithers on the simpsons
363,when does the answer occur in a fugue
364,what is the meaning of tethering in android
365,what does ap class mean in high school
366,seasons of once upon a time on netflix
367,who played john robinson on lost in space
368,in which year india become the member of un
369,who plays the cat in the hat in the movie
370,what's the population of st augustine florida
371,is nigeria still a member of united nation
372,how do tube feet serve in food taking
373,who was ashley married to in coronation street
374,when was iisc named to its current name
375,who did the voice of hal in 2001
376,when did the singer of linkin park die
377,who discover the role of yeast in fermentation
378,where does ben and jerry's ice cream come from
379,when was the two treatises of government written
380,is a city and guilds equivalent to a degree
381,lyrics to brown girl in the ring meaning
382,when was animal testing for cosmetics banned in the uk
383,how many team in fifa word cup 2018
384,when was bangladesh created as an independent country
385,where does the saying all 6's and 7's come from
386,which instrument is traditionally played in the indian marriage
387,combined flow of shilabati and dwarakeswar is known as
388,when does the my hero movie come out in america
389,who was the young jedi in revenge of the sith
390,where was the first summit of nam held
391,when was the first person killed by a car
392,what is the concept of the show the four
393,who sang in the movie baby the rain must fall
394,what are the teams in the little league world series
395,which two countries played finals of world cup football 2010
396,who played in the 2014 world cup final
397,what is the national bird of the united states
398,who is catch me if you can based on
399,when was the name burma changed to myanmar
400,when did the blues last win super rugby
401,how many nba games in a season per team
402,who had the idea of the nobel peace prize
403,who plays the voice of jafar in aladdin
404,when was the first mercedes g class made
405,can you take the king of the board in chess
406,when did kindergarten start in the united states
407,who plays little sweet on dr pepper commercial
408,who wrote the song roll me up and smoke me when i die
409,where is the camping world bowl played at
410,the popular toy manufacturing company funskool is a subsidiary of
411,when did indiana became part of the united states
412,what is the longest stone arch bridge in the world
413,who wrote the song i write the song
414,who plays lil sweet on the dr pepper commercial
415,where is the deepest part of lake erie located
416,in a 2008 decision the u.s. supreme court ruled that
417,when do the handmaid's tale episodes come out
418,where did the chinese mitten crab come from
419,what is the american recovery and reinvestment act of 2009
420,who won the world cup in russia 2018
421,where is malaysia located on the world map
422,what is the real name for rollie pollies
423,who is the father of modern codified acting methodology
424,where does most of the us electricity come from
425,when did han solo and leia have a baby
426,who does rondo play for in the nba
427,who won the world series in 2015 baseball
428,where is james scott from days of our lives
429,where is the starry night painting located now
430,which ruler expanded greek territories as far east as india
431,the word aesthetic comes from greek and means
432,who plays rusty's mom on major crimes
433,who was involved in the gulf of mexico oil spill
434,when did iced coffee become popular in the us
435,who owned colorado before it became a state
436,where do red ear slider turtles come from
437,who uses the slogan eatin good in the neighborhood
438,who wrote the song it ain't over til it's over
439,operation overlord was the name given to secret planning for
440,where is the indian ocean located on a world map
441,who appoints the members of the public company accounting oversight board quizlet
442,the folk dance form tehra thali belongs to which state
443,when did the first 3d tv come out
444,how many major sports teams are in california
445,who wrote sheltered in the arms of god
446,when did the iphone 6+ come out
447,when did the one pound coin come into circulation
448,when was the call of the wild written
449,where do we see the coat of arms
450,where does page numbering start in a book
451,when is 13 reasons why season 2 released
452,when did the mexico city earthquake happen in 2017
453,when did sonny with a chance come out
454,when do you get given an eternity ring
455,what is the little boy's name in coco
456,average income for a single person in california
457,where did the joy luck club take place
458,when was the book of james added to the bible
459,who plays rose on two and a half men
460,who does rick grimes fall in love with
461,harry potter what does half blood prince mean
462,the geological term caldera comes from the spanish word for
463,where was very merry daughter of the bride filmed
464,who plays young tom riddle in the chamber of secrets
465,where is chota nagpur plateau located in india
466,who sings what you want do for love
467,when does the regular 2018 baseball season start
468,where do styes in the eye come from
469,are pumas cougars and mountain lions the same animal
470,i'm sorry i haven't a clue correspondent from north wales
471,when did the middle east get its name
472,where is disney's abandoned water park located
473,who illuminated the painting of constitution of india
474,where did the assumption of mary take place
475,who sings the country song don't close your eyes
476,when was the white house rebuilt after the war of 1812
477,who is the father of geometry in math
478,when did the 12 valve cummins come out
479,where is call me by your name opening
480,who is the book of john written by
481,who decided to use agent orange in vietnam
482,when was the secret ballot introduced in the us
483,when did french stop being spoken in england
484,who sings once i was seven years old
485,where does the process of replication occur in the cell
486,what was kentucky called before it became a state
487,who sings bushes of love bad lip reading
488,who is the current cabinet secretary of australia
489,do you have to be american to run for president
490,did klay thompson's dad play in the nba
491,when was the letter j added to english
492,where did the marshall tucker band get their name
493,who is the coach of the houston cougars basketball
494,what is the mean of rx in medical
495,is pound sterling the same as british pound
496,comin thro the rye meaning in catcher in the rye
497,a javabean or bean is a java class that
498,how did the shark die in jaws the book
499,when does braxton family values season 5 start
500,who is the postmaster general of the united states
501,c fibers carry what type of information to the brain
502,where does the name monkey bread come from
503,early settled communities like catalhoyuk produced food by
504,in the wizard of oz who didn have a heart
505,cheers episode where sam and diane get together
506,what is the chemical formula of laughing gas
507,how do cow produce milk all the time
508,who is the actor who plays kyle on last man standing
509,the far side of the moon cannot be seen from earth because
510,when does it start warming up in houston
511,where do canadian seagulls go in the winter
512,what is the name of brahmaputra river in arunachal pradesh
513,why do we need the port of melbourne
514,who played the doctor in star trek voyager
515,fastest to get 10000 runs in odi cricket
516,how many millionaires in who wants to be a millionaire uk
517,when did the first episode of spongebob come out
518,when does stanger things season 2 come out
519,where is the third runway at heathrow planned
520,what is the american league record for most consecutive wins
521,who sang turn back the hands of time
522,where is the rubicon river located on a map
523,where can i see the film the shack
524,where is hgtv love it or list it too filmed
525,who played batman in the dark knight rises
526,where did lebron james play high school basketball
527,how did the mother die in how i met your
528,when do they cancel mlb games for rain
529,what caused the earthquake in the movie san andreas
530,when was the first indian residential school opened in canada
531,how many shows does dave chappelle have on netflix
532,when does the new serie a season start
533,the bad guy in alvin and the chipmunks
534,how many stars are on the america flag
535,where does the rotation of the supercell come from
536,who played ray in star wars the force awakens
537,where do the lions in lion king live
538,what is the difference between mandelbrot and biscotti
539,one of ancient greek's most influential religious figures was the oracle at
540,who played mr green jeans on captain kangaroo
541,institute of nano science and technology sahibzada ajit singh nagar punjab
542,what kind of dog was in wizard of oz
543,who hit the gong on take your pick
544,who sang let it go in frozen movie
545,when does quinn come on one tree hill
546,what does the alien in toy story say
547,who won the 2017 australian men's singles title
548,when did the first batman movie to come out
549,who made the song live and let die
550,when did the us first institute daylight savings time
551,who did the tennessee titans used to be
552,what is the vertex angle of an isosceles triangle
553,when did the us send its first satellite into space
554,who played mel gibson's youngest daughter in the patriot
555,who plays ra's al ghul in arrow
556,how old is scout in go set a watchman
557,what happens to a resource when competition for it increases
558,summary of the story where are you going where have you been
559,who was involved in the moral reform movement
560,who do northern ireland represent in the olympics
561,who sings rocky theme song eye of the tiger
562,what is the nickname of the republican party
563,what is the movie i can only imagine is about
564,when did the serial yeh rishta kya kehlata hai started
565,when did the king kong ride burn down
566,who sings the song my maserati does 185
567,to how many decimal places should the volume of a liquid in a burette be recorded
568,what happened to sam the weatherman on good morning america
569,who did i fought the law and the law won
570,what is the new name of world wildlife fund
571,which classical civilization is associated with the concept of the mandate of heaven
572,what are the classification of traditional african instrument
573,what is the capital of trindad and tobago
574,who played maggie on how i met your mother
575,what does the color of the haitian flag represent
576,when does season 2 of between come out on netflix
577,who left once upon a time season 6
578,who does bradley cooper end up with in aloha
579,what is the princess's name from brave
580,what did darcy do to jane and bingley
581,what is it called when you vote a president out of office
582,who wrote the song keep me hanging on
583,maltose is broken down by maltase into two molecules of
584,where do blue and gold macaws come from
585,who holds the major league home run record
586,when was the first time romeo saw juliet
587,is there a gambling casino on catalina island
588,who sang rainy night in georgia with conway twitty
589,what's the difference between west virginia and virginia
590,where are you going where have you been plot
591,who is credited with inventing the lightening conductor
592,where was gossip girl filmed in the hamptons
593,when did they start giving the polio vaccine
594,where are nimbus clouds found in the sky
595,where does the ranch tv show take place
596,what episode of supernatural does dean go to hell
597,what is the largest branch of psychology today
598,where does the tv series private eyes take place
599,how much of the united states is owned by other countries
600,what is the use of team foundation server
601,what does a blinking green light in canada mean
602,who wins season two of hell's kitchen
603,why is it called the big house michigan
604,who played sylvester in it's a mad mad mad mad world
605,who was the girl in dancing in the dark video
606,when did ford quit making the 7.3 diesel
607,when does the teen titan movie come out
608,the most noticeable change in the manufacturing sector of the ottoman empire in the 19th century was
609,what was the symbolism in the very first traditional 7 pointed pinatas in mexico
610,is there an elevated train in new york
611,who appoints the judges of supreme court of india
612,when does final fantasy 15 royal edition come out
613,where did the story of moana come from
614,where does the last name allen come from
615,who acted as brian o'conner in furious 7
616,the green colour of the nigeria flag stands for
617,who were the founding fathers and what did they do
618,when was the first underground railway (metro railway) started
619,fontenelle conversations on the plurality of worlds summary
620,what is the meaning of the name paige
621,who first described the idea of natural rights
622,during the middle ages what part of the ancient catholic church served as a center of learning
623,where is the nerve located in a tooth
624,what is the half horse half man called in narnia
625,dorothy and toto's three travelling companions to oz
626,who tells harry about the chamber of secrets
627,jeff loves adopted name for music for mountains
628,where do the terms left and right come from
629,what is the busiest hurricane season on record
630,when was the first star wars movie made
631,how many parts are there in harry potter series
632,what is brazil the world's leading producer of
633,according to charles law when the temperature of a gas increases
634,who found gold in the california gold rush
635,what part of la is the staples center in
636,what year did seat belts come out in australia
637,link between get him to the greek and forgetting sarah marshall
638,who fought on what side in the french and indian war
639,who plays stella in how i met your mother
640,where was the film conflict of wings filmed
641,when is the wolf of wall street set
642,what is a risk and control self assessment
643,who plays maggie's dad on grey's anatomy
644,how is the worker envisaged in taylor’s scientific management
645,where are the ping pong shows in phuket
646,who lived in connecticut before the european settlers
647,in determining the power of congress to regulate commerce in the case
648,what is the name for the safeguard that gives each branch of government power over the others
649,who sang get by with a little help from my friends
650,who does julie walters play in harry potter
651,who plays tinkerbell in once upon a time
652,how many super bowl losses do the patriots have
653,who were the sons of liberty and what was their purpose
654,who plays jaws in the james bond movies
655,who wrote would you lay with me in a field of stone
656,what was the theme song for tour of duty
657,what is the average temperature of the crust
658,who led an anti british movement in kitoor
659,what is the salary of us cabinet members
660,who introduced arch and dome architecture in india
661,when did the war in vietnam take place
662,where did hong kong airport used to be
663,who is the girl from brenda's got a baby video
664,when was the forward assist added to the m16
665,who played bass on you're so vain
666,where will the 2018 world cup final be played
667,who was the song night shift dedicated to
668,what instrument is used for the harry potter theme song
669,what is a double die penny look like
670,where is the name ethan found in the bible
671,where was the i had a dream speech given
672,where are most nutrients absorbed in the small intestine
673,where does it rain the most in texas
674,if a us senator is appointed to serve in a cabinet position the senator
675,where was the movie wish you well filmed
676,who made the song i wish i was a baller
677,who sang sitting on top of the bay
678,where did the name off white come from
679,where does the first cleavage division of zygote take place
680,what does the ark of the lord represent
681,who is the little girl on we bought a zoo
682,who sang don't it make you want to go home
683,where is japan located geographically in the world
684,powers granted to the states under the tenth amendment to the constitution
685,where's the headwaters of the mississippi river
686,what is the purpose of the proclamation of 1763
687,what do opposite sides of a dice add up to
688,who is credited with creating the tv game show jeopardy
689,when does the major league soccer season start
690,what was the significance of the peace of augsburg (1555) quizlet
691,where are white blood cells made in the body
692,first baseball team to put names on jerseys
693,who owns once upon a time in shaolin
694,where was the movie the post man filmed
695,what concert was the las vegas shooting at
696,when did the lead singer of stone temple pilots die
697,where was the final scene of grease filmed
698,what types of energy is used in australia
699,when did black boxes get installed in planes
700,what is a ep in the music industry
701,who sang up where we belong with joe cocker
702,what supreme court decision said that public schools should be integrated
703,what to do for first degree heart block
704,when did father's day become a holiday
705,who played annie oakley in the tv series
706,who did gemma whelan play in game of thrones
707,who sang poor unfortunate souls in little mermaid
708,how long can i live in india with oci
709,when does second series of the crown start
710,when is isle of dogs being released in canada
711,what is the nqf level of a national diploma
712,who played miranda in sex and the city
713,who sings i put my old blue jeans on
714,when did scotland last win a grand slam
715,when did abbott and costello do who's on first
716,the type of decent that explains why all species are linked in a single tree of life
717,who sings stand out from a goofy movie
718,when was the last time the winter olympics were in the usa
719,who has the most no hitters in baseball
720,who plays the flash on the tv show
721,what is the favorite food of a possum
722,r.e.m. - losing my religion lyrics meaning
723,when does season 2 of haters back off come out
724,when does the challenge dirty 30 come out
725,my prime of youth is but a frost of cares summary
726,what is the project to clean up the polluted waters of the ganga called
727,the number of valence electrons in an atom of an element is equal to the group number
728,how do you say do you want to sleep with me tonight in french
729,do new zealand and australia have the same flag
730,who played lord melbourne in victoria on pbs
731,where is the pro bowl being held 2018
732,what was the highest oil price per barrel
733,when was the american heart association website created
734,when did the royal easter show move to homebush
735,when did the suite life on deck start
736,who plays brooke on the bold and the beautiful
737,when does the nominating process for the president officially begin
738,who did the voice of jarvis in iron man
739,where did the english first open their factories in eastern india
740,how many grams of sugar are in a packet of splenda
741,when did we start celebrating father's day in the uk
742,does the wynn las vegas have a casino
743,where did table rock lake get its name
744,where is the mall of america located at
745,who is buried in the old north church
746,who has won the most medals in olympic history
747,what president is mentioned in all in the family song
748,who represents the government in front of the supreme court
749,who found the south pass in wyoming in 1823
750,who is the host of fifa world cup 2026
751,what is the song photograph by ed sheeran about
752,when does guardians of tge galaxy 2 come out on dvd
753,who is the main character in life is strange
754,nba player with most championships with different teams
755,what is the name of the airport in orlando
756,who said better to reign in hell than serve in heaven
757,where did the idea for star wars come from
758,what is the meaning of the song when the saints go marching in
759,by whom the speaker of lok sabha is elected
760,when is the new season 7 of game of thrones
761,when did the us declare war on britain for the war of 1812
762,who has played the most rounds at the masters
763,when did the us and ussr become allies
764,how i met your mother yellow umbrella first appearance
765,where are the queen's crown jewels kept
766,where is the cash explosion tv show taped
767,what did the marshall islanders use stick charts for until the 1950s
768,where did the dukes of hazard take place
769,who threw the first brick in the stonewall riots
770,why does it cost millions of dollars to air one commercial during the super bowl
771,who plays carrie in when we first met
772,what kind of camera do the slow mo guys use
773,who is the female author of silent spring
774,who does the voice of blue in rio
775,when is king arthur legend of the sword released
776,where does the distributor get its power from
777,when did holden start making cars in australia
778,less i know the better music video girl
779,what must an immigrant to the united states agree to before he or she can become a us citizen
780,who was allowed to vote in the scottish referendum
781,who played in the original thomas crown affair
782,who sponsored the no child left behind act
783,what is the total population of the world today
784,when does infinty wat come out on dvd
785,shawn mendes there's nothing holding me back girl name
786,where is mike and molly supposed to take place
787,when was women's ice hockey added to the olympics
788,where is the hallmark movie chesapeake shores filmed
789,what happened to the lead singer of killswitch engage
790,what is the king's name in shrek
791,when did michael schumacher retired from formula 1
792,who has been appointed as president of gujarat sahitya academy
793,what is the definition of ohm's law
794,who sang hang down your head tom dooley
795,where were the terracotta warriors found in which city
796,who have measured first the circumference of earth
797,will there be a second south park movie
798,is there an international airport in naples italy
799,the interior of the mosque at cordova in spain is notable for containing hundreds of
800,bowl used as part of a tea service
801,jason mraz lyrics i won't give up meaning
802,who built the temple of amun at karnak
803,when is tiger zinda hai trailer coming out
804,who appoints the governor of state in india
805,what was the purpose of the kirby-bauer method
806,where is the bridge that turns into a tunnel in virginia
807,when was the last of us 2 announced
808,when was the idaho state capitol building built
809,how many hours is considered a full-time job
810,explain the meaning of national anthem of nepal
811,where does walmart get its great value products
812,which two types of cookware will not work for induction cooking
813,where does a cello sit in an orchestra
814,when did season 2 of stranger things start
815,can you remote play ps3 games on vita
816,how much of the philippines is in poverty
817,who plays shannon on how i met your mother
818,what was built by the inmates of changi prison camp
819,when did the bold and the beautiful premiere
820,what engine does a f1 car have 2017
821,has the host country ever won world cup
822,girl who plays in guardians of the galaxy
823,where was the 1980 movie the fog filmed
824,where is the pink lake in australia located
825,where does gluconeogenesis take place in eukaryotic cells
826,when did california become the most populous state
827,who did the demon voice in the exorcist
828,where was american horror story hotel cortez filmed
829,how many seats needed to win majority in pakistan
830,who do we fight in world war 1
831,a condition in which there is a lack of one or both testes
832,ok google what is the name of india's first arctic research station set up in 2008
833,what is the mark in a contraction called
834,who did the music for road to perdition
835,bb-8 is an astromech droid from what film
836,where do the detroit tigers have spring training
837,when did led zeppelin play madison square garden
838,how did the u.s. rocky mountains come to look the way they do today
839,what does the song swing low sweet chariot mean
840,where is monterrey mexico located on a map
841,who wrote the music score for lord of the rings
842,sports betting is only legal in four states of the u.s. they are
843,when was the first lds general conference held
844,when were books of the new testament written
845,why was the national association of manufacturers formed
846,where did the perks of being a wallflower take place
847,who organized the august 1991 coup attempt in the soviet union
848,where was the movie cahill us marshal filmed
849,primary finding of the minnesota study of twins reared apart
850,is the grocery store on guy's grocery games a real store
851,who is commander in chief of us military forces
852,who do you play as in red dead redemtion 2
853,one result of the spanish american war of 1898 was that the united states was
854,what was most important element in greek medicine
855,does the privacy act of 1974 apply to corporations
856,how many episodes in season 4 of agents of shield
857,where do they go in ferris bueller's day off
858,who sang the original version of without you
859,how many world cup appearances does germany have
860,do you need a pistol permit to shoot at a range in ny
861,where was the lord of the rings trilogy filmed
862,who won the 1401 competition for the bronze doors for the baptistery in florence
863,who developed the method of volume by water displacement
864,when did the first apple product come out
865,when does season 6 of house of cards start
866,who is lead singer of fall out boy
867,where is the columbia river located on a map
868,who came up with the seperation of powers
869,when did athens become the capital of greece
870,when is the last time the smashing pumpkins toured
871,where does god helps those that help themselves come from
872,who played crazy eyes in orange is the new black
873,which article of indian constitution empowers the parliament to regulate right of citizenship
874,who does st vincent de paul society help
875,when did laverne and shirley move to california
876,which metal is used as a thin film on sweets
877,protozoan classification used to be based on their means of
878,who takes care of the georgia bulldog mascot
879,when did lollipop by lil wayne come out
880,when does season 13 of criminal minds begin
881,who is the guy at the end of fifty shades darker
882,what is the average time in days between moon phases
883,who plays the dad on wizards of waverly place
884,how many departments are there in karnataka government
885,what is the definition of a social path
886,when is the first us done in pregnancy
887,who played gandalf in the lord of the rings movies
888,when did the anti smacking law came in
889,where is the chilling adventures of sabrina filmed
890,who plays matt's wife on 7th heaven
891,how many jobs does mining provide in australia
892,how long is a senate term in canada
893,who is the owner of the miami dolphins
894,what important natural resources in west africa did the songhai empire control
895,who sings the song till i see you again
896,describe the function of lender of last resort performed by the central bank
897,what is the predominant form of religion in kenya
898,what happened at the battle of britain in ww2
899,who played the sheriff on sons of anarchy
900,what do we mean when we say the u.s. court system is adversarial
901,what type of party is lady windemere planning
902,what impact did world war ii have on independence movements in africa
903,who is the girl on slaughter album cover
904,when did the glock gen 3 come out
905,what is the tribe of judah in the bible
906,when did the philippines become an independent country
907,who composed the pirates of the caribbean theme song
908,why is a day called a sol on mars
909,who are the why don't we members
910,when did a series of unfortunate events come out on netflix
911,who has won the us open golf title 2018
912,who played quincy's wife in the last ship
913,where did the song zippity doo dah come from
914,who sings i'm so tired of being alone
915,who is known as the father of statistics in india
916,where did the band name queen come from
917,who was the woman that lived with the gorillas
918,what came first charlie and the chocolate factory or wonka candy
919,who sang if i ever fall in love
920,who wrote my god is an awesome god
921,is the bubonic plague a bacteria or virus
922,who was the viceroy of india when shimla conference took place
923,who wrote the book of john the gospel
924,when does jurassic world fallen kingdom come out
925,when did the spitfire go out of service with the raf
926,difference between bid and offer in stock market
927,what is a buy sell agreement life insurance
928,the energy from nuclear fusion is produced by the conversion of mass to energy
929,that's what you do for love alicia keys
930,what type of radiation does strontium 90 emit
931,when did the us join the allied forces in ww2
932,what state contains the geographic center of north america
933,who won australia's next top model s9
934,who has the power to formally commit a child into care
935,whats pennys last name on the big bang theory
936,when does angela get pregnant in the office
937,where is the zoo that we bought a zoo based on
938,there is a town in america named valentine which state is that
939,what is the name of chief minister of assam
940,when did the horse arrived in north america
941,who put the overalls in mrs murphy's chowder
942,basis of european union began with the signing of
943,who has become the new solicitor general of india
944,cast of don't worry be happy video
945,what does it mean when cats sniff each others noses
946,who sings the song i am a warrior
947,when was lead based paint banned in canada
948,what was the earlier name of the times of india
949,who was chris webber drafted for on draft night
950,when does three billboards outside ebbing missouri come out
951,who wants to be a millionaire phone a friend rules
952,when was life of the party by shawn mendes released
953,how many views does red vs blue have
954,where is the ladies final four being played
955,who is the original singer of one moment in time
956,where did civilization get its start in china
957,who is the current president of mexico and what is his political party
958,total us debt as a percentage of gdp
959,where does the river thames stop being tidal
960,who plays lord stark in game of thrones
961,what does the crescent moon on the pakistan flag mean
962,heat exchangers in gas fired furnaces are made of
963,the first african-american union in the us was
964,when was the first manual traffic signal invented
965,what was the name of the first video game console
966,who does roger marry in one hundred and one dalmatians
967,where does the stuff that gets in your eye go
968,who plays jt hellstrom on young and restless
969,when was the hoover dam built and how long did it take
970,where do dust storms occur in the world
971,who played davy jones in pirates of the caribbean dead man's chest
972,when did ireland secede from the united kingdom
973,where is arctic ocean located on the world map
974,what was dogs name in smokey and the bandit
975,the first experimental laboratory in psychology in the united states was founded by
976,who is known as the father of fibre optics
977,who wants to be a millionaire first uk winner
978,who is the only bowler to have taken a hattrick in both innings of a test matches
979,the bill of rights consists of the first ____ amendments to the constitution
980,land locked country in african great lakes region
981,who played the oompa loompas in charlie and the chocolate factory
982,other names for the president of the united states
983,what does the song photograph by ed sheeran mean
984,what did the reciprocal trade agreements act of 1934 give the president the power to do
985,where is venezuela located on the world map
986,who owns the rights to texas chainsaw massacre
987,when did milwaukee move to the national league
988,who played sheriff in smokey and the bandit
989,who wrote the song my woman my woman my wife
990,who is the girl on the autonation commercial
991,what were the civil service exams in china
992,what is the newest season of the big bang theory
993,who made a change is going to come
994,who did the astros trade for brandon backe
995,where do the new york yankees do spring training
996,what happened to the ancient city of pompeii
997,where in nevada did they test nuclear bombs
998,what team does steph curry brother play for
999,what is the minimum age for president of united states
1000,the si unit of the electric field is
1001,when was the capital moved to washington dc
1002,who played mr. carter in welcome back carter
1003,what does it mean when respiratory rate is high
1004,when did unesco declared paharpur as a world heritage area
1005,what happens at the end of my best friends wedding
1006,what is the movie pirates of the caribbean about
1007,which are the three (3) major types of muscle tissue
1008,where did tom brady win his first superbowl
1009,who does the honey badger play for in the nfl
1010,where was bury my heart at wounded knee filmed
1011,what day is armed forces day in the us
1012,who sang would you like to swing on a star
1013,when did wizard of oz air on tv
1014,the one who was a picture of a good neighbor in the parable of the good samaritan was
1015,when do angela and hodgins first get together
1016,in what year did france give us the statue of liberty
1017,in which date the sangeet natak academy recognised satriya nritya
1018,explain the salient features of banking regulation act 1949
1019,when did the aral sea start to dry up
1020,who sings would you let me see beneath your beautiful
1021,what mental disorder does sybil's mother have
1022,when did the washington nationals become a team
1023,where does the coosa river start and end
1024,list 4 causes of the war of 1812
1025,in 1815 the greatest challenge to european conservatism was to create a balance of power between
1026,in what u.s. town did the famous 1881 shoot-out at the o.k. corral take place
1027,what do you win on i'm a celebrity get me out of here
1028,does each person win a car on family feud
1029,where does isle of man tt take place
1030,can the components of an azeotropic mixture be separated by fractional distillation
1031,who is the singer for alice in chains
1032,how many of the biosphere reserves from india are recognised by the unesco
1033,the range of masses for white dwarf stars
1034,who plays cornelius in planet of the apes
1035,where is survivor heros vs hustlers vs healers filmed
1036,after world war 2 the soviet union established satellites in eastern europe primarily to
1037,where is the u21 euro championships being held
1038,where is green gables located on prince edward island
1039,when do we need to revisit bcp plan and strategy
1040,who sang lead vocals on don t look back in anger
1041,what shade of green is the philadelphia eagles
1042,when does season 2 of the secret daughter start
1043,where is the villi located in the human body
1044,what is the state of california fiscal year
1045,who composed it is well with my soul
1046,who wrote standing on the corner in winslow arizona
1047,who came up with the big five personality theory
1048,who plays kelly in saved by the bell
1049,what is the difference between a graduated driver license and a driver license
1050,why did cory and topanga move to new york
1051,where was the city of troy located at
1052,who defeated the spanish armada at the end of the 16th century
1053,when did the us start using electoral college
1054,who did the mavericks play in the finals
1055,when did in the night garden come out
1056,goalkeepers with most clean sheets in premier league
1057,what is the name of the capital city of canada
1058,what type of steel is used in rebar
1059,who plays alan in last tango in halifax
1060,what are the leaf like parts in simple flowers
1061,capital and largest city of belarus on the svislach river
1062,who plays mr wickham in pride and prejudice
1063,where is the bone marrow found in a long bone
1064,who wrote the song friday by rebecca black
1065,what type of colony was pennsylvania when it was founded
1066,what happens to luxury tax money in nba
1067,can you play all ps1 games on ps2
1068,what do pointed arches do with the weight of a structure
1069,laali ki shaadi mein laddoo deewana movie story
1070,where is lake poopo located on a map
1071,diavik diamond mine which is located in the remote sub-arctic landscape of
1072,who was the singing voice of mighty mouse
1073,where did the battle of five forks take place
1074,when was the first cabbage patch kid made
1075,which house has more power lok sabha or rajya sabha
1076,where were the desert scenes in lawrence of arabia filmed
1077,where did the president live before the white house
1078,hereditary spherocytosis occurs due to mutation in genes coding for
1079,i am the india's first artificial satellite
1080,when does a man exert more pressure on floor while standing or while walking
1081,who wrote the songs for dear evan hansen
1082,who played john connor in terminator 2 judgment day
1083,what type of boundary created the himalayan mountains
1084,what is the meaning of my name stephanie
1085,when was the women's boat race first televised
1086,what was the name of the last jurassic park movie
1087,who won the 2017 men's singles australian open tennis tournament
1088,who is the author of touching spirit bear
1089,what's the name of the broncos stadium
1090,who played the original khan in star trek
1091,what is the island called that wonder woman is from
1092,who was the us general who led forces in italy
1093,who do you play as in pokemon yellow
1094,when does part 2 of vikings season 4 start
1095,who sings the guy part in bring me to life
1096,the evidence of which nobel gases was first observed in india during a solar eclipse
1097,where does texas economy rank in the world
1098,when was twas the night before christmas written
1099,how far is greenville south carolina to columbia south carolina
1100,when was the last time somebody won the triple crown
1101,what kind of fish is in filet o fish
1102,who was the last pow released from vietnam
1103,who sings with flo rida in i get a good feeling
1104,where does addison go in grey's anatomy
1105,what type of government did bulgaria have from 1944 to 1990
1106,what was the chesapeake incident of 1807 quizlet
1107,when did the astros become an american league team
1108,who wrote the music for the original star wars
1109,how many cc is a 88 cubic inch motor
1110,who was the first person to suggest a geocentric universe
1111,when did germany take alsace-lorraine region from france in the franco-prussian war
1112,where is panama city located on a map
1113,what happened to the house on cielo drive
1114,when is fortnite coming out of early access
1115,what is the name of the script that the adi granth is written in
1116,when did the puerto rican day parade start
1117,who sings whole new world in aladdin movie
1118,do guns have to be registered in arizona
1119,what is the speciality of puri jagannath temple
1120,are dr jekyll and mr hyde the same person
1121,where do partial seizures originate in the brain
1122,who sings the song nothing's gonna stop us now
1123,what is the survival rate of huntington's disease
1124,where did the term battle royale come from
1125,is california a part of the united states
1126,when did the english start using the longbow
1127,who designed the first truly modern skyscraper using steel framework covered in masonry
1128,who qualifies for the fifa club world cup
1129,who plays jack malone in without a trace
1130,where do common bile duct stones come from
1131,what does the name alexis mean in english
1132,when is the next kung fu panda movie coming out
1133,when did romania become part of the eu
1134,when do new bob's burgers come on
1135,when did yeast first get used in bread
1136,where did chip and dale dancers get their name
1137,where did the movie dirty dancing take place
1138,episode of family guy where stewie takes adhd pills
1139,when does a horse lose its baby teeth
1140,when was germany formed into a single country
1141,when does star was the last jedi come out
1142,where do the reactions of the calvin cycle occur
1143,when does the baseball season start this year
1144,where does the novel call me by your name take place
1145,when was the first personal computer made available
1146,full form of c a r e financial company is
1147,who got the most triple-doubles in nba history
1148,who wrote music for phantom of the opera
1149,what is the purpose of article 1 of the constitution
1150,who wrote the song right here waiting for you
1151,maximum level up to which slr can be maintained
1152,what is paper 1 and 2 in jee mains
1153,who did the voice of the crab on moana
1154,where did the song yes we have no bananas come from
1155,who plays the wife on last man standing
1156,where is tanzania located on the world map
1157,rational choice theory is rooted in the classical school of criminology developed by
1158,who originated the role of dolly in hello dolly
1159,how many kinds of chinese languages are there
1160,in 1864 the republicans changed their name to
1161,what is the total population of sub saharan africa
1162,who is joey related to on full house
1163,who was the winner of britain's got talent season 8
1164,summary of drums of autumn by diana gabaldon
1165,who plays kirby on suite life on deck
1166,what is the temperament of a newfoundland dog
1167,when did the 7 years war start and end
1168,when did the pistons move to the palace
1169,tax implemented to curb the carbon emission of cars and pollutants by factories
1170,how did rolling stone magazine get it's name
1171,who does jeff fisher's voice on american dad
1172,how many times have the giants beat the dodgers
1173,why did british officials partition indian into india and pakistan
1174,when did the leaning tower of pisa open
1175,what is steel in guns germs and steel
1176,where are they building the stadium in las vegas
1177,what was the number one song in the year 1989
1178,who played daniel cleaver in bridget jones diary
1179,who was the guy that shot himself on tv
1180,who won the final show down in dance plus 3
1181,what are the reindeers names on santa's sleigh
1182,how did the fox body mustang get its name
1183,what is the role of the small intestine in digestion
1184,when was the last time argentina didn't make it to the world cup
1185,when does the regular season of baseball begin
1186,when did they stop using knob and tube
1187,what are the 5 components of information system
1188,what was the first chain of hamburger resturants in the united states
1189,when does the dead poets society take place
1190,who won tag team championship at wrestlemania 34
1191,when is rise of the teenage mutant ninja turtles coming out
1192,when did the newest star wars movie come out
1193,when does ben first appear in parks and rec
1194,who laid the foundation of the chola empire
1195,who sings we are only human after all
1196,pain in left side of chest while sneezing
1197,is kyrie irving in the movie uncle drew
1198,what historians refer to as the second industrial revolution took place between
1199,main character in i know why the caged bird sings
1200,when did they finish building the statue of liberty
1201,how many american troops died in the korean war
1202,who was the person that wrote the bible
1203,in which indian state would you find gir forest
1204,will there be a black ink crew chicago season 4
1205,when did the united states drop the bomb on hiroshima
1206,who played darth vader in the return of the jedi
1207,who sings come back when you grow up girl
1208,who played michael myers in rob zombie's film
1209,where does a filet come from on a cow
1210,when was the first game of thrones published
1211,who did ed sheeran wrote the song thinking out loud for
1212,how do all stars begin their early development
1213,how many companies are there in volkswagen group
1214,what is the main difference between the floor plans during the early christian and byzantine time
1215,who played joey on gimme a break
1216,when did tbs start playing 24 hours of a christmas story
1217,where did mr bean go on holiday in the film
1218,will there be a new series of the durrells
1219,where was the movie machine gun preacher filmed
1220,when was the world trade center built in new york
1221,who made call of duty world war 2
1222,when does the real becky come back on roseanne
1223,who plays barry's father on the flash
1224,what is the movie forks over knives about
1225,where does elizabeth live in pirates of the caribbean
1226,who played the son in daddy day care
1227,where is the us golf open being played this year
1228,what is the value of the queen of england crown
1229,who was fighting in the battle of yorktown
1230,how are lacrimal secretions drain from the surface of the eyeball
1231,where is bile reabsorbed in the digestive system
1232,level of health insurance coverage in the united states
1233,the objective part of a soap note includes
1234,who sang the song yes we have no bananas
1235,what is the average percentage of wins in solitaire
1236,where did 18 holes of golf come from
1237,in a midsummer night's dream how did bottom become a donkey
1238,where does the book of exodus take place
1239,which modulation scheme is preferred for dsss process
1240,what are the images of satellites produced daily by the weather service used for
1241,where was the battle of badr fought in 624 ad
1242,who has the most tripple doubles in the nba
1243,who is attorney general of india in present
1244,which president was noted for the dishonesty and corruption of his administration
1245,what did cro-magnon man paint on cave walls
1246,what is the meaning of the song black and yellow by wiz khalifa
1247,which american civilization was located in a rain forest
1248,was call me by your name a book
1249,what kind of music would most likely be performed by a symphony orchestra
1250,who sang dont forget me when im gone
1251,when can you withdraw money from ppf account
1252,who played lt jones in band of brothers
1253,who played sweet daddy williams on good times
1254,how did they make mr ed move his lips
1255,who wrote give me one moment in time
1256,how much money did the movie the incredibles make
1257,who was the mexican president who distributed land to the peasants in the 1930s
1258,when did the mongol empire conquer china persia and russia
1259,describe how soil damage due to salinity could be reduced
1260,where is the house located in american horror story roanoke
1261,where was the first hard rock cafe established
1262,who won the match race between seabiscuit and war admiral
1263,when does the new tax code came into effect
1264,when did robb stark die in game of thrones
1265,who win the dada saheb falke award in 2018
1266,missouri is known as the show me state
1267,when does the new episode of arrow come out
1268,who was the us president when uncle sam got his nickname
1269,what part of the ice core is actually examined by scientists
1270,who was the individual who is credited with establishing the size of earth
1271,who were the original members of dc talk
1272,what type of audio file does itunes use
1273,how does the bc and ad timeline work
1274,what is the oldest fragment of the new testament
1275,when did honda start using cvt in crv
1276,does the fa cup runner up qualify for europe
1277,who wrote the happy birthday to you tune
1278,how many u.s. troops were stationed in vietnam by the end of 1965
1279,when was the name changed from madras to chennai
1280,who is the artist of the painted the old guitarist
1281,who dies in batman v superman dawn of justice
1282,what is the salary of the prime minister of the uk
1283,when does dancing with the stars athletes edition start
1284,who stars in the movie the best of me
1285,who needs a visa to go to mexico
1286,who plays hallie and annie in the parent trap
1287,who created the rule of two in star wars
1288,when was the order of the phoenix filmed
1289,when is paint the night returning to disneyland
1290,when did hawaii become a part of the united states
1291,king of the hill what is boomhauer's job
1292,who is the countess in american horror story
1293,where is the women's sec basketball tournament being played
1294,what word was dropped from the film the godfather
1295,when does the us open air on tv
1296,where did the 442nd regimental combat team fight
1297,who plays healy in orange is the new black
1298,when did the honda crv change body style
1299,why would you put esquire after your name
1300,guide me o thou great redeemer lyrics in welsh
1301,where does quantum of the seas sail from
1302,what is the song umbrella by rihanna about
1303,where is if loving you is wrong set
1304,when items are to be retrieved in reverse order from which they were stored we use
1305,article 11 of the international covenant on economic social and cultural rights
1306,why do the countries in the southern hemisphere celebrate christmas in summer season
1307,an example of monocot showing secondary growth in stem is
1308,visual signs of spoilage for fruits and vegetables
1309,what happened at the end of land of the giants
1310,who sang these boots were made for walking first
1311,what is the most abundant element found on earth
1312,who gets killed in the shower in psycho
1313,who is the author of i am david
1314,when did antarctica take the form it has today
1315,when does sword art online game come out
1316,what is the name of the pig in the book of life
1317,what is the new movie american made about
1318,where are the lymph nodes situated in the body
1319,who is the defense against the dark arts teacher
1320,when was call of duty world war 2 released
1321,list of longest winning streaks in mlb history
1322,where did bread and butter pickles get their name
1323,when did the first hunger games come out
1324,what was the date of the santa fe shooting
1325,how does one convert poly-unsaturated fats into saturated fat
1326,only bowler to take hatric in both innings in test match
1327,who did montreal canadiens get for lars eller
1328,where was the battle of little big horn fought
1329,who played phoebe's brother's wife on friends
1330,who is natalie on orange is the new black
1331,who plays the role of thanos in avengers
1332,what is the role of a special constable
1333,who is the actress that played princess leia
1334,what is the difference between senate and house of rep
1335,who wrote you've got to hide your love away
1336,what does it mean to covet thy neighbor
1337,who is the first photographer that is discussed in the reading from his in the american west series
1338,what is another term for kings or queens who hold total power
1339,who won last year's women's world cup
1340,which glob character matches zero or more characters
1341,where does the name buffalo soldiers come from
1342,what is the action center in windows 10
1343,who sings i could fall in love with you
1344,who play dorothy in the wizard of oz
1345,when was cross country skiing added to the olympics
1346,when did the british royal house change its name from saxe-coburg and gotha to windsor
1347,when did the first silent hill come out
1348,who has been called as diplomate in ancient india
1349,who played the cowardly lion in the wiz
1350,what character did john stamos play on general hospital
1351,is the national park service a non profit
1352,who sings the song stroke me stroke me
1353,where are the cones of the eye located
1354,who invented the supercomputer and the year invented
1355,where was agatha christie's and then there were none filmed
1356,when is the first round of the nfl draft 2018
1357,what assassin's creed game does desmond die
1358,who sang the song jump for my love
1359,who played the lady in choo choo soul
1360,when was the term rock and roll first used
1361,when did they stop using lead in pencils
1362,a suspicious activity report (sar) should be filed
1363,who has played the master in doctor who
1364,how many methodists are there in the united states
1365,who played connie rubirosa on law & order
1366,how many central bank are there in india
1367,when was the first test tube baby born
1368,who is dawn married to in real housewives of cheshire
1369,when did downing street close to the public
1370,when is maze runner 3 coming to dvd
1371,who produced cloudy with a chance of meatballs
1372,why do they call them the twin cities
1373,us president who has been listed on the time 100 a record 11 times
1374,what is the name of a water tornado
1375,who leads the elves to helm's deep
1376,who played the cruise director on the love boat
1377,man who tore his hamstring in the olympics
1378,who plays the mermaid in pirates of the caribbean on stranger tides
1379,when was the idea for putting war criminals on trial first developed
1380,why is the forbidden city in china called the forbidden city
1381,who were the members in the traveling wilburys
1382,where is the central west end in st louis
1383,where are the papillary and dermal layers located
1384,what is the population of fountain hills arizona
1385,who wrote walk through this world with me
1386,when was to kill a mockingbird first published
1387,who has won the second most world cups
1388,our souls at night where is it filmed
1389,what is rin's last name in naruto
1390,who sings i am the eye in the sky
1391,who played an important role in the making of lucknow pact
1392,who started a colony based on quaker beliefs
1393,who sang the songs in the movie eddie and the cruisers
1394,where is the winter olympics held in 2022
1395,where do the parakeets in london come from
1396,where does the olive ridley turtle come from
1397,when and under whose leadership was the muslim league formed
1398,what geographic feature covers most of the arabian peninsula
1399,who does elle woods fall in love with
1400,when did uk change from gallons to litres
1401,who is the author of the story how my brother leon brought home a wife
1402,who was the viceroy of india when delhi became capital
1403,the sequence of contraction of the heart chambers is
1404,when was on the origin of species published
1405,how much does a full gold sovereign weight
1406,what is adblock plus for ie by eyeo gmbh
1407,where did the term goody 2 shoes come from
1408,when did the british empire become the british commonwealth
1409,where did the saying starvin marvin come from
1410,who said pain is what the patient says it is
1411,when did property tax start in the us
1412,when does it's a small world close
1413,what do u call a person from the uk
1414,when does jo come into grey's anatomy
1415,where is the taiga located in latitude and longitude
1416,where are fold mountains found in the world
1417,what is the difference between tundra and subarctic climate
1418,who did alabama lose to this season in football
1419,describe the components of current in an npn transistor
1420,what is the title of florence and the machine debut album
1421,when was the white house correspondents dinner started
1422,what team does the guy from shark tank own
1423,what is the meaning of surah al araf
1424,who is the founder of ramoji film city
1425,what is full form of u n i c e f
1426,the first sepoy who refused to use the greased cartridge
1427,who sings after cyndi lauper in we are the world
1428,the office jim and pam first kiss episode
1429,where did the washington wizards get their name
1430,where did the rosetta stone get its name
1431,why did penny and leonard break up in season 3
1432,when did the new season of ncis start
1433,world war 1 song it's a long way to tipperary
1434,who played compos son in last of the summer wine
1435,when was dark they were and golden eyed published
1436,which countries form tri point of the diphu mountain pass
1437,when is a ucc-1 filed to give notice of a loan as opposed to a mortgage
1438,when was the byzantine empire born what was it originally called
1439,who is the actor who does the allstate commercials
1440,who is the traitor in london has fallen
1441,who killed the riddle family in harry potter
1442,how many times have the warriors won the finals
1443,when did the ussr change its name to russia
1444,hannah montana episode choosing between jake and jesse
1445,who does teddy end up with in 90210
1446,who is hosting the winter olympics in 2022
1447,is the prince of the forest bambi's dad
1448,how many episodes in the killing season 2
1449,who did real madrid beat in 2016 champions league final
1450,who wrote the tune for the star spangled banner
1451,when do you hear crackles in the lungs
1452,what does dc stand for in washigton dc
1453,when was the brown hare introduced to britain
1454,who played pontius pilate in ben hur 1959
1455,who owns the welcome to las vegas sign
1456,who wins great british bake off season 2
1457,how many california state senate members are there
1458,who wrote the theme song to the titanic
1459,where did the idea for jumanji come from
1460,what was the first need for speed game
1461,who wrote the theme song for casino royale
1462,when does nba regular season start in 2018
1463,when is revenue recognized under the completed-contract method
1464,is london st pancras international the same as kings cross
1465,who is the attorney general for new jersey
1466,what are the divisions of old testament canon
1467,who won season 2 of rupaul drag race
1468,who said four score and seven years ago
1469,list the major water compartments of the body and explain how water moves between them
1470,where's the john deere classic being played
1471,is a vice president higher than a cfo
1472,what is the average wealth in the uk
1473,who plays darius on law and order svu
1474,what is the difference between the anglican church and the episcopalian church
1475,where does the novel to kill a mockingbird take place
1476,where is mecca located on the world map
1477,who scored the winning run in the 2016 world series
1478,when was what i like about you written
1479,who played ramses in exodus gods and kings
1480,who are the hotwives of las vegas based on
1481,what is the population of st thomas virgin islands
1482,when is project blue book going to be on tv
1483,who discovered that lightning is a form of electricity
1484,osha was created by which branch of government
1485,when was the first us postage stamp issued
1486,who is the first president of bharatiya janata party
1487,when does the 2018 tax cut go into effect
1488,res ipsa loquitur means the thing speaks for itself and is related to causation
1489,when did they stop producing 2 dollar bills
1490,when did the greensboro sit ins take place
1491,when's the last time calgary stampeders won the grey cup
1492,who plays zoey how i met your mother
1493,when did harry potter and the deathly hollows come out
1494,where is the uterus situated in the female body
1495,what does a red and yellow flag mean
1496,who is the original singer of one day
1497,when does rose tyler come back to doctor who
1498,who wrote sitting on top of the world
1499,who said swaraj is my birthright and i will have it
1500,who sang the original blinded by the light
1501,when did michael jordan stop playing for the chicago bulls
1502,what does the water at the 9 11 memorial represent
1503,who plays the sister in guardians of the galaxy
1504,when does the first baseball game start 2018
1505,who is the character edward scissorhands based on
1506,where is staples center located in los angeles
1507,what is it called when someone has split personalities
1508,which phase of cellular respiration does not produce atp directly
1509,what type of motor used in vacuum cleaner
1510,the importance of the state of the union address
1511,what's the difference between vulcans and romulans
1512,where is jakarta indonesia located on the world map
1513,where are reactive oxygen species generated in the cell
1514,the sella turcica which houses the pituitary (brain) is part of what cranial bone
1515,when was the last time the philadelphia eagles made it to the superbowl
1516,the katz v. united states (1967) case is known for establishing that
1517,where is massachusetts located in the united states
1518,who wrote the song pain in my heart
1519,the force that holds neutrons and protons together in the nucleus is known as
1520,what is the purpose of the ministry of labour
1521,who wrote work from home by fifth harmony
1522,when did lexus rx 350 change body style
1523,who wrote the song this girl is on fire
1524,who plays jackie kennedy in the movie jackie
1525,who was the mom on father knows best
1526,where are the guys from rascal flatts from
1527,where is the ribeye steak located on a cow
1528,who sang i wanna be the only one
1529,what was the us reaction to pearl harbor
1530,when was harvest moon by neil young released
1531,when did no smoking in public places start
1532,when is a function said to be continous
1533,where did hootie and the blowfish come from
1534,where does the water in lake okeechobee come from
1535,when did the grateful dead stop using the wall of sound
1536,where does the arlanda express stop in stockholm
1537,who plays the exorcist girl in scary movie 2
1538,how much money does tourism bring to canada
1539,who plays marlene in the last of us
1540,what does frequency response on a subwoofer mean
1541,when does far cry 5 come out pc
1542,who sings life is what you make it
1543,stevie wonder you haven't done nothing meaning
1544,who is the oldest human that ever lived
1545,bring it on in it to win it who wins
1546,who used the first standardized system of measurement
1547,where is the saracens rugby union team based
1548,who owns the aquarius casino in laughlin nv
1549,where does the expression when pigs fly come from
1550,where did the bacteria in the black plague originate
1551,when is a memorandum of understanding legally binding
1552,when does season 6 house of cards start
1553,where did they film mutiny on the bounty
1554,when did the new adventures of old christine end
1555,who plays lydia in bbc pride and prejudice
1556,will an xbox 360 game work on an xbox one
1557,who is considered the great liberator of south america
1558,who did the dutch government allow to settle in their colony
1559,where was the tv series the guardian filmed
1560,when was the 50 cent coin discontinued in canada
1561,what network is the show ray donovan on
1562,how many sheep to make a bale of wool
1563,where is the point of maximal impulse (pmi) normally located
1564,when did krispy kreme open in the philippines
1565,when is the nathan's hotdog eating contest at coney island
1566,where's the statue of liberty located at
1567,who is the first foreign born first lady
1568,how many articles are in the us constitution
1569,the case that made the exclusionary rule applicable to the states is
1570,where is the summer palace in st petersburg
1571,when did annabelle creation come out in theaters
1572,mouse game where you have to get the cheese
1573,where did the first buffalo wild wings open
1574,when did france and britain declare war on germany ww2
1575,a form of government where a handful of elite society members hold political power is called
1576,why was fort gibson so important to both sides during the civil war
1577,when does season 2 or stranger things come out
1578,what are the two types of circular motion
1579,who is the movie adrift based off of
1580,who was carried off the field at notre dame
1581,how many times did michael jordan win dpoy
1582,what type of building was the hagia sophia
1583,when did build a bear open in the uk
1584,where is death valley on a map of california
1585,where is the tropic of cancer located on the world map
1586,where is the toll on the m6 ireland
1587,who was president when the pueblo was captured
1588,who is considered the greatest president of the united states
1589,who does mila kunis play on family guy
1590,where is alfs house in home and away
1591,when did the high five became a thing
1592,how are point sources of pollution regulated by the cwa
1593,what is the most likely way that one type of galaxy may be formed from others
1594,who founded the national system of orchestras of venezuela
1595,who plays the young cora in once upon a time
1596,who does michael scott end up with on the office
1597,fargo tv show really based on true story
1598,who wrote the book of act of the apostle
1599,where was friday the 13th filmed part 2
1600,what does the season pass for fallout 4 include
1601,who wrote the music for the star spangled banner
1602,where does life as a house take place
1603,what type of book is game of thrones
1604,who became a wizard in wizards of waverly place
1605,when does the parasympathetic nervous system begin to function
1606,carrot comes from which part of the plant
1607,when does jason come back to power rangers
1608,who discovered the electron using a cathod ray
1609,who played obi wan in a new hope
1610,when was ferris bueller's day off made
1611,what tribes were part of the iroquois confederacy
1612,where is mr ed the talking horse buried
1613,where does the mass number go in isotopic notation
1614,where was the london episode of friends filmed
1615,the earliest known form of african art is
1616,who killed the man on the orient express
1617,explain the ending of the movie the commuter
1618,are any shows still filmed in front of a live studio audience
1619,is there a follow up movie to the golden compass
1620,what was blondies name before she married dagwood
1621,who does the voiceover for love island 2016
1622,who has played for the most teams in mlb history
1623,the dmd mutation is found where in the human genome
1624,what did the golden bull of 1356 do
1625,when did the civil war start in south sudan
1626,what is an mtl in the air force
1627,when did the program knots landing start and finish
1628,reaction paper about environmental problems in the philippines
1629,what is the meaning of nil battey sannata
1630,when did spain win the soccer world cup
1631,which 2 countries were able to participate in the cash and carry program
1632,marvel vs capcom infinite how many dlc characters
1633,where is armenia located on a world map
1634,where did the name kellogg's come from
1635,when was harry potter and the deathly hallows part 2 released
1636,who wrote the song fairytale of new york
1637,where is mesh placed in inguinal hernia repair
1638,when does nikolas cassadine return to general hospital
1639,where does pollination take place in flowering plants
1640,where did the word station wagon come from
1641,where do the washington capitals play out of
1642,when was season 1 of the next step filmed
1643,which four u.s. presidents as of 2014 have received nobel peace prizes
1644,who sang blue moon in american werewolf in london
1645,where did the name nine inch nails come from
1646,food safety across australia is governed by which legislation
1647,where is silver found and in what form (compound)
1648,where did sarah alto come in x factor
1649,a colles fracture is a fracture of what part of the body
1650,who had the most gold medals in 2016 olympics
1651,what is the date of the nrl grand final
1652,what is net present value in simple terms
1653,what is ama and ima in reference to mechanical advantage
1654,can you own a firearm in new york
1655,who is the american who plays for collingwood
1656,who is the girl that sings oceans where feet may fail
1657,name 6 typical things that can be found in an english breakfast
1658,who plays daisy on marvel's agents of shield
1659,what part of atlanta is gwinnett county in
1660,who sang the song moving on up on the jeffersons
1661,da vinci code what is the holy grail
1662,where do grizzly bears live in the us
1663,why is it called the key in basketball
1664,who did england play in the first round of the world cup
1665,why is the harvest festival celebrated near the end of september
1666,who does ryan end up with in the office
1667,who sang windmills of your mind in the original thomas crown affair
1668,who did the original to tell the truth
1669,the system of taxonomy used in biology and other life sciences is made possible because of
1670,who did ice cube sign with after nwa
1671,who played brian in father of the bride
1672,is 12 am in the morning or night
1673,when does the only existing beowulf manuscript date
1674,how does smaug die in the hobbit book
1675,when does the 2018/19 nba schedule come out
1676,where is the university of kentucky football team ranked
1677,where did the tradition of toasting come from
1678,who sings in ghost town with kanye west
1679,architect who brought italianate renaissance architecture to england crossword clue
1680,what's the average annual income in the us
1681,when was the term dark ages first used
1682,goa is located in which part of india
1683,who won the court case in to kill a mockingbird
1684,how many episodes are in this season of the walking dead
1685,where do they go in pitch perfect 2
1686,how much does celine dion get paid per show
1687,when is mardi gras in new orleans celebrated
1688,throughout american history the idea of limited government has been linked to what
1689,when is el chapo season 2 come out on netflix
1690,when did hot wheels start super treasure hunts
1691,who runs the international davis cup events for men's tennis
1692,who was the man in you're so vain
1693,what is the population of san jose 2017
1694,what do the stars represent on the australian flag
1695,what does the song o by coldplay mean
1696,have you ever seen the rain lyric meaning
1697,who took over the iranian embassy in london in 1980
1698,what is the meaning of doosra in cricket
1699,who plays alex on orange is the new black
1700,who has the most division championships in nfl
1701,when did the book of leviticus take place
1702,when was the pledge adopted into the flag code
1703,which american policy maker applied the phrase containment to foreign policy
1704,where do lymph vessels join the circulatory system
1705,is the princess and the frog a broadway musical
1706,the proclamation of 1763 was established following which of these wars
1707,why did tom and lynette separate on desperate housewives
1708,how many fred astaire dance studios are there
1709,what's the story behind the zookeeper's wife
1710,who wrote the opinion in griswold v connecticut
1711,differences between ycja and criminal code of canada
1712,what kind of arabic is spoken in morocco
1713,who plays red on once upon a time
1714,what is the function of an application software
1715,jungle book i wanna be like you original singer
1716,where does the spinal accessory nerve come from
1717,who won the most number of world cups
1718,failure of the neural tube to close may cause
1719,when do new episodes of riverdale come out
1720,an important ottonian church was built at hildesheim under
1721,who plays chloe on dog with a blog
1722,his character on home improvement is tim the toolman taylor
1723,where was the first continuous print press started
1724,why is q called q in james bond
1725,who made the clock in grand central station
1726,what is the revelation in the hero journey
1727,who sets the salaries for senate and house members
1728,who played germany in the world cup final
1729,when was the last jesse stone movie made
1730,where is maple syrup produced in the world
1731,who used to be the voice of meg griffin
1732,who played penny robinson on lost in space
1733,when do the ncaa football rankings come out each week
1734,role of a president of the united states
1735,how fast is flight of fear at kings island
1736,who sets the requirements within the intelligence cycle
1737,where does the marriage of figaro take place
1738,who played schindler in the movie schindler's list
1739,who sang you're the reason god made oklahoma
1740,what is the difference between defacto and dejure
1741,who composed it don't mean a thing
1742,when does dragon ball xenoverse 2 take place
1743,what is a common element of postmodern place
1744,who played roz on the tv show frasier
1745,when does jenny come back in gossip girl
1746,when did the rolls royce wraith come out
1747,who is the speaker of the house representative now
1748,who is the actress that became a nun
1749,what does it mean to invoke the 5th amendment
1750,who is the actor that plays ragnar on vikings
1751,what temperature is the blue lagoon in iceland
1752,when did the national lottery start in uk
1753,how many graves are in jefferson barracks national cemetery
1754,who played worf's son in star trek the next generation
1755,which type of real estate investment trust is designed to deal exclusively in equities
1756,what is the meaning of the great gatsby
1757,what is the tallest skyscraper in san francisco
1758,parks and rec episode where ron gets a hernia
1759,who was the politician of pakistan who served as both governor general and prime minister
1760,who sang most beautiful girl in the world
1761,who did teddy altman marry on grey's anatomy
1762,what county is port saint lucie florida in
1763,what is a vigil mass at catholic church
1764,which film won the palme d'or prize at the 71st annual cannes film festival
1765,where does the alaskan pipeline start and end
1766,when i was your man meaning of the song
1767,when was the last google maps photo taken
1768,who sang don't you want someone to love
1769,what does a bird have that no other animal has
1770,what is the meaning of dimples in your back
1771,which country is the north of uttar pradesh
1772,who sings the song i got 5 on it
1773,how many chartered accountants are there in the uk
1774,where was season 7 episode 4 of game of thrones filmed
1775,what is the premise of the show sinner
1776,where are the badlands located into the badlands
1777,who sings i'm not that girl in wicked
1778,when did the st louis rams win the superbowl
1779,when were the plays held in ancient greece
1780,when did the battle royale mode arrive in fortnite
1781,40th president of the united states of america
1782,where was black mirror season 4 episode 3 filmed
1783,when did the property market crash in ireland
1784,where does the tigris and euphrates rivers meet
1785,how many hungarians were killed in 1956 by soviet forces
1786,who played honey on wind at my back
1787,when did the xbox one s get released
1788,who played lead guitar on the beatles song while my guitar gently weeps
1789,who plays jack hunter in boy meets world
1790,when does carol return in the walking dead
1791,is john wayne airport same as santa ana
1792,when was the first lever action repeating rifle made
1793,who plays rita deveraux on ncis new orleans
1794,what is the largest art museum in amsterdam
1795,who appoints the governor of each state of india
1796,when did the us surgeon general warning about smoking
1797,when does arizona robbins enter grey's anatomy
1798,extent of the roman empire at its height
1799,which amendment separated the vote for president and vice president
1800,who did george harrison wrote the song something for
1801,who sang with you i'm born again
1802,who plays greg on diary of a wimpy kid
1803,who plays lily on how i met your mother
1804,which deltaic complex in north america originated as a result of the taconic (acadian) orogeny
1805,who played the phantom in the phantom of the opera movie
1806,who kissed the frog that turned into a prince
1807,when was the first airline meal served during a flight
1808,what are the dimensions of a 55 gallon plastic drum
1809,who plays rosa on orange is the new black
1810,are any of the original cast of wizard of oz still alive
1811,who has not been to a super bowl
1812,when does the show the crown take place
1813,who played mr. freeze in the original batman
1814,who does the jack represent in a deck of cards
1815,where does blue green algae get their energy from
1816,who plays rodney in only fools and horses
1817,what type of tissue makes up the most external skin region
1818,where does to catch a thief take place
1819,where does the family in malcolm in the middle live
1820,where did the red eared slider come from
1821,who is following them in the fundamentals of caring
1822,who played big rhonda on that 70's show
1823,when does the legend of sleepy hollow take place
1824,who is the father of the nuclear navy
1825,who used to be the host of man vs food
1826,when does a horse change from a filly to a mare
1827,hostal de los reyes catolicos santiago de compostela spain
1828,when do they open the tomb in vampire diaries
1829,when did a man walk on the moon
1830,who played carla on one life to live
1831,who plays leonard on the big bang theory
1832,what does the name of god elohim mean
1833,where is black mirror season 4 crocodile filmed
1834,when did algeria became a department of france
1835,why are there so many rock walls in ireland
1836,who said and that's the way it is
1837,who played uncle jesse's twins on full house
1838,according the matching principle and accrual rules expenses are incurred when
1839,who is roshi in and the mountains echoed
1840,where was the movie bridge over the river kwai filmed
1841,m&m world london features the world’s largest
1842,when was the first land before time made
1843,who wrote the song the beat goes on
1844,what was the significance of the 98th meridian
1845,who dies in harry potter order of the phoenix
1846,what city in minnesota is the mall of america
1847,who came to the middle colonies and what did they bring
1848,who plays dylan on we bought a zoo
1849,where did the chile earthquake happen in 2010
1850,who played john in hush hush sweet charlotte
1851,what type of joint is the proximal tibiofibular
1852,what state produces the most cotton in the united states
1853,cyndi lauper girl just wanna have fun album
1854,which terminal is southwest at san jose airport
1855,what episode of glee does the shooting happened
1856,is there a season 3 of the magicians
1857,the progressive movement grew out of which earlier movement
1858,when does daylight savings start in the uk
1859,who was given the task of illuminating the original document of constitution of india
1860,who starred in the movie east of eden
1861,what are in and out burgers made of
1862,when does tdog die in the walking dead
1863,what is the diameter of the basketball rim
1864,who played harry on harry and the hendersons movie
1865,when does the new momma mia come out
1866,who created mosaic the first graphical web browser
1867,which came first mcdonald's or burger king
1868,who was national inventor's day named after
1869,what volume of breath does a breathalyzer collect
1870,when did interracial marriage become legal in california
1871,how much did singapore sell christmas island for
1872,where was season 2 of shannara chronicles filmed
1873,what is the relationship between assembly language and machine language
1874,where did the name ellis island come from
1875,where was the movie first kill filmed at
1876,who plays patty in malcolm in the middle
1877,what was rome like during the pax romana
1878,what does the gsh stand for on bears jersey
1879,who is mrs x in the nanny diaries
1880,is florida in the north or south of america
1881,at which tcp/ip layer does the https protocol work
1882,who plays quinn in how i met your mother
1883,who is im in love with a church girl based on
1884,how many rooms are there in the winchester house
1885,when does channel zero no end house come out
1886,who played john wayne's daughter in mcclintock
1887,who is left on top chef season 15
1888,is the song stand by me a gospel song
1889,where did the idea for lost come from
1890,who secured important wins for the british at new york and brandywine
1891,who played annie johnson in imitation of life
1892,why can the heart beat be detected as a pulse
1893,who plays john reese on person of interest
1894,who was glumdalclitch how did she help gulliver
1895,how did the us manage the economy during ww1
1896,on big bang what is penny's last name
1897,who is the writer of things fall apart
1898,who plays gamora from guardians of the galaxy
1899,when did home and away start in the uk
1900,when was the uk voting age lowered to 18
1901,who wrote the songs for la la land
1902,who had the right to vote in the colonial america
1903,who is the actress of the new wonder woman
1904,where does fight or flight occur in the brain
1905,what is the sales tax in bc canada
1906,who does boomhauer's voice on king of the hill
1907,where are the us virgin islands on a map
1908,name the books in which the rules made for the buddhist sangha were written down
1909,who gets married in the last episode of the office
1910,what is the definition of food and drug administration
1911,who wrote the song the king is gone
1912,who sings the song i can dream about you
1913,where was the movie hills have eyes filmed
1914,where did the baggy pants trend come from
1915,what is look what you made me do by taylor swift about
1916,what do brackets in an chemical equation mean
1917,what is the meaning of the word torah
1918,what happens at the end of along came polly
1919,what is the panthers name in disney's the jungle book
1920,when can an employee's religious belief qualify as a bona fide occupational qualification
1921,where are tropical evergreen forests found in the world
1922,where is the red marking on a black widow
1923,what are the hearts of a worm called
1924,what happened to the little girl from all dogs go to heaven
1925,what is the difference between brake lining and brake pads
1926,one of the early centers of indian civilization was the city of
1927,when did chopsticks start to be used as eating utensils
1928,who defeated the spartans in a war in 371 bc
1929,who is bts and where did they come from
1930,who played derek's sister on grey's anatomy
1931,who won 3 world series in a row
1932,rhyme scheme of the poem ode on a grecian urn
1933,when does season two of jessica jones come out
1934,when did the fidget spinner first come out
1935,where do you find the sinner's prayer in the bible
1936,where did legend of the blue sea shoot
1937,who played charlene darling in the andy griffith show
1938,who won the male singles section at this years australian open
1939,how big was maria when it hit puerto rico
1940,when was the first trade union formed in the uk
1941,when did the statue of liberty go up
1942,parts of the male reproductive system and its function
1943,what episode does nathan find out haley is pregnant
1944,who has the most homers in the mlb
1945,who does rosalee end up with in win a date with tad hamilton
1946,methods of post marketing surveillance in clinical research
1947,when were the first pair of jordans released
1948,when did the middle stone age begin and end
1949,who was in power in russia during ww2
1950,first film of shahrukh khan as a actor
1951,who was the king of england in 1951
1952,who were the barbarians and where did they come from
1953,the area of texas that borders the gulf of mexico is called
1954,where is the tallest skyscraper in the world located
1955,knowing about but not caring about the suffering of others is called
1956,what is the name of the celtic festival halloween is thought to be based on
1957,when did the first pc game come out
1958,who won the national college football championship 2018
1959,what is an mls number in real estate
1960,when did they add lights to wrigley field
1961,how many seasons of the crown are ther
1962,where did the term wooden nickel come from
1963,what is the meaning of wisdom in the bible
1964,did they use real gorillas in the movie congo
1965,who wrote the introduction to the voyage out
1966,the united states established the open door policy toward china as a way to
1967,summary of five person you meet in heaven
1968,who fights in the battle of the bastards
1969,where was the lost city of troy actually located
1970,who is the actor that plays cullen bohannon on hell on wheels
1971,where did the feeding of the 5000 happen
1972,what is the meaning of the name horeb
1973,what is take a bow by rihanna about
1974,why did france help the colonists fight in the american revolution
1975,what are the 5 circles in the olympics
1976,when will subnautica be finished for xbox one
1977,why is springfield missouri called the queen city
1978,when did legally blonde the musical come out
1979,what is the impact of brexit on the uk economy
1980,who stated the law of conservation of mass
1981,who has been appointed as chairman of the 15th finance commission
1982,who was john written to in the bible
1983,what did the seven dwarfs do for a living
1984,web griffin by order of the president series
1985,when does dawson lose his virginity in dawson's creek
1986,what is the meaning of the book animal farm
1987,who played the deputy in dukes of hazzard
1988,what did the spanish trade in the 1500s
1989,who played the hulk in the incredible hulk
1990,the very first starbucks opened in this this historic washington city
1991,where do they cut you for an episiotomy
1992,where was the movie the tall man filmed
1993,where does at sixes and sevens come from
1994,when did the us stop using leaded gas
1995,who gets run over in the great gatsby
1996,what does england call the american revolutionary war
1997,where is the hogan stand in croke park
1998,who is the publisher of written in bone
1999,guy who voices bob from bob's burgers
2000,where is the border between mexico and us
2001,when was email invented and who is considered the inventor
2002,is there border control between sweden and norway
2003,what is the main religion in south korea
2004,who sings i have had the time of my life
2005,what actor played dave in alvin and the chipmunks
2006,how do animals get foot and mouth disease
2007,what are the different types of nitrogenous bases in dna
2008,is season 2 the last season of this is us
2009,where did the word kung fu come from
2010,when was the draft reinstated during the vietnam war
2011,what is surrey with the fringe on top
2012,how many world cups has the us women's team won
2013,when does grey's anatomy come back on season 14
2014,what number super bowl did the eagles win
2015,when did hunchback of notre dame take place
2016,what did the clean air act allow citizens to do that no previous u.s. environmental law had allowed
2017,where do venus flytraps grow in north carolina
2018,who sang the original version of mr. bojangles
2019,who plays cameron on ferris bueller's day off
2020,who did the us fight in the revolutionary war
2021,who played the wicked witch on wizard of oz
2022,who came up with the facial feedback hypothesis
2023,who is the general manager of the los angeles lakers
2024,where did the name mungo jerry come from
2025,friday night lights season 2 how many episodes
2026,what is the meaning of directive principles of state policy
2027,who won the 2nd series of love island
2028,jawaharlal nehru canal of haryana originates from which canal
2029,who is saboor in and the mountains echoed
2030,the majority whip in the us senate is
2031,what does the new season of ncis start
2032,who is given credit for inventing the printing press
2033,how many episodes of game of thrones total
2034,what is the length of year on mars
2035,when did wisconsin change drinking age to 21
2036,when was the first episode of morse aired
2037,why do writers use the rule of three
2038,when did the lyrics to o canada change
2039,who is the creator of dungeons and dragons
2040,what year was under god added to the pledge of allegiance
2041,who plays derek's sister in grey's anatomy
2042,what is the boss baby's name at the end of the movie
2043,who does glenn talbot become in agents of shield
2044,who are the actors in the movie the dressmaker
2045,where do you get carbon monoxide poisoning from
2046,when did the movie against all odds come out
2047,when did puerto rico become part of the usa
2048,what is the zig zag line in the periodic table
2049,who is should've said no written about
2050,who plays tony dinozzo's father on ncis
2051,writer of the song sare jahan se acha
2052,who is the movie girl in the box based on
2053,what do you call a camel with two humps
2054,where was the first baseball game ever played
2055,who sings with meatloaf on anything for love
2056,who was runner up britains got talent 2017
2057,what is wps button on access point mean
2058,n mcculloch v. maryland what did the state of maryland argue
2059,who played finnick odair in the hunger games
2060,when will there be a new comedians in cars getting coffee
2061,during world war 2 the battle of the coral sea was significant because it
2062,what is dividing line between north and south korea
2063,when did the french start to build the panama canal
2064,who said taxation without representation is tyranny quote
2065,a major factor in the development of both gastritis and peptic ulcer disease is
2066,when is a set closed under an operation
2067,who is he and what is he to you creative source
2068,1 cubic cm of water is how many grams
2069,where does the term french kiss come from
2070,where did alabama get the nickname crimson tide
2071,who sang delta dawn first helen reddy and tanya tucker
2072,who was the sultan of delhi when tamar invaded
2073,where did the saying hot diggity dog come from
2074,who has more nba championships celtics or lakers
2075,where did the term tom boy come from
2076,who has been in power more republicans or democrats
2077,what is the stripes on the american flag mean
2078,blink 182 i'm lost without you lyrics meaning
2079,is irish music and celtic music the same
2080,who created the ice bucket challenge for als
2081,which agency is responsible for the maintenance and publication of the nec®
2082,who is the returning officer for presidential election 2017
2083,who is the man in we are never ever getting back together
2084,is sky cinema the same as sky movies
2085,a day in the life song by the beatles
2086,when did they find the wreck of the edmund fitzgerald
2087,who played curly watts wife in coronation street
2088,what english word does not have a vowel
2089,when did the song meant to be come out
2090,nabard has been established on the recommendation of
2091,when was the times they are a changin written
2092,who was president when world war 2 ended
2093,what is the ner tamid used for in a synagogue
2094,who played role of definite in gangs of wasseypur
2095,how was the loss of bunker hill a victory
2096,what does the greek word for atoms mean
2097,where in tennessee can you see 7 states
2098,what is the wavelength of a gamma ray
2099,when was the first edition of harry potter published
2100,what is the difference between catalonia and barcelona
2101,nora's boyfriend in cheaper by the dozen 2
2102,who drew up the missouri compromise in 1820
2103,no of seats of bjp in lok sabha
2104,what is the equation for the aggregate expenditure function ​(ae​)
2105,when did humans begin to live in san francisco
2106,how did the us recession affect the global economy
2107,what is the difference between masonry and masonry veneer
2108,what is the meaning of cough syrup by young the giant
2109,is dubai a country or city wiki answers
2110,how long do supreme court justices hold their jobs
2111,who sang i have often walked down this street before
2112,who has made the most half court shots in the nba
2113,who did indiana jones fight against in indiana jones and the kingdom of the crystal skull
2114,what is the scientific name for a pill bug
2115,who said the eagles will get back together when hell freezes over
2116,who won season 3 great british baking show
2117,who does the voice of cleveland brown jr
2118,when was star spangled banner made national anthem
2119,what is it called when the president and congress are from different parties
2120,where was the funeral filmed in four weddings and a funeral
2121,where does the wabash river begin and end
2122,what is a passing score for the cbest test
2123,how fast is the bullet train in japan
2124,what came first bubba gump or forrest gump
2125,who plays the tin whistle on holy mountain
2126,what time of day does the view tape
2127,why is the election of 1951 important in liberia history
2128,who win golden bat in icc champion trophy 2017
2129,who did john michie play in coronation street
2130,why did dorothy go to the wizard of oz
2131,what is the length of year on saturn
2132,where are zebra mussels found in the united states
2133,who plays grant on secret life of the american teenager
2134,what happened at the kent state protests in 1970
2135,what does the mean of probability distribution tell us
2136,what is the meaning of the book of romans
2137,• what is charlotte’s plan to save wilbur what happens
2138,the function of a bursa is to reduce friction
2139,four aspects of being an australian that are tested in the australian citizenship test
2140,when does naruto get older in the anime
2141,when was the niv version of the bible written
2142,who does julie andrews play in princess diaries
2143,what are the main aims of the data protection act
2144,when was bill and ted's excellent adventure made
2145,what is kate bush this woman's work lyrics about
2146,who organized a new political movement known as facism in 1919
2147,everybody wants to rule the world what is the song about
2148,who played the role of kattappa in baahubali
2149,what is the number of consecutive games the a's win (in the film) to set the american league record
2150,where did the phrase life of riley originate
2151,where did the nyc tree come from this year
2152,who is the freed prisoner in the allegory of the cave
2153,what is kenny chesney song anything but mine about
2154,who does the laugh in feel good inc
2155,when is season 2 of the ranch coming to netflix
2156,who determined the mass of the electron (points 3)
2157,who rode american pharoah in the kentucky derby
2158,why is our calendar called the gregorian calendar
2159,when did the british east india company gain control over india
2160,who is the head coach of chicago bears
2161,who was responsible for starting the french and indian war
2162,who described emotional intelligence as a set of personal and social competencies
2163,who was the first evicted from big brother 19
2164,who sang i will always love you in bodyguard
2165,how many albums did prince sell in his lifetime
2166,who did hannah gave birth to in the bible
2167,who sang the song she's a little runaway
2168,where does the christian fish symbol come from
2169,what are the cultural influences of tres leches cake
2170,what did the majority of supreme court cases in the 1960's have in common
2171,the actor who played fredo in the godfather
2172,what is an fda class 1 medical device
2173,who plays victoria on the young and restless
2174,who did golden state warriors used to be
2175,how long did it take to make the great pyramid of giza
2176,the number of orders in class mammalia is
2177,how many gb ram does iphone 6s have
2178,when does series 9 of ncis los angeles start
2179,what part of the bible has the ten commandments
2180,when does the new jurrassic movie come out
2181,what did the white city constructed for the 1893 world’s columbian exposition in chicago represent
2182,what is the traditional dress of uttar pradesh
2183,where is the largest proportion of the earth’s fresh water located
2184,who is the original voice of meg griffin
2185,which famous frontiersman died during the alamo siege
2186,what was the first satellite state to break away from the ussr
2187,what is the lead singer of seether's name
2188,where does most of egypt's population live
2189,who played count dooku in revenge of the sith
2190,what is the principle action of the vastus lateralis and the other quadriceps muscles
2191,who sings the theme song to malcolm in the middle
2192,what are the defects of rutherford atomic model
2193,where is the painting of washington crossing the delaware
2194,excessive amount of sugar in the blood is called
2195,who was born from two mothers in mahabharta
2196,where is the thymus gland located in the human body
2197,black police woman on in the heat of the night
2198,what type of device is a bicycle dynamo
2199,settlement in which britain recognized the united states as a new nation
2200,who plays raymond tusk on house of cards
2201,what does do you own real estate mean
2202,what are the 3 properties of a medium that effect sound
2203,who had drafted the declaration of independence in america
2204,a nash equilibrium is an outcome that occurs when
2205,how many gram in 1 tola gold in india
2206,who is responsible for determining if an aircraft is airworthy
2207,who sings the theme song for hell's kitchen
2208,is eid ul fitr a national holiday in india
2209,where is the super bowl held in 2018
2210,us name for a small flat disc of chocolate covered with sugar pellets
2211,who wrote the star spangled banner and during what battle
2212,what type of rock is the canadian shield made of
2213,what is the most landlocked place in england
2214,where did carrie bradshaw live in sex and the city
2215,i could never take the place of your man lyrics meaning
2216,when did the international trade organization came into existence
2217,where is the ileum located in the human body
2218,where is game of thrones supposed to be
2219,who is the comedian that says get er done
2220,which muscle is considered the primary agonist of elbow extension
2221,who won the 2018 formula 1 australian grand prixs
2222,who plays william turner in pirates of the caribbean
2223,american female singer who died in a plane crash
2224,the section of dna being used to make the strand of rna is known as
2225,where do the st louis cardinals have spring training
2226,how did the three stooges get their start
2227,what is the meaning of the movie american psycho
2228,when did puerto rico become a us property
2229,who is playing in this year's stanley cup
2230,what is the name of tandoor in english
2231,why do you have to mix oil and gas in a two stroke
2232,who wrote the melody to god save the queen
2233,who was the first lord of the admiralty at the time of the lusitania's sinking
2234,who sings killing me softly with his words
2235,who was the first african american appointed to supreme court
2236,who did the first open heart surgery in the world
2237,when was santa claus is coming to town movie made
2238,where does the time zone change from central to eastern
2239,when did assassins creed black flag come out
2240,what is percy jackson the lightning thief about
2241,which bennet sister did mr. collins first propose to
2242,why did the us use rationing during ww2
2243,what was the date of the russian revolution
2244,when did the olsen twins start full house
2245,who was the first child born after migration (hijrat)
2246,according to piaget the second stage of cognitive development is
2247,when does the heart form in an embryo
2248,key characteristics of the anglo saxon model market system consists of private ownership and
2249,how many under the dome books are there
2250,when did the first lotr movie come out
2251,who was the joker before he went crazy
2252,how long was mr. rogers neighborhood on television
2253,who wrote just dropped in to see what condition
2254,where do the carolina panthers play home games
2255,what is the meaning of hypertext markup language
2256,what are the two breeds which were crossed to make the columbia
2257,define speak softly and carry a big stick
2258,when was the national mall in washington dc built
2259,all the money borrowed by the federal government over the years and still outstanding is known as
2260,is there a nuclear power plant in arkansas
2261,did addison have a baby on private practice
2262,who played clark kent in lois and clark
2263,what rank is a squad leader in the marines
2264,who is the minister of local government in uganda
2265,who sings if you want it here it is come and get it
2266,what does a logistics specialist do in the navy
2267,when did the exxon valdez oil spill happen
2268,how many episodes of csi miami are there
2269,who was the last person executed by guillotine
2270,who dies in sisterhood of the traveling pants
2271,what is the world's largest great white shark
2272,who was the mother on lost in space
2273,who sings the song you left me just when i needed you most
2274,who plays black panther in the movie black panther
2275,when did olly murs appear in x factor
2276,where was the netflix series ozarks filmed at
2277,who played the dirty old man on laugh in
2278,where had electricity been put to use in the united states at the beginning of the twentieth century
2279,who played young jenna in 13 going on 30
2280,who holds the record for the most strikeouts
2281,who does princess maria marry in war and peace
2282,what possible outcome(s) can result from intense competition between two species
2283,what happened to briseis after the trojan war
2284,what is the song my demons by starset about
2285,who played the oldest daughter on the nanny
2286,who contribute money to the social security trust fund
2287,where does the eustachian tube drain in the throat
2288,who played in the 1998 afl grand final
2289,what is the meaning of the somg this is america
2290,who is india's longest serving prime minister
2291,bhikaji cama place new delhi nearest metro station
2292,when was the first hollow point bullet made
2293,who owns the staples center in los angeles
2294,can you jump on free throws in the nba
2295,when was the movie lost in space made
2296,when did civil partnerships become legal in the uk
2297,when does season 5 of marvels agents of shield start
2298,28 days later disease spread from which primate
2299,how did the glorious revolution in england affect englands north american colonies
2300,why did 4th power change their name to 4th impact
2301,when did the first apple phone come out
2302,what is the origin of the last name matthews
2303,who plays jay's ex wife on modern family
2304,who does benvolio love in romeo and juliet
2305,who is the general manager of the new york yankees
2306,present minister of environment and forest of india
2307,what is the medical term for birth canal
2308,the two broad types of control structures is branching and
2309,who won the popular vote in the election of 2000
2310,what's the first amendment of the united states constitution
2311,who said it's all done in the best possible taste
2312,the near eastern area that was known in the ancient world as persia is today called
2313,will there be a winter olympics video game
2314,when did dublin win 3 in a row
2315,where does canal du midi start and finish
2316,who said millions for charity but not one penny for tribute
2317,what is the different between university and polytechnic
2318,when did they start putting cassette players in cars
2319,who does chuckys voice in cult of chucky
2320,who wrote the national anthem jana gana mana
2321,what does the green white and orange stand for in the irish flag
2322,where did the phrase blood is thicker than water come from
2323,why is the movie called the lovely bones
2324,what is the lost city of the incas
2325,how many seasons pretty little liars will there be
2326,who wanted the heart in the wizard of oz
2327,when should a cost plus contract be used
2328,how can i tell which generation my nexus 7 is
2329,when does clark meet lois lane in smallville
2330,who sings i wanna be a billionaire
2331,doctrine of lapse is one of the causes of which rebellion
2332,where was the who live at leeds recorded
2333,who wrote the lyrics for wish you were here
2334,when was winnie the pooh sold to disney
2335,what happens to nicky nichols in season 3
2336,what was the purpose of the three-field system
2337,successful elizabethan dramatist who influenced the work of shakespeare
2338,a calculation from input values such as add subtract multiply and divide
2339,what was the purpose of the third battle of ypres
2340,state the longitudinal value in degrees of indian standard time
2341,when is wynonna earp season 2 coming out
2342,who were the allies fighting in the european theater
2343,where is united arab emirates located on the world map
2344,what are the two parts that make up congress
2345,who was allowed to vote in ancient athens
2346,when does no man's sky next come out
2347,can you put a mini itx motherboard in an atx case
2348,what happened to donna's mom in that 70s show
2349,who sings give me some kind of sign girl
2350,the influential novel uncle tom's cabin was written in response to
2351,where is central park located in new york
2352,who did sebastian's voice in the little mermaid
2353,who was the first documented person to be born on the continent of antarctica
2354,what is the difference between pine nuts and pinon nuts
2355,which flag is canada's official royal flag
2356,when did the national crime victimization survey begin
2357,where does funding for private schools come from
2358,where did the term prime minister come from
2359,who plays simba's mom in the lion king
2360,where was season 1 of the walking dead filmed
2361,who sang old man river in the film showboat
2362,who is the singer in 4 non blondes
2363,when did the us get involved with puerto rico
2364,french for the more things change the more they stay the same
2365,who won the 1985 ncaa men's basketball championship
2366,who played lucas mccain son on the rifleman
2367,what is the great wall of china made off
2368,who plays teddy on law and order svu
2369,who wins season 2 of americas next top model
2370,who sang oh what a night in the 80s
2371,does big ben have a clock on all four sides
2372,who played ashley in the secret life of the american teenager
2373,who was the american plant breeder responsible for dramatically improving crop yields in the 1960s
2374,how much is the toll on i-70 in kansas
2375,whats the difference between a coach and a bus
2376,the earth axis of rotation is always inclined at an angle of
2377,when is the red road season 3 coming
2378,who sings the song what's it going to be
2379,who plays the kid in pursuit of happiness
2380,who gets home field advantage in world series
2381,how does plato define justice in the republic
2382,where is trinidad and tobago located in the world map
2383,diane guerrero orange is the new black character
2384,when did the agricultural revolution occur in britain
2385,when did lynyrd skynyrd open for the who
2386,tu is tarah se meri zindagi mein shamil hai movie name
2387,list of the most commonly used letters in the english language
2388,what car is the mach 5 based off
2389,who is hosting the next soccer world cup
2390,approximate length of aravali range in rajasthan is
2391,what is the function of the ciliary muscle
2392,where is the topic sentence usually found answers.com
2393,where's the texas chainsaw massacre house located
2394,who was the peace negotiator for the north vietnamese
2395,where does my so called life take place
2396,where does the last name terry come from
2397,what is the main idea of the communist manifesto
2398,what is the statue in piccadilly circus called
2399,what do you call a group of wasps
2400,when does the american football season start 2018
2401,when does the movie pacific rim come out
2402,what was first jersey shore or geordie shore
2403,what was the sequel to gone with the wind
2404,what are the two rivers that flow through iraq
2405,when did the first harry potter mivie come out
2406,who wrote all the songs in the sound of music
2407,when did easter eggs become part of easter
2408,when is the angular momentum of a system conserved
2409,who played neil curtis on days of our lives
2410,when was the last time auburn beat georgia
2411,when did the temporary foreign worker program start
2412,where was the tv show chesapeake shores filmed
2413,where were the bee gees born and raised
2414,who won the college national championship football last year
2415,when does the fourth season of the flash come out
2416,who was the governor general of new france at the time of the french and indian war
2417,when was the last time the generals beat the globetrotters
2418,what is the daily motion of the earth
2419,a series of unfortunate events season 2 filming locations
2420,abhinav bindra anjali bhagwat have represented india in which sport
2421,who has the most wins in wwe history
2422,what is coach's real name new girl
2423,when did they don't really care about us come out
2424,where are the bulk of congress' powers found
2425,what amendments were added after the bill of rights
2426,do you have to be 18 to go to a shooting range
2427,what countries can you work in with an irish passport
2428,where is pillars of the earth based on
2429,when was k to 12 implemented in philippines
2430,where did the last name esposito come from
2431,where will be the 2019 cricket world cup held
2432,who are the 2 guys that do the sonic commercials
2433,is tranquility base hotel and casino a real place
2434,what led to the conversion of the franks to christianity
2435,when is how to train your dragon the hidden world coming out
2436,why analytical engine often called the pioneer computer
2437,who played the role of joker in batman dark knight
2438,who sang when i fall in love with celine dion
2439,where do the oakland a's play baseball
2440,who was where do you go to my lovely written about
2441,who played mother on little house on the prairie
2442,where is 559 area code located in california
2443,who become the tata sons chairman in 2017
2444,who is the current prime minister of iraq
2445,where does the house of the spirits take place
2446,who plays carol in star trek into darkness
2447,where is the house in the movie winchester
2448,what term is used to describe something that is useful and provide satisfaction
2449,how many lobes does a neutrophil nucleus have
2450,where was the original movie the blob filmed
2451,how long did the battle of ortona last
2452,where is the syrian desert located on a map
2453,who is the actress that plays claire on outlander
2454,who has the most representatives in the house
2455,who played casey in teenage mutant ninja turtles
2456,who plays kyle's mother in csi miami
2457,how many schedule the constitution of india contains
2458,what is the fourth book in the harry potter series
2459,who occupied the british isles before the coming of the anglo-saxons
2460,when was the last time chiefs won a superbowl
2461,gray matter of the spinal cord is mostly composed of
2462,writer of the textbook fantastic beasts and where to find them
2463,of the heart of the soul and of the cross the utopian experience
2464,where do beans go on the food pyramid
2465,is there a toll on the midtown tunnel in norfolk
2466,what was significant about the american victory at saratoga in 1777
2467,where did the battle of langport take place
2468,who does the voice of the dragon in dragonheart
2469,who plays suzanne in orange is the new black
2470,who did the 76ers beat in the playoffs
2471,where was worst hit by boxing day tsunami
2472,when does the next season of bobs burgers start
2473,who was the voice of clifford the big red dog
2474,where did the original stage production of the sound of music first take place
2475,is the man in the yellow hat named ted
2476,name of island shared by haiti and dominican republic
2477,when was the last year that is the same upside down
2478,who sings the theme song for the drew carey show
2479,names of singers in we are the world
2480,what do you mean by data models explain the dbms
2481,what position in football has the biggest players
2482,what years did they make the volkswagen thing
2483,who is chief of army staff of pakistan
2484,water boils at what temperature at high altitude
2485,when does dead pool to come out on dvd
2486,when is the movie the foreigner coming out
2487,who won season 3 of rupaul's drag race all stars
2488,who owns the mother lode mine in mccarthy alaska
2489,who appoints chairman of state public service commission
2490,what are the colours of the olympic rings
2491,who wrote bang bang i shot you down
2492,who is pablo picasso and what did he do
2493,who designed and built the gherkin in 2003
2494,what was the population of the us in 1970
2495,who is the first person to land on moon
2496,what is not part of all contracts the offer time requirements premiums consideration
2497,how many golf courses are there in naples florida
2498,who has been the only lok sabha speaker to have become the president of india
2499,who elect the members of the rajya sabha
2500,when is the 2018 pro bowl being played
2501,when did food lion change name from food town
2502,who played andy's brother in the office
2503,who sang the song don't let the sun catch you crying
2504,executed when a class goes out of scope
2505,who wrote send a message to my heart
2506,who has been on the show the longest on the young and the restless
2507,who does eden hazard's brother play for
2508,where is the governor's mansion in california
2509,who does the voice of brian on family guy
2510,what season is the plane crash greys anatomy
2511,who coined the term robotics and in what context was it first used
2512,when was the book of 1 corinthians written
2513,who lived in the western part of the land claimed by the colony of georgia
2514,who sings the step by step theme song
2515,who has albums called 19 21 & 25
2516,what type of ram is in the surface pro 4
2517,where was in the dark tv series filmed
2518,who formed and started the national womens party
2519,what are the four stages of high school
2520,where does geothermal energy come from sunlight the oceans the land inside earth wind
2521,where do lake huron and lake michigan meet
2522,where was the girl with the dragon tattoo filmed
2523,where did the term man cave come from
2524,where does spanish moss grow in the us
2525,where is the na k pump located in a cell
2526,what is the extruder in a 3d printer
2527,who sang you'll be back in hamilton
2528,who wrote the song end of the line
2529,when did lagos became the capital of nigeria
2530,who is required to get statutory audit done
2531,village where last of the summer wine filmed
2532,who took over the rovers in corrie in 1995
2533,what is the lifespan of a shiba inu
2534,when did the house of windsor change their name
2535,who played tony and ziva's daughter on ncis
2536,who were the main countries involved in world war 2
2537,what character does karen gillan play in avengers
2538,when did the first vampire diaries book come out
2539,where was the tv series mash filmed at
2540,time it takes the earth to spin on its axis
2541,what is the meaning of wearing a ring on pinky finger
2542,who was the asian fly girl on in living color
2543,who played kirk's mother in star trek
2544,who built the titanic and where did they build it
2545,how many episodes are in true blood season 1
2546,who plays rodrick from diary of a wimpy kid
2547,who plays the wildling girl in game of thrones
2548,what is north korea's relationship with the united states
2549,who said don't fire until you see
2550,what season of ncis is the port to port killer in
2551,what is the theme of world environment day 2015
2552,bone that makes up posterior surface of the orbit
2553,how many stokvels are there in south africa
2554,who scored a victory in taiwans first democratic public elections in 1996
2555,the legislature having two houses is known as
2556,who is amy on good morning america married to
2557,when was the first national bravery award given
2558,when did sicily become a part of italy
2559,where does secret life of bees take place
2560,why should glucose not be present in urine
2561,i love you a bushel and a peck release date
2562,where is the superior colliculus located in the brain
2563,how many superbowls have the patriots won in a row
2564,briefly describe the shape of the bacterium that causes cholera
2565,where did 1 direction finish in x factor
2566,to what does the title of do women have to be naked to get into the met. museum refer
2567,who wrote just a little talk with jesus
2568,how many trillion miles in a light year
2569,where are the flint hills located in kansas
2570,what was the real name of harry potter
2571,when does dr owen come to grey's anatomy
2572,when did jane beale come back to eastenders
2573,what are the 2 types of seismic wave
2574,when did germany become a country the first time
2575,what is the purpose of a hydrocolloid dressing
2576,who owns the rights to little shop of horrors
2577,where is the strait of magellan located on a map
2578,where is the tv show southern charm filmed
2579,where was the first madrasa set up by british in india
2580,when was the last time miss north carolina won miss america
2581,what does the c stand for in crp
2582,who were all the members of the traveling wilburys
2583,when did air force master sergeant stripes change
2584,what kind of truck was in bj and the bear
2585,what island is haiti and the dominican republic on
2586,who played mae harmer in death in paradise
2587,when does damon and elena get together in vampire diaries
2588,who wrote uncle tom's cabin and why was it important
2589,man city vs man united head to head record
2590,who played the ghost of anakin skywalker in episode 6
2591,who fought against each other in world war 1
2592,what part of the carrot is the seed
2593,where was the first test atomic bomb dropped
2594,an application is software that allows you to perform a specific task true or false
2595,who dicovered the occurence of oil in assam
2596,who painted the lady with the pearl earring
2597,who played hillary curtis on the young and the restless
2598,how did the british museum get the marbles
2599,when did lorde's first song come out
2600,where is epithelial tissue found in the skin
2601,how does the national bureau of standards determine time
2602,who worked to get photography recognized as a fine art
2603,who plays luna in the harry potter movies
2604,what ranch is the show yellowstone filmed at
2605,where does the federal reserve get its authority
2606,how the bill is passed in parliament of india
2607,who plays sheldons girlfriend on big bang theory
2608,who wrote the book of mark in the holy bible
2609,is the ford escape an suv or crossover
2610,when did peru last win the world cup
2611,when does the new god of war game take place
2612,crimes that do not require mens rea are known as
2613,where does the wood for paper come from
2614,who was the actor who played darth vader
2615,who marries ted in how i met your mother
2616,who plays dina bergeron on the young and the restless
2617,when did tom brady became a starter for the patriots
2618,how many grams in a pinch of salt
2619,is there a new season of attack on titan
2620,how many episodes of once upon a time is there
2621,who sits next to the speaker of the house during the state of the union
2622,when was star spangled banner put to music
2623,according to the u.s. census bureau what is the largest minority group in the united states
2624,where is cerebral spinal fluid (csf) produced
2625,where does the last name ibrahim come from
2626,where is the mass of blood located in a subdural hematoma
2627,who was originally offered the role of pretty woman
2628,which contingent leads the march past in all the olympic games
2629,who did we buy the louisiana territory from
2630,when is professional baseball played in the dominican republic
2631,who played wild bill hickok in the movie hickok
2632,who sings the intro to phineas and ferb
2633,who takes travis aside and tells him to shoot any animal that contracts hydrophobia
2634,how many mls in a schooner glass nsw
2635,who played the artful dodger in oliver in 1967
2636,where did the last name turner originate from
2637,when is the last time a hurricane hit the west coast
2638,who was the first person who made the violin
2639,who plays joe in bend it like beckham
2640,when was the great sand dunes national park established
2641,what body sets accounting standards (gaap) in the united states
2642,where does the atlantic meet the english channel
2643,where is the world's largest ice sheet located today greenland alaska iceland antarctica
2644,who is known as father of english literature
2645,like many northern italian medieval towns s. gimignano is distinctive for its
2646,where is suriname located on the world map
2647,who guards the tomb of the unknown soldiers
2648,is ben nevis the highest mountain in britain
2649,when was judicial review granted to the supreme court within the united states
2650,when was the center for disease control created
2651,who plays detective murdoch in the murdoch mysteries
2652,how many players in kabaddi in one team
2653,how many seasons of better call saul are there
2654,where does night of the iguana take place
2655,who was in the 2014 world cup final
2656,when did the human population reached 1 million
2657,who is the villain in the hunchback of notre dame
2658,where does the last name guerrero originate from
2659,what is the size of the kruger national park
2660,where is sedna located in the solar system
2661,how many different species of fox are there
2662,where did the tradition of godparents come from
2663,what type of bridge is the donghai bridge
2664,who destroyed the temple in jerusalem in 70 ad
2665,who is the vise president of united states
2666,who played guitar on midnight at the oasis
2667,polar express how many characters did tom hanks play
2668,who plays the grandmother in switched at birth
2669,what is the age of a minor in uk
2670,what is the board of governors of the federal reserve system
2671,who played pugsley in the addams family tv show
2672,how many digits is a social security number
2673,is a e4 in the navy a nco
2674,when was bega cheese listed on the asx
2675,where is azores located on the world map
2676,what ideas gave birth to the first democratic nation
2677,christianity was shaped in its first two centuries within the confines of what
2678,where was hallmark summer in the vineyard filmed
2679,the fall of constantinople led to the breakup of
2680,who actually sang the song that thing you do
2681,can you buy alcohol on sundays in oklahoma
2682,where did the la chargers get their name
2683,when did they start putting cigarette lighters in cars
2684,when does the first college football game come on
2685,who was involved in the breakup of yugoslavia
2686,who did melbourne beat in the 1964 grand final
2687,where did mile a minute weed come from
2688,who lived in washington state before european settlers
2689,who led the progressive movement in wisconsin where he served as governor
2690,who played doug's sister in king of queens
2691,what does the take me to church music video mean
2692,who founded the first early childhood education program
2693,who is the father in the rosie project
2694,where did the last name williams come from
2695,who does gnomeo meet in the park and what does he tell him
2696,in what period in ancient italy did population in villages surpass 100 persons
2697,who were the original members of fleetwood mac
2698,who plays the dad in daddy's home
2699,what are the three branches of us government
2700,can you wear blue on a green screen
2701,where does the university of alabama play football
2702,where was the first agriculture university of india established
2703,the meaning of in order to form a more perfect union
2704,what is now the european union began as which organization
2705,what is the sloths name on ice age
2706,what is the location of the aztec empire
2707,who has won the most test matches between australia and england
2708,where is wigan on the map of england
2709,where does the theory of everything take place
2710,when did peter pan and hook become enemies
2711,what is the highest area of land in russia
2712,when was the last time the red sox had a no-hitter
2713,when was earth day celebrated around the world
2714,where is potassium located in the human body
2715,how many olympic gold medals does stephen curry have
2716,when was the aca released to the public
2717,who played queen victoria in the tv series
2718,when was the last new testament book written
2719,who played lois lane in the original superman
2720,what are the grounds of impeachment in the philippines
2721,what was the main purpose of the american system
2722,what is the name of the tunnel between england and france
2723,when did gta 5 come out for pc
2724,who played beast in beauty and the beast 1991
2725,when was the last time flyers made the playoffs
2726,each state must have a republican form of government
2727,boarder security force bsf is responsible for guarding on borders of which countries
2728,what is the current income tax rate in america
2729,where's the raiders stadium in las vegas
2730,when did honolulu become the capital of hawaii
2731,who files the lawsuit in a criminal case
2732,who was the swedish scientist who developed a naming system based on organisms observable traits
2733,who sings before you turn off the lights
2734,are gap and old navy the same company
2735,who was the greatest builder under the ottomans and the designer of 312 public buildings
2736,where did the 3 laws of robotics come from
2737,who were the major figures in the reformation
2738,where did the civilisation of ancient rome begin
2739,where is the right of privacy found in constitution
2740,what is the difference between chippewa and ojibwe
2741,who was the native american that spoke english with the pilgrims
2742,what is the joint at the top of the leg called
2743,when did rome change from a republic to an empire
2744,who plays anthony in sex and the city
2745,who is responsible for maintaining the standards for the business process modeling notation
2746,who shot abe carver on days of our lives
2747,why sc test is conducted on hv side
2748,which two tools were featured on the flag of the soviet union
2749,why do the polar regions experience extended periods of daylight and darkness
2750,what did the rhythm section in muscle shoals become known as
2751,where did the term get out of dodge come from
2752,who played penny robinson in lost in space
2753,where did it takes two to tango come from
2754,when do we celebrate mother's day in india
2755,when does us play in the fifa world cup
2756,why is the game between ole miss and mississippi state called the egg bowl
2757,who won the fight in the first rocky movie
2758,how many mandals are there in karimnagar district
2759,who was in charge of the spanish inquisition
2760,who played danno in the original hawaii five o
2761,is hawaii part of the north american continent
2762,how much is a euromillions ticket in spain
2763,who got shot in the louisiana state capitol
2764,when does the fiscal year start in pakistan
2765,what is the role of the cell membrane in diffusion
2766,started the knickerbocker base ball club true inventor of baseball
2767,where do the aurora teagarden mysteries take place
2768,who plays serena's little brother in gossip girl
2769,where does the river spey start and end
2770,is bring me to life a christian song
2771,when was the first captain america comic released
2772,why do humans belong to the subclass eutheria
2773,who died in the band alice in chains
2774,where does the phrase pork chops and applesauce come from
2775,when does death note live action come out on netflix
2776,who plays maya on bold and the beautiful
2777,who owns the rights to smokey the bear
2778,what did the straw man want in wizard of oz
2779,who wrote the song can't help falling in love with you
2780,theme of the possibility of evil by shirley jackson
2781,who plays dylan carter in home and away
2782,how long does it take for suspension trauma to set in
2783,what is the meaning of doves in the bible
2784,what is the robots name in phineas and ferb
2785,who is the highest paid baseball player in the league
2786,when did nigeria change from left hand driving to right hand driving
2787,the meaning of pink floyd's wish you were here lyrics
2788,who created the dwarves lord of the rings
2789,has any golfer won all 4 majors in 1 year
2790,when was the dome of florence cathedral built
2791,where does the hudson river start and stop
2792,who is the main character in life as we knew it
2793,where is the asian longhorned beetle found today
2794,what does the posterior root of a spinal nerve carry
2795,when did typhoon yolanda landfall in the philippines
2796,what does title ix of the education amendments of 1972 prohibit
2797,when did hurricane irma turn into a hurricane
2798,where was the first season of dukes of hazzard filmed
2799,what is a comfortable room temperature in the summer
2800,who recorded the song stuck in the middle with you
2801,where was the first st patrick's day parade held
2802,who wrote the song puff the magic dragon
2803,how many academy awards did bridge on the river kwai win
2804,where does the middle take place in indiana
2805,what episode of glee does mr schuester proposes
2806,where is the garden of eden in the world
2807,st. peter’s basilica the head of the catholic religion is located in
2808,who ascended the english throne as a joint monarch
2809,when did the second republic in france end
2810,why did germany enter the first world war
2811,is there a sequel after batman vs superman
2812,who played melina in for your eyes only
2813,when was the last school desegregated in the us
2814,when does a run count on the third out
2815,in the stomach food is broken down into a liquid form which is called as
2816,what year was the thunderbird in the movie thelma and louise
2817,where does the movie hacksaw ridge take place
2818,who plays stephanie on the bold and beautiful
2819,who discovered that the heart works like a pump
2820,who ordered the new air force one planes
2821,when did kobe bryant start in the nba
2822,when does damon and elena get back together season 6
2823,what was the hotel in some like it hot
2824,who sings take good care of my baby
2825,what happened to kevin cant wait tv wife
2826,when does fairy tail dragon cry come out in the us
2827,when did they take silver out of quarters
2828,who was the explorer who opened up the fur trade route to the great lakes
2829,when did the consumer rights act come into force
2830,how deep is devil's lake in north dakota
2831,who gets home ice advantage in the stanley cup playoffs
2832,why is robert frost's poem called out out
2833,where did the affordable care act come from
2834,surname of woman who owns pie shop in sweeny todd
2835,what is red hot chili peppers otherside about
2836,how many vin diesel riddick movies are there
2837,who is the boy in blues brothers 2000
2838,where did the idea of the atomic bomb come from
2839,brihadeshwara temple is made up of which rock
2840,when did harry potter and the deathly hallows book come out
2841,who does martin freeman play in the mcu
2842,what work written by calvin became the textbook for reformed theology
2843,when does how to be a latin lover come out
2844,how much episodes are in game of thrones season 7
2845,when does hurricane season end in the united states
2846,where is snow white and the huntsman filmed
2847,what is the climate of christchurch new zealand
2848,what is the name of wonder woman's home
2849,did lauren bacall sing in to have and to have not
2850,what does the don t tread on me flag stand for
2851,how many episodes of fawlty towers were made in total
2852,when was reserve bank of india taken over by the government
2853,where is the dominican republic located on a map
2854,why is the golden bridge called the golden bridge
2855,when was a room with a view published
2856,who played king joffrey on game of thrones
2857,what is the difference between .45 acp and .45 auto
2858,who was president of the united states when hurricane katrina hit new orleans
2859,who was the first to use the scientific method
2860,who planned the major military offensive conducted in the red river war
2861,who made the nano virus in stargate atlantis
2862,who needs to know about the jet stream
2863,meaning behind the song in the air tonight
2864,who played the mom in diary of a wimpy kid
2865,the parthenon was seriously damaged as the result of bombardment by
2866,how many times has alec baldwin hosted snl
2867,when will luke cage season 2 be released
2868,where does the name veld pond come from
2869,who is the model in the nivea advert
2870,who sang the song a little help from my friends
2871,where did the stone for the white house come from
2872,who was the drummer for black sabbath 2013
2873,why is the big brother show called big brother
2874,when was the titanic hit by an iceberg
2875,author of the book of revelation in the bible
2876,this person successfully argued the brown v. board of education case for the naacp
2877,when does the tour de france usually start
2878,is there going to be a sequel to batman vs superman
2879,approximately how many treaties were made with tribes in the u.s
2880,who sings that's what makes you beautiful
2881,where are stars formed in the milky way
2882,who does dan marry in one tree hill
2883,where does the battle of the bulge get its name
2884,who has the most wins at the masters
2885,when did toys r us first come out
2886,purdue football players in nfl hall of fame
2887,when was beauty and the beast musical written
2888,what type of leader does north korea have
2889,when was the original lord of the rings written
2890,who owns pf chang's and pei wei
2891,when was ama granted a university status by the commission of higher education
2892,what did pepsi used to have in it
2893,when did seasons in the sun come out
2894,where is the texas state capitol building located
2895,who won the first medal for india at the rio olympics
2896,when is vip 2 release date in india
2897,who enforces the canada labour code part ii and its regulations
2898,who played in the 2017 nrl grand final
2899,who won the virginia governor race in 2017
2900,is there a rookie salary cap in the nba
2901,who wrote my heart will go on titanic
2902,who gets married in secret life of the american teenager
2903,is the world cup trophy kept by the winning team
2904,who sold the louisiana purchase to the united states
2905,who plays jules and verne in back to the future 3
2906,which minister is in charge of the police
2907,who sings don't be tardy for the party
2908,where is the opera house in paris located
2909,what's wrong with jamie in a walk to remember
2910,what direction can the king move in chess
2911,is a solution an example of a homogeneous mixture
2912,what is china's one belt one road project
2913,a water strider can walk on water because
2914,when did the song we will rock you come out
2915,who played teenage clark kent in superman the movie
2916,who played wade kinsella in hart of dixie
2917,why thrissur is called cultural capital of kerala
2918,what is the process that takes place at mid ocean ridges
2919,where did the tree of heaven come from
2920,when was land reform programme introduced in india
2921,who did vcu lose to in final four
2922,when was the bible first translated in english
2923,who did the brewers get for will smith
2924,1st indian to win individual olympic gold medal
2925,who was the only u.s. president whose grandfather was also president
2926,how many electrons will go in the first shell of chlorine
2927,what is the main reservoir of sulfur on earth
2928,what is the rooster song about alice in chains
2929,when was the minimum wage established in the us
2930,what language do they speak in isle of man
2931,who sings i'll never be the same
2932,who sang first cut is the deepest first
2933,when did university of south carolina start playing football
2934,who was the murderer in i know what you did last summer
2935,when was the last time tottenham beat chelsea at stamford bridge
2936,who got grace pregnant on will and grace
2937,who is the actress that plays hope on the bold and the beautiful
2938,who is old major supposed to be in animal farm
2939,what does cd mean on a license plate
2940,who stars in the new mamma mia movie
2941,who played the girl in true grit with john wayne
2942,when does the next episode of shadow hunters come out
2943,what became the standard german term for the art song
2944,who plays diana in the movie lights out
2945,where is costa rica located in the world
2946,who played beauty in beauty and the beast 2017
2947,what episode is burke and christina's wedding
2948,who plays the blue lady in the fifth element
2949,where does the surname janse van rensburg come from
2950,where is the mercedes benz plant in alabama
2951,how long does it take to get cyprus citizenship
2952,when does lexie grey leave grey's anatomy
2953,what is the use of control panel icon in ms windows
2954,who is the winner of dance pluse season 3
2955,what is a black ticket at amc theaters
2956,who sings bell bottom jeans boots with the fur
2957,the hollywood ten a. what were they accused of
2958,when were tea bags first used in the uk
2959,who made call of duty world at war
2960,who is the guy that does the allstate commercials
2961,how long is a typical parallel parking space
2962,when did the government change daylight savings time
2963,why is the capital of the us not located in a state
2964,when do season 8 of shameless come out
2965,when does the next season of the defenders come out
2966,is harry styles sign of the time a remake
2967,when did british airways stop flying the concorde
2968,for how many seats of chhattisgarh state rajya sabha election 2018 was held
2969,when did the third brake light become law
2970,when did brian come back to family guy
2971,when did barney leave the andy griffin show
2972,in the health belief model the perception of a health threat is based on
2973,where is uganda located on the world map
2974,how did the west indies get its name
2975,what is the meaning of anjali in sanskrit
2976,when does far cry 5 for ps4 come out
2977,can you kill lice eggs with a blow dryer
2978,who plays harry in sex and the city
2979,what is a british bachelor (ordinary) degree standard
2980,where did the phrase go to hell in a handbasket come from
2981,who does holly end up with in ps i love you
2982,what was the part of czechoslovakia where most german speakers lived called
2983,where does the name kaiser permanente come from
2984,where does the name poop deck come from
2985,what is the origin of the word islam
2986,who introduced cannons and guns in india warfare
2987,who played sister mary eunice in american horror story
2988,who played lando in the empire strikes back
2989,who dies in game of thrones in the books
2990,how many episodes of orange is the new black season 5
2991,during which phase of the cardiac cycle does the first heart sound occur
2992,what is the main composition of the cell membrane ​
2993,where does the electron transfer chain take place
2994,where did contacts go in the new gmail
2995,the movie gangs of new york is it a true story
2996,who played cinderella on once upon a time
2997,what was the name of scooby doo's van
2998,how much did kobe bryant score in his last game
2999,where did moe get the names for their food
3000,how wide is a standard lane of traffic
3001,where is gilead in the handmaid's tale
3002,when will the next song of ice and fire book be released
3003,when did the dominion of canada become canada
3004,where is the afl grand final played 2017
3005,what two groups were fighting in the chinese civil war
3006,what happened to optimus prime at the end of age of extinction
3007,where did the movie couples retreat take place
3008,when was smoking banned in the workplace uk
3009,when is opening day of major league baseball
3010,who did the us support in the bosnian war
3011,what international organization created the country of israel in 1948
3012,in the greek civilisation sparta was well known for
3013,where did the name popeyes chicken come from
3014,how many branches does fidelity bank have in nigeria
3015,what is the colour of bromothymol when added to an acid solution
3016,who starred in the movie riders of the purple sage
3017,what is the chemical name of ch3 c o o n a
3018,this is the logical model in which general principles are developed from specific observations
3019,where was the labours of hercules poirot filmed
3020,where did they film this is where i leave you
3021,how many ml in 1 pint of water
3022,who sings will you still love me the same
3023,the 15th amendment was ratified in it states that no citizen
3024,who played sunny in law and order svu
3025,when did us allow professional athletes in olympics
3026,what episode of legends of tomorrow is the crossover
3027,who said im a lover not a fighter
3028,6. what are the three responsibilities of the federal reserve system
3029,where does the murray river enter the ocean
3030,when did retina display come out for macbook pro
3031,what is the criteria to impeach a president
3032,why are seasons reversed in the southern hemisphere relative to the northern hemisphere
3033,idbi bank is public sector or private sector
3034,how did the drummer in def leppard lose his arm
3035,when did 8 out of 10 cats does countdown start
3036,who sang you to me are everything original
3037,who won the nba's most valuable player
3038,who made nuclear bomb first india or pakistan
3039,which agreement settled a boundary dispute between british canada and the united states
3040,what is the island between south africa and south america
3041,how many slots on a european roulette wheel
3042,where did the mother go in the waltons
3043,who wrote dont it make my brown eyes blue
3044,united nations has developed the human development index (hdi) to measure the
3045,who did falcons lose to in super bowl
3046,when was the last time the guillotine was used in france
3047,when did the rams come to st louis
3048,can you have two jobs in south africa
3049,what was the significance of the land ordinance of 1785
3050,what is the distance of a point from y axis called
3051,ball and socket joint is an example of
3052,what is a common reason to file a suspicious activity report
3053,is india a member of the commonwealth of nations
3054,where does the priest get ready for mass
3055,who played mother superior in sound of music movie
3056,when did south sudan join the east african community
3057,where does the book the outsiders take place
3058,who wrote to make you feel my love garth brooks
3059,who sang the disney song when you wish upon a star
3060,where did the titanic leave from and go to
3061,who did bernardo kill in west side story
3062,who administers the oath of office for the president
3063,who got the girl pregnant in dirty dancing
3064,what does the preamble of the constitution explain
3065,did stephen king write a sequel to the shining
3066,who wrote remember me i'm the one who loves you
3067,who landed a plane on the hudson river
3068,who sang john the revelator on sons of anarchy
3069,who won the fights between ali and frazier
3070,who wrote mrs dalloway and a room of one s own
3071,who is the actor that plays richard castle
3072,who played mrs garrett on the facts of life
3073,when does the school year start in norway
3074,in the early 1990s the united states closed clark air force base and subic bay naval station in
3075,where is the world's fresh water stored
3076,where was the photo of the beatles crossing the road taken
3077,who plays mr fitz in pretty little liars
3078,what is the replacement for the lynx helicopter
3079,how many pages does the book life of pi have
3080,who came out with the song hurt first
3081,a joint where bones fuse together with bone tissue
3082,what animals are on the michigan state flag
3083,who proposed a counter proposal to the wilmot proviso
3084,what is the speed of the earths rotation
3085,when did cardi b get on love and hiphop
3086,where do we find giant panda in asia
3087,who is the founder of foursquare gospel church
3088,who is bethany platts dad in coronation st
3089,what is the study of the methods for protecting biodiversity called
3090,how much did zoolander 2 cost to make
3091,who wrote daddy was an old time preacher man
3092,don't stop me now i have such a good time
3093,who build grand trunk road from sonargaon to indus
3094,polygon with four right angles and four side with the same length
3095,where is the rams new stadium going to be
3096,who sings the theme for ncis new orleans
3097,where is the sermon on the mount in the bible
3098,where does the ring from cytokinesis get its energy
3099,has there ever been a female governor of california
3100,is freedom of speech a right in canada
3101,how many nba championships has golden state warriors won
3102,what was the largest mass uprising in the history of germany
3103,the hypothalamic hormone that triggers the release of adrenocorticotropic hormone
3104,what does emc in dell emc stand for
3105,what is the current economic situation in spain
3106,what is the main religion of the dominican republic
3107,when did indochina gain independence from the french
3108,who played harriet in the heat of the night
3109,when is the last time mayon volcano erupted
3110,when did michael jackson make the song hold my hand
3111,who blew up the federal building in oklahoma city
3112,who invented the frisbee how did it get its name
3113,what is the highest level in boy scouts
3114,who won the charlotte north carolina mayoral race
3115,comedy central's india's best stand up comedian
3116,who plays peter parker in amazing spider man
3117,ships can transit between the atlantic and pacific oceans using the
3118,how many tiles can you have in scrabble
3119,where did the fleas get the plague from
3120,whats the name of the zoey 101 theme song
3121,where is the game show the wall australia filmed
3122,where did they get the name dunder mifflin
3123,name the site of gaseous exchange in the lungs
3124,when is the meyerowitz stories coming to netflix
3125,who was the first indian man athlete to enter an olympic final
3126,when did the song wake me up come out
3127,when did the kokoda war start and end
3128,on which space shuttle was the canadarm first tested in space
3129,how many rods and cones do you have in each eye
3130,when did france give usa the statue of liberty
3131,latin american economies in the nineteenth century grew mainly as the result of
3132,who sings everybody wants to go to heaven
3133,when did the go pro hero 6 come out
3134,who is betagold in the gospel according to larry
3135,when did the fast and the furious start
3136,who crossed the alps with a herd of war elephants
3137,who played hotchner's wife in criminal minds
3138,prior to ratification of the constitution the u.s. was governed by
3139,how do i get to new jersey turnpike
3140,how many episodes of doc martin are there
3141,when does the soccer world cup 2018 start
3142,marriage that is considered invalid from the beginning
3143,when was jehovah name taken out of the bible
3144,where did the name red bull come from
3145,who sings the song havana ooh na na
3146,what are the ages of venus and serena
3147,who sang you just don't love me no more
3148,what are the requirements to become a division 1 school
3149,who sang i only think of you on two occasions
3150,the rolling stones little red rooster other recordings of this song
3151,when will the new dunkirk film be released on dvd
3152,who was the first person killed by a car
3153,who invented the first curling iron in 1872
3154,8) what is the common characteristic of the group vi metal ions
3155,who wrote the girl who played with fire
3156,who wrote hard habit to break by chicago
3157,when were the istari sent to middle earth
3158,how many babies does a desert tortoise have
3159,what agreement led to the withdrawal of federal troops from the south
3160,florida was readmitted to the union in 1868 after the state
3161,who is the host of game show the chase
3162,who was left out of the peace conference
3163,what is the function of objective lens in microscope
3164,who were the berbers and where did they come from
3165,when was tom petty and the heartbreakers formed
3166,when were kotex pads introduced to the market
3167,who founded the first british colony in the new world at roanoke island
3168,who wrote the song pass me not o gentle savior
3169,when was inscription added to statue of liberty
3170,who sings im gonna make you mine
3171,when is the flash season four coming out
3172,who has won the ballon d'or most times
3173,when is orphan black season 6 coming out
3174,when are you issued with a national insurance number
3175,what does the vodka do in vodka sauce
3176,what is the oldest mosque on the earth
3177,when does season 2 of narcos come out
3178,who played marta in the sound of music
3179,india's communications satellite insat-4b was launched from
3180,what kind of rock is uluru made from
3181,when was the american civil liberties union formed
3182,how many seasons is there in pretty little liars
3183,is there a train station in newark airport
3184,who played guitar on the original james bond theme
3185,what kind of loop does a figure eight on a bight create
3186,when does next season of silicon valley start
3187,black box testing is applicable to which level of testing
3188,who is considered to be the first modern art historian
3189,when did the vietnam conflict start and end
3190,the type of epithelium found on the surface of the ovaries and lining the ducts of glands is
3191,who plays toby's wife on west wing
3192,who played joseph first phillip schofield or jason donovan
3193,who sang the original theme song for gilligan's island
3194,what kind of church is assembly of god
3195,where did the 5 loaves and 2 fish come from
3196,what is the american indian name for mount rushmore
3197,what is an example of an intrusive igneous rock
3198,who created the idea of rule of law
3199,when was papua new guinea part of australia
3200,the presiding officer of the senate is the
3201,nation that russia was once a part of
3202,did they ever find the crew of the andrea gail
3203,where is the swim bladder located in a fish
3204,in the united states the only legally sanctioned form of marriage is
3205,who discovered the sea route to india from europe
3206,how many times has carolina panthers been to the super bowl
3207,when did the bank of england become independent
3208,who was the first person to find gold in colorado
3209,star wars the clone wars when does it take place
3210,where was the titanic coming from and where was it going
3211,what kind of birds were heckle and jekyll
3212,when did the last episode of charmed air
3213,who was the white army made up of
3214,what do i need to carry a gun in indiana
3215,when was god added into the pledge of allegiance
3216,uefa champions league how many teams from each country
3217,a majority of political action committee donations go to
3218,who was involved in the yirrkala bark petition
3219,when is it considered a long distance relationship
3220,who was given authority under the constitution to choose the president in 1824
3221,who wrote the song summer in the city
3222,who hit the longest homerun in major league baseball history
3223,who is in jason aldean's you make it easy video
3224,when did charles darwin publish the origin of species
3225,who won the battle of ramsour's mill
3226,is there a difference between alsatians and german shepherds
3227,where does the kentucky river meet the ohio river
3228,what's the deadliest snake in the united states
3229,which greek god ruled over a gloomy kingdom
3230,who wrote the bridge over the river kwai
3231,who is the saint that carried jesus across the river
3232,where was dawn of the planet of the apes filmed
3233,who wrote the song better man for little big town
3234,when does the mummy starring tom cruise come out
3235,who won great british bake off series 4
3236,who is the man that played black panther
3237,where was the 1971 movie willy wonka filmed
3238,when will a baseball game be cancelled due to rain
3239,where does the flossing dance move come from
3240,who plays kristen and susan on days of our lives
3241,what percentage is the black population in the united states
3242,who owns golden nugget casino in atlantic city
3243,the roanoke colony was in what present day state
3244,how tall is the superman at darien lake
3245,nfl rules can the ground cause an incomplete pass
3246,how to prevent dictionary attack on password hashes
3247,where does the world bank get its funds
3248,where did the name camden yards come from
3249,what was paul's letter to the romans about
3250,where is cobh in ireland on a map
3251,who was roland in the song of roland
3252,who is the actor that played gilligan on gilligan's island
3253,when did the farm security administration hire a group of photographers
3254,disgraced have i got news for you presenter
3255,who has written a snake in the grass
3256,who is the father of the constitution of india
3257,where did the term station wagon come from
3258,the colonies that became the original united states were part of which european nation’s land claims
3259,what are the dates for zodiac sign aries
3260,what cut of meat is new york strip steak
3261,what is the purpose of the consulting organization at dxc
3262,who has the biggest police force in the us
3263,who was the governor general when india became independent
3264,an economic impact immediately following world war i in europe was
3265,where does la get most of its water
3266,what does cprs stand for in the va
3267,where did the lost colony of roanoke go
3268,what is the average heart rate of a healthy person
3269,when does deion's family playbook come back on
3270,who sings the song she from notting hill
3271,when does the new star trek series premiere
3272,which group is responsible for adopting the declaration of independence
3273,who is the director of lord of the rings
3274,who won silver medal in olympics 2016 from india
3275,where did they film battle of the network stars
3276,who argued that there was a wall of seperation between church and state
3277,when did the movie the bodyguard come out
3278,when did the european convention on human rights come into force
3279,who wrote the song i did it my way
3280,where was agatha christie s crooked house filmed
3281,the process by which the acrosome membranes of sperm break down is known as
3282,who invented the gas mask in world war 1
3283,who did texas vote for in the 2016 election
3284,what is the famous bridge in florence italy
3285,who sang next time i fall in love
3286,who sang whole lot of shaking going on
3287,who plays lily ashby on young and the restless
3288,the hound's real name game of thrones
3289,who covers second base on a pick off
3290,what is the rank of india in rice production
3291,who does billy russo become in the punisher comics
3292,how many times a day is the muslim call to prayer
3293,indian standard time zone passes through which states in india
3294,who does dell end up with in private practice
3295,when a radioactive atom emits an alpha particle the original atom's mass number decreases by
3296,which lane is the fast lane in the uk
3297,who has won the 2018 formula 1 chinese grand prix tournament
3298,where was the second battle of bull run fought
3299,where did the term aces and eights come from
3300,who is the first person who climb in the mount everest
3301,how did the triangle shirtwaist fire affect the international ladies garment workers in new york
3302,who is known as the father of polygraph
3303,what movie is the song chaiyya chaiyya from
3304,who wrote take the ribbon from my hair
3305,who does the voice of delvin mallory in skyrim
3306,who wrote love me or leave me alone
3307,where is the hoover dam located on a map
3308,when did the california angels change their name
3309,what is use of jumper on the motherboard
3310,who wrote but for the grace of god
3311,difference between reid vapour pressure and true vapour pressure
3312,who held the house and senate in 2002
3313,eid mubarak what does it mean in english
3314,what is the most common language spoken in ghana
3315,where did they film dukes of hazzard movie
3316,what language is the lion king song sung in
3317,where did they film the great outdoors movie
3318,what is the name of the band in freaky friday
3319,who controls and monitors the drugs in india
3320,when does a new season of the ranch
3321,who played james bond in you only live twice
3322,who sings the theme song for kath and kim
3323,who sang the song chuck e's in love
3324,what is the origin of punch and judy
3325,when did the samsung gear fit 2 come out
3326,who plays dwayne prides dad on ncis new orleans
3327,who played michael corleone's son in godfather 2
3328,why there are just 28 days in february
3329,where did will arnett go to high school
3330,who raps in groove is in the heart
3331,repetitive dna at the end of a eukaryotic chromosome
3332,who wrote the song i've been everywhere
3333,what type of car was in back to the future
3334,what does post secondary education mean in usa
3335,who sings the song the sound of silence
3336,what was the purpose of the great exhibition of 1851
3337,where does the last name hoppe come from
3338,where does the last name robinson come from
3339,what is the meaning behind the name emily
3340,actress who plays jill on the young and the restless
3341,what is the control centre of a cell
3342,what type of fluid is in a zippo
3343,where was the mona lisa found after it was stolen
3344,where did the phrase keeping up with the joneses come from
3345,what happened to the binoculars on the titanic
3346,is rocket league on xbox one 2 player
3347,when does season 7 of my little pony come out
3348,who played jason grimshaw's dad in corrie
3349,what is the name of the time zone for london
3350,who started the women's suffrage movement in canada
3351,who plays the russian in agents of shield
3352,where does the stimulus for muscle contraction normally originate in the body
3353,where is the parathyroid located in the human body
3354,is it over the rainbow or somewhere over the rainbow
3355,when did the pilgrims first land in america
3356,the first organization that helped promote european economic cooperation was founded in 1951 as the
3357,when does the next football world cup start
3358,who played arthur in legend of the sword
3359,where was the hudson bay company first located
3360,how does the lens of the eye change shape
3361,where is the bridge of sighs located in venice
3362,who established the first colonial settlement along the ouachita river and what was it called
3363,who did kanu won the champions league with
3364,which layer of the osi model is responsible for end-to-end data transmission and error recovery
3365,who played the creature in the movie predator
3366,scott pilgrim vs the world what is it about
3367,where does carbon dioxide come from for drinks
3368,how long has team figure skating been an olympic sport
3369,why is pretoria the capital of south africa
3370,who killed the cop killer in the mentalist
3371,the court has based the right to privacy on
3372,where is the scrotum located on a man
3373,according to keynesian economics what can the government do to prevent recessions
3374,when do you cut the rosca de reyes
3375,when did the british first use gas in ww1
3376,where is the palace of versailles in paris
3377,who has founded indian national congress in year 1885
3378,where are the strongest winds in a hurricane found
3379,who was the girl who played judy on leave it to beaver
3380,whats the difference between a jungle and a rain forest
3381,where is dawsons creek supposed to take place
3382,where is the volcanic mountain mount saint helens located
3383,how much does it cost to raise the costa concordia
3384,what is the most toxic substance to humans
3385,what is the meaning of the name pankaj
3386,who created the systemic classification of plants and life giving species its modern definition
3387,who was the first president of united state of america
3388,who signed the 1900 buganda agreement on behalf of buganda
3389,is there a new x-men movie in the works
3390,when did the military start using the humvee
3391,what is the habitat of a pine marten
3392,who is the creator of howl moving castle
3393,where does the term government cheese come from
3394,who played big momma in cat on a hot tin roof
3395,what groups of workers did the knights of labor represent
3396,when did season 1 of this is us start
3397,the island of arguim was used by the portuguese as a
3398,what conference is ohio state in for football
3399,when did cape breton become part of nova scotia
3400,how did the british punish the colonists after the boston tea party
3401,what fraction of congress must approve an amendment
3402,where is the taj mahal situated and who built it
3403,where is the porcelain tower of nanjing located
3404,why is hydrogen gas impractical to use as fuel for most energy needs
3405,who told umbridge about dumbledore's army in the book
3406,who was sultan of delhi when timur attack on delhi
3407,which is the leading state in india in ship breaking industry
3408,who has the most discretion in the criminal justice system
3409,what is the theme of oh the places you ll go
3410,where did the phrase god bless you originate
3411,why did japan attack the us in world war ii
3412,where does the show the flash take place
3413,when did they stop making the wheat penny
3414,who was involved in the battle of little big horn
3415,who was associated with visual representation of nationalism
3416,where was the first miniature golf course built
3417,what causes the motion of the sun throughout the day
3418,who was elected president of chile in january 2006
3419,when were subs first used in english football
3420,who does the world war 2 memorial honor
3421,who sings new york city with the chainsmokers
3422,in which year goa had become a part of india
3423,real name of gwen stacy in amazing spiderman
3424,what kind of animals live in a nest known as dre's
3425,what kind of paper is the huffington post
3426,what is the song rocky mountain way about
3427,who plays sheldon's mom in big bang theory
3428,the simpsons all you can eat seafood episode
3429,when's the next resident evil coming out
3430,where are the bavarian alps located in germany
3431,when did the stock market start in the united states
3432,who plays kimmy in the unbreakable kimmy schmidt
3433,who wrote the song south of the border
3434,how many innings must be played for a baseball game to count
3435,good intentions pave the way to hell ozzy
3436,who sang the song she wears my ring
3437,what is the name of the chicago airport
3438,who is known as the father of gospel music
3439,who is the only non elected executive official in the texas state government
3440,where does samwell tarly go to become a maester
3441,where do black and white cats come from
3442,when are itemized deductions used in computing taxable income
3443,when is the outlaw king released on netflix
3444,when did nato forces take command in afghanistan
3445,who is julie having an affair with on desperate housewives
3446,where's the heart located in the human body
3447,how long can an elephant seal hold its breath
3448,the hadean is a time in earth history when
3449,who was the boy in the never ending story
3450,who is the strongest man that ever lived
3451,where does the name mandarin orange come from
3452,who is sarah's baby's dad in corrie
3453,what year did the chevrolet camaro come out
3454,what kind of cable does verizon fios use
3455,what were the two opposing sides in china's civil war
3456,during the civil war who won the battle of gettysburg
3457,who sings the song now we are free
3458,all of the lord of the ring movies
3459,when was the twin lens reflex camera invented
3460,how many binding sites for atp are there in pfk
3461,where is the airplane that landed in the hudson
3462,is the bugatti veyron the fastest car in the world
3463,when was five nights at freddy's 1 made
3464,when did the united farm workers union start
3465,who were the 3 presidents that died on july 4th
3466,who do you meet at the pearly gates
3467,how many times has the houston astros won the world series in the team’s history
3468,where does ash work in army of darkness
3469,who is in foo fighters run music video
3470,who played the first black president in a movie
3471,when is the british open played this year
3472,who is the protagonist in harry potter and the cursed child
3473,who plays brick on tv show the middle
3474,what religion is most common in africa south of the sahara desert
3475,when was the tower of london last used as a prison
3476,where is the soundview section of the bronx
3477,the french gained control of louisiana because they
3478,who has power to declare war in the united states
3479,when was the first guru granth sahib written
3480,where did black friday get its name from
3481,who played the daughter in everybody loves raymond
3482,when did the 5th harry potter book come out
3483,how old is tiffany from eastenders in real life
3484,what is the most common form of democratic government
3485,when was the last time the draft was used
3486,where is liberia costa rica located on a map
3487,are office depot and staples the same company
3488,where can a hospital corpsman be stationed at
3489,how many have won the million on who wants to be a millionaire uk
3490,who are the hosts of sunday nfl countdown
3491,the fundamentals of caring what happened to bens son
3492,where does the book the color purple take place
3493,what does a hospital corpsman do in the navy
3494,which french city is world famous for the fashion industry
3495,location of the nile river on a map
3496,jersey shore family vacation how long are they in miami
3497,who does mrs puff's voice on spongebob
3498,who does the voices in a way out
3499,who is known as the father of toxicology
3500,when did the first colonists settle in america
3501,when was the hebrew bible translated into greek
3502,do they die in war of the roses
3503,how did the mission of kirtland air force base change as it teamed up with the manhattan project
3504,where is the plane joint located in the body
3505,what is the last movie of jason bourne
3506,how big is gilead in the handmaid's tale
3507,the decreased food consumption noted with anorexia can lead to
3508,who won the battle between poras and sikander
3509,the galapagos islands are located 900 km off the coast of
3510,where does the story to kill a mockingbird take place
3511,when did the first bacteria appear on earth
3512,what is a homestead exemption on property taxes
3513,how many episodes are there of gavin and stacey
3514,who won the pikes peak hill climb this year
3515,do you need to own a gun to go to a shooting range
3516,when do anchoring filaments open spaces between endothelial cells in lymph capillaries
3517,is rainbow six siege a two player game
3518,who is the president of india when nuclear tested
3519,how many generals does the united states have
3520,where is new year's eve celebrated first
3521,what do you mean by actors in use case methodology
3522,who were the musicians in the travelling wilburys
3523,who led the war for the union in the west brainly
3524,when was the pantheon converted into a church
3525,• what date did congress authorize the establishment of a medical service
3526,who holds the record for most rebounds in college basketball
3527,how do the british elect a prime minister
3528,patch and kayla on days of our lives
3529,what type of music does mac demarco make
3530,where is the prix de l'arc de triomphe run
3531,what is full form of casa in banking
3532,where does the name linkin park come from
3533,everything within the state nothing outside the state
3534,when does juatice league come out on dvd
3535,in which form the input was fed into tabulating machines
3536,thank god it's friday expression based casual restaurant
3537,who was the painter who cut his ear
3538,who organized the native resistance to the british
3539,what does whitney port do for a living
3540,what is the age limit to buy alcohol
3541,what is the height of the space needle
3542,where is the southern alps on a map
3543,what are the 11 main islands of the philippines
3544,when was the united states formed as a country
3545,what is the original name of south africa
3546,when did snowboarding first appear in the winter olympics
3547,only indian state to have its own flag
3548,where is the rock n roll hall of fame located
3549,when did the song lean on me come out
3550,explain the behavior and activity of a retreating glacier
3551,when was the last time virginia won the acc championship
3552,how tall is an average point guard in the nba
3553,what does the name marissa mean in french
3554,what is the role of the monarchy in uk
3555,when does johnny english strikes again come out
3556,who has given the concept of positive liberty
3557,who sang i want to talk about me
3558,countries that don't need visa to enter australia
3559,how many goals had messi scored in world cup
3560,where do we get our days of the week from
3561,is it legal to smoke weed in egypt
3562,why is the nucleus called the control center of the cell
3563,what were the names of the two towers
3564,when was the last juvenile executed in the us
3565,why does luke have the last name skywalker
3566,how much of the world did the british empire own
3567,who played jane williams in a bronx tale
3568,who sang the song if i were a boy
3569,the most significant cause of the french revolution was
3570,when does 13 reasoms why season 2 come out
3571,who wrote the song flight of the bumblebee
3572,is a series of unfortunate events based on a real story
3573,what types of products are formed when fuels undergo oxidation
3574,where did they film chitty chitty bang bang
3575,where was a girl walks alone at night filmed
3576,dc legends of tomorrow crisis on earth x
3577,when did the first vogue magazine come out
3578,when does season 4 of wags la start
3579,what is the name of the brazilian national anthem
3580,what happens at the end of the raven by edgar allan poe
3581,where did the canadian pacific railway start and end
3582,what caliber do they use in the biathlon in the olympics
3583,where does a microchip go on a dog
3584,when did pirates of the caribbean ride open at disney world
3585,where does the x files movie fit into the series
3586,who had the right to vote after 1884
3587,is the easy to read version of the bible accurate
3588,when was the first wind farm built in ireland
3589,what is the normal range for oral temperature
3590,what was the last time someone walked on the moon
3591,who played jazz in fresh prince of bel air
3592,which star wars movie does boba fett die in
3593,grand prairie armed forces reserve complex grand prairie tx 75051
3594,how much does it cost to get a turkish passport
3595,what type of blood is considered the universal donor
3596,who sang with elton john don't go breaking my heart
3597,who said nothing short of state is the actualization of freedom
3598,who has the highest reported iq in history
3599,who serves as president of the senate in his absence
3600,where is nigeria located in the map of africa
3601,who did the united states declare independence from
3602,who is the passport issuing authority in india
3603,what's the purpose of the second amendment
3604,who did puss and boots grew up with in the orphanage
3605,who sings the song beth i hear you calling
3606,what is the old english meaning of lent
3607,when did european settlers first come to canada
3608,where was the first night baseball game played
3609,where do i plug in xbox 360 controller
3610,where do they played the us open tennis
3611,what happened at the beginning of world war 1
3612,what is the uk equivalent of a highschool diploma
3613,who signed into law the expansion of the medicare prescription benefit
3614,the wachau valley is noted for its production of what product
3615,what form of government does the dominican republic have
3616,political scientists use the term iron triangle to refer to the
3617,what's the name of the bird on snoopy
3618,what does the name nikita mean in russian
3619,title of the english teacher by rk narayan
3620,who is langley air force base named for
3621,who passed the civil rights act of 1964
3622,difference between free trade zone and foreign trade zone
3623,which outdoor adventurer’s heaven is the deepest gorge in north america
3624,who does the voice of loretta on family guy
3625,who said the whole is greater than the sum
3626,where is the world's largest tidal range found
3627,who plays nichols in orange is the new black
3628,how long does the canadian prime minister serve
3629,where did the incas live in south america
3630,who plays the red queen in resident evil
3631,three types of cones that enable color vision
3632,who sang ain't no rest for the wicked
3633,who is the voice of snowball in stuart little
3634,how often do they play for the world cup
3635,can you drink alcohol in public in denmark
3636,what happened to the german emperor in november 1918
3637,where does british columbia get its oil from
3638,who coined the term atom and what does it mean
3639,who's the actor that plays freddy krueger
3640,man who ran over pedestrians in new york
3641,who invented the first computer and in what year
3642,what is meant by the term duty of care in a care home
3643,where was surplus grain stored in indus valley cities
3644,what is the national debt of the usa
3645,what were the main events in the eureka stockade
3646,when was the anti lock braking system invented
3647,who sang maria's part in west side story
3648,guy that plays the joker in suicide squad
3649,when does legends of the fall take place
3650,why would a recrystallization need to be done
3651,who played the role of indian jones in the movie series
3652,who does calvin kill in paid in full
3653,musicians who were permanently employed at royal courts were called
3654,when did rome split into east and west empires
3655,what is the main language spoken in laos
3656,who owns the letters of the hollywood sign
3657,who were the original settlers of new york
3658,voyage of the dawn treader song at end
3659,where was love will tear us apart filmed
3660,who plays the spanish girl in orange is the new black
3661,where do the books end in game of thrones
3662,who set up the deseret community in utah
3663,where did they film the lawrence welk show
3664,when was coal first mined in the uk
3665,when did the 1906 earthquake happen in san francisco
3666,who added for thine is the kingdom to the lord's prayer
3667,how many episodes are in the second season of stranger things
3668,what is a valid national id card uk
3669,where was the movie dawn of the dead filmed
3670,when did the bad news bears come out
3671,the nokia 8 is built on which qualcomm mobile platform
3672,who is hosting who wants to be a millionaire
3673,where did the baby come from in lois and clark
3674,who wrote i shot the sheriff bob dylan
3675,when did the 21st century start and when will it end
3676,where will 2018 champions league final be played
3677,who was the only female prime minister of canada
3678,hoolok gibbon is the only spices of which animal found in india
3679,where can i not open carry in nc
3680,when does love simon come out to dvd
3681,how long is mandatory military service in thailand
3682,how many rooms in the houses of parliament
3683,where do we use carbon zinc batteries today
3684,who wrote the song picture sung by kid rock
3685,who got the us involved in the vietnam war
3686,forces that informed the growth of african literature
3687,the longest of the state constitutions in total words is the state of
3688,who sings the song a girl like you
3689,when is fortnite battle royale being released on android
3690,what was the first nike air max shoe
3691,what do the letters ms in msnbc stand for
3692,what is the value of pie in fraction
3693,who plays tim mcgee's girlfriend on ncis
3694,who plays j j on days of our lives
3695,where is couples retreat filmed at what resort
3696,the constituent assembly of india completed its work in
3697,how to put a car on two wheels
3698,how do you spell lindsey for a girl
3699,what is the voltage drop across an led
3700,who declared uganda a british protectorate in 1894
3701,who has been awarded the most honorary degrees
3702,where did the term hat trick come from in hockey
3703,what date was the earthquake in santa cruz california
3704,in the arms of an angel song in movie
3705,when did the federal government first adopt an income tax
3706,when does a child develop long term memory
3707,when did the maple leaf become the canadian flag
3708,what hymn did they play on the titanic
3709,who plays sarah in cheaper by the dozen
3710,when was death is nothing at all written
3711,the aids memorial quilt is an example of quizlet
3712,what was happening in england when the westminster confession was being drafted
3713,what is the meaning of raj mistri in english
3714,how many countries qualify for the world cup in europe
3715,where are hogs and pigs raised in the world
3716,what are the components of the nucleus of an atom
3717,is there an airport on martha's vineyard
3718,who is the geologist on big bang theory
3719,where did it's a wonderful life take place
3720,which egyptian god was bitten by a snake
3721,who is the actor that plays howard on big bang theory
3722,what financial year are we in in australia
3723,who introduced the concept of reinforcement into behaviorism
3724,who is the narrator in tell tale heart
3725,who takes part in president election in india
3726,what is found in the earth's crust
3727,which division of the nervous system consists of the brain spinal cord and optic nerves
3728,who played the guitar solo on my sharona
3729,where does naruto ultimate ninja storm 4 start
3730,when was whose line is it anyway cancelled
3731,where does the ontario trillium foundation get its money
3732,who does christian belong to on young and the restless
3733,how many shipwrecks are there in the great lakes
3734,when did they start naming the days of the week
3735,what is the name of the governor of new jersey
3736,where does the term bear market originate from
3737,the real story behind in the air tonight
3738,what season does elena become a vampire in the vampire diaries
3739,how many season of once upon a time on netflix
3740,who was the sultan of delhi when the taimur invaded the city
3741,what does tsi mean on a jeep grand cherokee
3742,how many teams make the division 3 football playoffs
3743,who wrote the book of 1&2 kings
3744,who came second in the xfactor in 2009
3745,when did we start using the christian calendar
3746,who plays stifler's mom in american pie
3747,when did the us break away from england
3748,who played the piano on life on mars
3749,who drives the home depot car in nascar
3750,where did the light between oceans take place
3751,who was the announcer on price is right
3752,who said man is the measure of all things
3753,what is the difference between sarcolemma and sarcoplasmic reticulum
3754,when is season 5 of the originals coming on
3755,what was the first official white house car
3756,who plays the sheriff in sons of anarchy
3757,where are the ruby slippers from wizard of oz
3758,h2r kawasaki is it a supercharger or turbo
3759,when did the orthodox church split from the catholic church
3760,who sang to know you is to love you
3761,who built the first automobile in the world
3762,when does donkey kong country tropical freeze come out
3763,can you get a concealed carry permit in nyc
3764,who plays charlotte york in sex and the city
3765,who wins i love new york season 2
3766,what were the names of the giants in the bible
3767,who sings with pink just give me a reason
3768,where does the song sweet chariot come from
3769,who wrote the constitution in its final form
3770,where did they vacation in me before you
3771,a node in the moon's orbit is where the moon's path crosses the
3772,when was the first refrigerator invented and by whom
3773,what does the colours on the canadian flag mean
3774,who had a hit with help me make it through the night
3775,what casino did hard rock take over in ac
3776,what are red blood cells and what do they do
3777,who did peter kay sing with on the late late show
3778,what is andy murray's world ranking now
3779,what does the choanocyte do in a sponge
3780,when did mega millions go to 70 numbers
3781,who plays sydney driscoll in pretty little liars
3782,when do you have the right to remain silent
3783,who sang the song when i think about you i touch myself
3784,who played melinda gordon's mother on ghost whisperer
3785,where does the tip of a picc line end
3786,who did ashley marry in gone with the wind
3787,who is the hawaiian who sings somewhere over the rainbow
3788,who originally sang don't think twice it's alright
3789,who wrote pack up your troubles in your old kit bag
3790,when did the supreme court hand down the brown v. board of education ruling
3791,why is the advent wreath in a circle
3792,who does jim end up with in the office
3793,what incident lead to the downfall of the knights of labor
3794,who sang the sweet victory song on spongebob
3795,what is the difference between a barium swallow and an upper gi
3796,what gives congress the right to make all laws necessary and proper
3797,who died in the plane crash in grey's anatomy
3798,which european country was the first to start trade with india
3799,who hold the record for fastest century in one day cricket
3800,where were the ancient olympics held in greece
3801,who founded google where was it founded what year was it founded
3802,what part of iceland is in the arctic circle
3803,what's the top speed of the kia stinger
3804,who plays kevin on the young and restless
3805,who played robin on how i met your mother
3806,when did the republican party gain support in the north and midwest
3807,what does it mean to rotate the tires
3808,most of the earth's fresh water is found in
3809,what is the current name of the country of siam
3810,when does the general assembly meet each year
3811,where does a golfer take his first stroke from
3812,when does the dc metro start in the morning
3813,who used to be on the cbs evening news
3814,who is the actress that played kimmy gibbler on full house
3815,what is the furthest point from the sea in the uk
3816,where did they film dan in real life
3817,who did kansas city royals play in the world series
3818,who did abraham marry after the death of sarah
3819,who sang it's hard out here for a pimp
3820,who wrote the song i drive your truck
3821,max number of moves to solve rubik's cube
3822,where did the saying speak of the devil come from
3823,at which canadian arena was duran duran's video for the reflex filmed
3824,who discovered the golgi body in a cell
3825,who does howard's mother's voice on the big bang
3826,who won the most national championships in football
3827,who is the book of wisdom attributed to
3828,what part of the world is asia minor
3829,what are the four major bowls in college football
3830,who became ceo of it company vipro in 2016
3831,what does the word sin mean in hebrew and greek
3832,when was the first crew cab truck made
3833,who is the author of the spiderwick chronicles
3834,who has the most fan following on instagram
3835,when did america gain independence from the british empire
3836,who sings youre gonna miss me when im gone
3837,formation of the ina was the result of the great efforts made by
3838,when did mississippi become part of the united states
3839,when was the movie comes a horseman made
3840,when is a baseball pitched at its fastest
3841,one of the major functions of the large intestine is the
3842,who all dies in season 3 of soa
3843,where does the phrase whole ball of wax come from
3844,​which of the following is a feature of the electron transport chain
3845,when did the cassini spacecraft arrived at saturn
3846,last time england was in the semi finals world cup
3847,what was the basis of conflict between spain and cuba in the 1890s
3848,who kicked the longest field goal at heinz field
3849,what was the status of england as it began colonization
3850,where does little shop of horrors take place
3851,where does pollen come from in a flower
3852,why does the federal government monitors and regulates american banks
3853,what is the cleveland browns record for 2017
3854,what breed was the turner and hooch dog
3855,a solution of ammonia nh3 in water is
3856,who plays jemma simmons on agents of shield
3857,when does saul goodman first appear in breaking bad
3858,when did hurricane irene hit the united states
3859,how many stanzas are in the poem fire and ice
3860,who plays the predator in the movie predator
3861,what happened to cruise ship costa concordia captain
3862,when does the human blastocyst implant in the wall of the uterus
3863,when do the new episodes of supergirl start
3864,what does the o in o2 stand for
3865,in which layer of the intestine does most chemical digestion take place
3866,when did the civil war end in sierra leone
3867,who can certify documents in the united states
3868,who win three time nobel prize for peace
3869,who is awarded the orange cap in ipl twenty20 tournament
3870,who won the 1971 war between india and pakistan
3871,who wrote the plaque on the statue of liberty
3872,what is the purpose of the nsa surveillance program
3873,glass blowing is a technique that dates from roman times
3874,when considering 'abusive head trauma' (aht) what is the classic triad of symptoms
3875,who is winner in bigg boss season 5 kannada
3876,what is the cure to the bubonic plague
3877,who plays noah flynn in the kissin booth
3878,which wwe wrestler killed his family and himself
3879,who wrote the book of ezra in the holy bible
3880,who used to identify themselves through a coat of arms
3881,where is the statue of hachiko the dog located
3882,what is the plot of god of war
3883,the person to whom the infectious agent is passed is
3884,who played the main character in fiddler on the roof
3885,who was the last person to be hanged in england
3886,in what year does the novel brave new world take place
3887,name two laws that were passed as part of the great society
3888,who play the role of kattappa in bahubali
3889,when was the first episode of the simpsons aired
3890,who played trillian in hitchhiker's guide to the galaxy
3891,what is the purpose of intercalated discs in cardiac muscle
3892,why is the grizzly bear california state animal
3893,when does joffrey die in the game of thrones
3894,the heart of the sea is it a true story
3895,when and where did the revival of the olympics take place
3896,where did the catholic social teaching come from
3897,how many chapters are there in bhagavad gita
3898,what is pepper's real name from iron man
3899,who sings i want to kiss you in the morning
3900,when did jason put on the hockey mask
3901,when does will gardner die in the good wife
3902,how many official languages are there in switzerland
3903,do you need a concealed carry license in missouri
3904,what is the omnibus crime control and safe streets act of 1968
3905,what is a cabinet in the us government
3906,what is the purpose of the united nations charter
3907,what connects the two halves of the cerebral cortex
3908,who sang the songs in coal miner's daughter
3909,in meet the fockers is jorge greg son
3910,difference between freedom of peaceful assembly and association
3911,what year did pancho and lefty come out
3912,where is mount aconcagua located on a map
3913,in quebec which bill of rights takes precedence that of quebec or that of canada
3914,a disorder in infants that is associated with inadequate intake of folate during pregnancy is
3915,who plays serena van der woodsen's father
3916,who said if you don't eat your meat
3917,when does america's next top model start in 2018
3918,who is expected to use the hydraulic jack
3919,everything you need to know about all quiet on the western front
3920,what protein does the hfe gene code for
3921,what occurs when there are limited resources but unlimited wants and needs
3922,state with lowest female literacy rate in india 2011
3923,is once upon a time having a season 7
3924,when does hurricane season start in the pacific
3925,where does the phrase creme dela creme come from
3926,is mount horeb and mount sinai the same place
3927,who owns most of the a&w restaurants across canada
3928,who played the actor thor in thor ragnarok
3929,when did we start putting shoes on horses
3930,where is the nfl hall of fame located
3931,when was the last episode of full house aired
3932,these is the area where your femur articulates with your pelvis
3933,who was an important figure in developing the strength of labor unions in the united states
3934,magma from a highly explosive volcano is very
3935,when does the nba regular season start in 2018
3936,when did scotland abolish the authority of the pope
3937,what is the function of the secret service
3938,what type of muscle is the digestive system
3939,who plays the little girl in return to oz
3940,what term defines the nonliving components of an ecosystem such as climate water and soil
3941,the primary colors of pigment are cyan yellow and magenta true or false
3942,who played general marshall in saving private ryan
3943,how to identify male and female in black ghost fish
3944,where is bohemia located on the world map
3945,who played kitty forman on that 70 show
3946,sediments produced by plants and animals in the sea called
3947,when is read dead redemption 2 coming out
3948,what landforms are found mostly in the southern part of indiana
3949,who can certify copies of documents in usa
3950,what is the cabinet of the united states
3951,who sang oh happy day in sister act 2
3952,when did the league of nations ceased to function as a viable organization
3953,who was james bond in original casino royale
3954,when did kliff kingsbury play for texas tech
3955,how many nfl football teams have won back to back super bowls
3956,when did new zealand change to decimal currency
3957,when was the letter j added to the english alphabet
3958,when did the buffalo bills became a team
3959,who sang the song come go with me
3960,who is a in pretty little liars mona
3961,who was on the plane the day the music died
3962,who takes over if canadian prime minister dies
3963,where are the head quarters of the national stock exchange situated
3964,where was the movie two mules for sister sara filmed
3965,who wrote the dark end of the street
3966,where does the name lyme disease come from
3967,in which country was a little night music set
3968,who played mrs buckminster on how i met your mother
3969,where is the balearic sea located on a map
3970,whats the difference between isbn 10 and isbn 13
3971,when did the second amendment go into effect
3972,who sings love grows where my rosemary grows
3973,who won control of the virginia house of delegates
3974,who went to the super bowl in 1999
3975,who developed the recovery model in mental health
3976,who is james talking to in the book of james
3977,when did the cavaliers win the nba championship
3978,when is the next thor 3 movie coming out
3979,where does the atp cp system take place
3980,who played mr. furley on three's company
3981,what country was the original builder of the panama canal
3982,the primary reason that a firm has an investment in working capital is to
3983,political economic socio-cultural and technological are four areas that make up a
3984,which side is the red light on a boat
3985,what is the work of a bio chemist
3986,how many somalis are there in the uk
3987,who sings the theme song to strike back
3988,how to write the date in canadian english
3989,red yellow and green flag with black star
3990,what actions were taken by the delegates at the convention of 1836
3991,who holds the longest note in a song
3992,is let me in the same as let the right one in
3993,which is a religious text of hinduism that means sitting near a teacher
3994,when did the showcase showdown start on the price is right
3995,who scored for southampton in the fa cup final
3996,when will season 2 attack on titan be dubbed
3997,where is the iberian peninsula located on a world map
3998,who does the voice of marlin from finding nemo
3999,does will smiths daughter play in i am legend
4000,how much did toto make in wizard of oz
4001,does tibby die in the sisterhood of the traveling pants
4002,where will the raiders stadium be built in vegas
4003,what is lead time in supply chain management
4004,what is the capital of bolivia in south america
4005,when do u start to get milk in the breast
4006,who plays governor conway in house of cards
4007,the view that god's imminent divine judgment and the end of the world is near is
4008,little stacks of disks that make up the thylakoid membrane system
4009,how do you get a purple heart in the marines
4010,where does the pygmy three toed sloth live
4011,what engine is in the audi r8 v10
4012,a glimpse into the mind of charles swan iii
4013,who developed a method to mass-produce steel in america
4014,where does mrs frisby and the rats of nimh take place
4015,when was a portrait of the artist as a young man written
4016,t.i. feat. rihanna - live your life
4017,who wrote the covenant of the league of nations
4018,who said god in his heaven all's right with the world
4019,when did the mesozoic era begin and end
4020,name of hannah's son in the bible
4021,who has won the most ncaa tournament championships
4022,what members of the community has the most power in the massachusetts bay colony
4023,who played clarabell the clown on howdy doody
4024,who is the pig voice in toy story
4025,who are entitled to maintenance under the hindu adoption and maintenance act 1956
4026,what is the average temperature in the winter in wisconsin
4027,when did trinidad and tobago gain its independence
4028,what countrys flag is black yellow and red
4029,what country is the first to see a new day
4030,what's the name of the cat in kiki's delivery service
4031,who is the actor who plays bucky barnes
4032,when did the atomic bomb drop on hiroshima and nagasaki
4033,when did the song i can only imagine get released
4034,who started the drip technique in art during abstract expressionism in the modern period
4035,when was the last time halley's comet came by
4036,where is the rough er located in a cell
4037,who do the romans cite as their ancestors
4038,what was the outcome of the may 19 turkish attack
4039,what dies ted stand for in ted talks
4040,where does the tradition of a wake come from
4041,are there dolphins in the st johns river
4042,what island in hawaii is the volcano active
4043,what are the two types of html editors
4044,where is the college football national championship 2018 being played
4045,who sings oh what a beautiful morning in oklahoma
4046,who wrote the song happy by pharrell williams
4047,who plays emily in the devil wears prada
4048,when did the lexus nx 300 come out
4049,where does the constitution discuss lame duck sessions
4050,what is the most viewed video on youtube in 24 hours
4051,last part of the lord of the rings
4052,how many times did india win hockey world cup
4053,where did everyone go in last man on earth
4054,who plays sheldons sister on big bang theory
4055,actress who starred in films including pretty woman and notting hill
4056,declaration of independence first or second continental congress
4057,where are black mambas found in south africa
4058,when did gears of war 1 come out
4059,in her tomb by the sounding sea poe
4060,what term describes bacteria that stains pink with gram stain
4061,who has won the most grammy awards in history
4062,when did the puritans arrive in new england
4063,who is the issuing authority for nigerian passport
4064,when was the last time georgia voted democrat
4065,who sang in the movie west side story
4066,what state is mount rushmore in south dakota
4067,what product or market does netflix deal with
4068,where was the movie just go with it filmed
4069,who sings the theme song on one tree hill season 8
4070,who sang the song take these broken wings
4071,where is the dancing on ice studio located
4072,where do you have to use afci breakers
4073,who is the new judge on american got talent
4074,who provides the funds for a loan guaranteed by the veterans' administration
4075,who did robert de niro play in godfather 2
4076,who wrote the lyrics to my fair lady
4077,when are the fa cup semi finals played
4078,who played steve mcgarrett in the original hawaii five o
4079,where is the secondary ossification center located in a long bone
4080,who sang it just the way it is
4081,when did they ban smoking in hospitals uk
4082,who is next in line for the throne of the united kingdom
4083,what the folds in a chefs hat mean
4084,the amendment process was included in the constitution in order to
4085,who collected the data used to describe the current model for the molecular structure of dna
4086,when is the third movie of maze runner coming out
4087,when did the first avengers movie come out
4088,when did the french give the united states the statue of liberty
4089,what is a type of mechanical wave motion in an elastic medium
4090,when was the first life insurance company established in the united states
4091,where is the blind spot in the eye located
4092,where did the indian independence movement take place
4093,who fought in the sri lankan civil war
4094,when was the song believer by imagine dragons made
4095,the failed 1961 us invasion of cuba us referred to as this
4096,who does ronaldo play for in 2018 world cup
4097,who got second on americas got talent 2017
4098,who won the ncaa basketball championship in 1990
4099,where is the choroid located in the eye
4100,when did the federal government get involved in education
4101,when did the bribery act come into force
4102,who wrote the score for avengers infinity war
4103,​a budget prepared by the president and submitted to congress is called the
4104,who played paul drake on perry mason show
4105,where was the movie finding father christmas filmed
4106,who sang the song can't live if living is without you
4107,what's the longest win streak in mlb
4108,when did kabbalah become most prominent within judaism
4109,the law of large numbers says that the mean outcome in many repetitions eventually gets close to
4110,what type of site is plenty of fish
4111,who is king george talking about in youll be back
4112,how is atp used for energy in the cell
4113,when and where did the harappan civilization flourished
4114,when do most schools go back after summer
4115,what does the french bit in partition mean
4116,where is new orleans on a us map
4117,who holds the longest field goal record in the nfl
4118,where is the cerebral spinal fluid created from
4119,who sings this is me from the greatest showman
4120,who plays ichabod crane in sleepy hollow on fox
4121,who pays the cost of deposit insurance with digcc
4122,how many episodes of she gotta have it
4123,where did the name chips ahoy come from
4124,what is the formula definition of the body mass index for adults
4125,where did the royal family live during ww2
4126,where does the movie love simon take place
4127,is big ben on the houses of parliament
4128,who is the actor that plays robbie rotten
4129,when was mary poppins supposed to take place
4130,when did the peak district became a national park
4131,does michael scott die at the end of the office
4132,when did the samsung galaxy s7 edge come out
4133,where are red blood cells found in the body
4134,ibm designed machine using what to store information in banking
4135,what is the meaning of the buffalo bills name
4136,who is the youngest world champion in wwe history
4137,when did libya give up its nuclear weapons
4138,who wrote if ever i would leave you
4139,who is present secretary general of the uno
4140,who did rose mciver play on once upon a time
4141,who does the voice for finn in adventure time
4142,what is the width and length of long island new york
4143,description of gale in the hunger games book
4144,when was the constitution of india finally signed by the members of the constituent assembly
4145,where is the ring of fire located in ontario
4146,clusters of differentiation (cd) molecules are important because they
4147,name one of winnie the pooh's friends
4148,what were the reasons for the launching of the non cooperation movement
4149,what is the name of the dog on the simpsons
4150,when was the first battle royale game made
4151,what is dribbling at the end of urination
4152,who wrote tis a gift to be simple
4153,who held the power in the articles of confederation
4154,where did painters perfect the technique of painting with an oil medium
4155,when is the nobel prize for literature awarded
4156,who has recorded how am i supposed to live without you
4157,who played george's girlfriend susan on seinfeld
4158,where was an independent arab state created after world war i
4159,where does the phrase tar heel come from
4160,list of characters of the guide by rk narayan
4161,when did great vowel shift happen in english what was its result in english sounds
4162,when was the rising of the moon written
4163,the financial crisis in the u.s. in 2009 was triggered by
4164,who sings if it ain't one thing it's another
4165,excise duty stamps of central govt. are printed in
4166,when was the castle in versailles ky built
4167,where was the quiet man filmed in ireland
4168,where is the waste management golf tournament held
4169,who wrote the book the godfather in 1969
4170,where was the first temple of jerusalem built
4171,the roots of romes leadership of the western church partially lie in
4172,who is the surfer who lost her arm
4173,who wrote speak to a girl by tim mcgraw
4174,when does the heart develop in a human fetus
4175,who wrote the prayer lord make me an instrument of your peace
4176,what does the rosenberg self esteem scale measure
4177,what is the most popular operating system for servers
4178,who played stefano dimera in days of our lives
4179,when is a chemical reaction considered to be a double displacement reaction
4180,who was just the two of us written for
4181,where is the nucleolus and what does it do
4182,when was the last time a category 4 hurricane hit florida
4183,who wrote spring can really hang you up the most
4184,where do they film wicked tuna outer banks
4185,who is the lead singer of pure prairie league
4186,what time is game of thrones based on
4187,when did greece become part of the roman empire
4188,what is an honorable discharge from the marines
4189,what does the black star in the ghana flag mean
4190,who married mr. wickham in pride and prejudice
4191,what year did the toyota 4runner come out
4192,who played professor sybil trelawney in harry potter
4193,how many fuel pumps does a car have
4194,who wrote the song down in the valley
4195,when was last time england got to quarter finals in world cup
4196,where did the right to remain silent come from
4197,tarzan the wonder car movie car real name
4198,who represented the constitutional union party in the election of 1860
4199,which was the first engineering college in india
4200,the most poisonous snake in the world wikipedia
4201,a person is in negative nitrogen balance during ____.​
4202,when did the emperor of japan lose power
4203,when are elections for the house of representatives held
4204,who coined the phrase survival of the fittest
4205,is marley a boy in marley and me
4206,is the summer solstice the first day of summer
4207,when does stefan get his humanity back season 3
4208,who was the original host of the apollo
4209,was ireland ever part of the united kingdom
4210,where does the money for birthright come from
4211,what is the law of the land in the united states
4212,where can i get an african grey parrot
4213,who discovered the titanic wreck site and when
4214,who were the leader of salt satyagraha movement at ankola
4215,what year did the christmas story come out
4216,when did sir alex ferguson leave manchester united
4217,where did the po boy sandwich originated from
4218,real madrid vs barcelona final copa del rey 2011
4219,who has the passing record in the nfl
4220,who plays reid's mom on criminal minds
4221,in the middle latitudes of the northern hemisphere on june 22 the sun
4222,where was return of a man called horse filmed
4223,degrassi next class season 4 netflix release date
4224,what part of the union jack represents wales
4225,when does harry find out he's a wizard
4226,main character in to kill a mockingbird book
4227,who declared sunday as holiday for the first time in the world
4228,when did the apple iphone 4 come out
4229,what does the winner get of america's got talent
4230,where was the first 4th of july parade
4231,what is the name of the band in the mos eisley cantina
4232,when is the second season of the messengers coming out
4233,where is star wars filmed the last jedi
4234,when is thanksgiving what day is thanksgiving on
4235,what is the state tax in puerto rico
4236,who landed on the moon for the first time
4237,who is credited with the discovery of the milky way
4238,where is super bowl 2018 being played this year
4239,a deep bath for ritual cleansing in judaism
4240,who is the prince of persia in the bible
4241,what does tpc stand for in tpc sawgrass
4242,what is the new living translation version of the bible
4243,where did they film the best exotic marigold hotel
4244,who played in how to train your dragon
4245,the world fastest roller coaster is in which country
4246,pretty little liars how did jenna go blind
4247,who's won the european cup the most times
4248,which tool requires an underlying operating system in order to create and manage virtual machines
4249,who wrote the song what's so funny bout peace love and understanding
4250,the organization that administers the certified internal auditor program is the
4251,who plays the voice of fix it felix
4252,who gave recognition to political parties in india
4253,what is the height of kathmandu from sea level
4254,who played mrs wolowitz on the big bang theory
4255,adventure time finale come along with me release date
4256,what does egr stand for on a diesel
4257,when did the golden age of athens start
4258,what do you meant by rectification in gis
4259,petrobas is the major oil company of what south american country
4260,what was the precursor to the office of personnel management
4261,when was the first wrinkle in time movie made
4262,who did michael kill at the end of the godfather
4263,what number is the next star wars movie
4264,where do goldfish come from in the wild
4265,when does the new movie justice league come out
4266,who is credited with collecting and codifying the chants of the medieval church
4267,what is meant by 0.05 level of significance
4268,how many judges are there in the united states supreme court
4269,why was the first harry potter title change
4270,the walking dead season 1 episode 3 synopsis
4271,where is the world cup final being played
4272,when was the game snakes and ladders invented
4273,who is washington addressing in the atlanta exposition
4274,who sings gonna be a heartache tonight
4275,which is the first company who defined risc architecture
4276,who made the game in pretty little liars
4277,who sang i just called to say i love you
4278,how many games are there in assassin's creed
4279,what famous american document represented many enlightened ideas about government
4280,when does spiderman a long way from home come out
4281,how big is indian economy in the world
4282,who is the actor that plays trevor on shameless
4283,who played charlie chan's number one son
4284,it is the exact date of arrival of the remaining fleet in sanlucar spain
4285,who played the shooter in boyz in the hood
4286,who is the guy on the cover of you've come a long way baby
4287,what movie is the song diary of jane in
4288,rome is the capital city of italy true false
4289,when does season 13 come out for supernatural
4290,where will the summer 2020 olympics be held
4291,how do you know if a book is a bestseller
4292,where is the taklimakan desert located on a map of china
4293,meaning of the idiom blood is thicker than water
4294,where do they film orange is the new black
4295,when was the first high school chapter chartered for fbla
4296,who was the us president when hiroshima was bombed
4297,ct is produced by which cells of the thyroid gland
4298,when was hobbit and lord of the rings written
4299,where does the australian funnel web spider live
4300,who plays diaz in orange is the new black
4301,why did liverpool grow as an urban area
4302,where is the biggest railway station in india
4303,who was buried in the mausoleum of halicarnassus
4304,when was the elf on the shelf movie made
4305,where does the energy in a lipid come from
4306,who plays belle's voice in beauty and the beast
4307,as of today pi has been calculated out to how many digits
4308,when does the lego ninjago movie videogame come out
4309,where does the place on wheels train run
4310,who wrote the book of mark in bible
4311,when were cell phones made available to the public
4312,the waxy substance secreted by glands in the ear is
4313,a deficit in a country's current account means that
4314,who plays the black fairy in once upon a time
4315,who sings it don't matter to me
4316,who does rick grimes talk to on the phone
4317,who is nate's father on the young and restless
4318,who sang the song hey there lonely girl
4319,is there a follow up to 10 cloverfield lane
4320,when does the flu season begin and end
4321,who has the record for most jeopardy wins
4322,how much did mgm national harbor cost to build
4323,what song did bobby brown sing in ghostbusters
4324,this is us season 1 has how many episodes
4325,what species of plant can be found in the great thar desert
4326,when does jystice league come out on dvd
4327,what was the german army called in ww1
4328,who is the authorized signature on a cashiers check
4329,george melies directed a trip to the moon in 1902 but his profession was what
4330,what is the official sidearm of the us army
4331,when did the last workhouse close in london
4332,mr. whipple don't squeeze the charmin commercial
4333,who played tonto in the lone ranger tv series
4334,who has won the mens singles french open tennis tournament 2018
4335,who sings all i can think about is getting you home
4336,when was the last time the packers were in the superbowl
4337,who is the actor that plays nick fury
4338,has any scottish team won back to back trebles
4339,where are the rocky mountains located on a map
4340,who owns the national sports center in blaine
4341,who were the original members of signature sound
4342,you never even call me by my name meaning
4343,when did humans first settle in new zealand
4344,where did the name new york mets come from
4345,where does the rodriguez last name come from
4346,who is the chairman of human rights commission
4347,who's going to be the new president of mexico
4348,actress who plays dr obrecht on general hospital
4349,where is mary and the witch's flower set
4350,who stands guard at the tomb of the unknown soldier
4351,body of water around the statue of liberty
4352,what book in the bible are the 10 commandments
4353,who is notre dame de paris dedicated to
4354,what is the area code in puerto rico
4355,who plays king richard in the white queen
4356,where is your torso located on your body
4357,who played the father in father of the bride
4358,where do i find the url of a website
4359,who owns the car jfk was shot in
4360,when is the new power rangers coming out
4361,why do we have to have leap years
4362,who plays jason the investigator on the good wife
4363,who was the pledge of allegiance written for
4364,who dies in four weddings and a funeral
4365,when does american horror story the apocalypse start
4366,the idea that all living cells come from preexisting living cells was proposed by
4367,when did the city core of london that you see today get established and why
4368,when did they stop making the ford crown victoria
4369,when do you use a crossover ethernet cable
4370,who is the girl in when i'm gone
4371,when do you get the youtube play button
4372,who sang paved paradise put up a parking lot
4373,annie liebovitz is known for her photographs in which area
4374,why did they kill the dad in 8 simple rules
4375,how old do you have to be to conceal carry in washington
4376,what is the movie spirited away based on
4377,what is included in the us defense budget
4378,who played graham in once upon a time
4379,how long is the ferry ride from cape may to lewes
4380,what makes agar a good support for microbial growth
4381,who plays alice in alice in wonderland 2016
4382,who won australia's next top model season 9
4383,what does ground state of an electron mean
4384,how did the elephant & castle get its name
4385,when did the incredibles come out in theaters
4386,what is the difference between determinate and indeterminate growth
4387,in the fundamentals of caring what happened to ben's son
4388,how many state owned enterprises in south africa
4389,where is the us open tennis tournament played
4390,what happened to job's daughters in the bible
4391,when did rolls royce start making plane engines
4392,when does 300 rise of an empire take place
4393,why did the bullets change their name to the wizards
4394,how old is a 14.5 year old dog
4395,who plays aragorn in the lord of the rings movies
4396,when was the dogma of immaculate conception proclaimed
4397,when did china transition to a market economy
4398,what is the theme song to the munsters
4399,where does hello darkness my old friend come from
4400,the supreme court finally addressed the constitutionality of school voucher programs in
4401,when did the retail motor industry products come into fsa (fca) scope
4402,who sings i think i'll just stay here and drink
4403,where did horses come from in the united states
4404,who wrote have i told you that i love you
4405,when did the movie lady and the tramp come out
4406,where did propublica's start up money come from
4407,where do the portuguese man of war live
4408,ancient mathematics book shiva sutra was written by
4409,who was the original singer of i swear
4410,where was momma mia here we go again filmed
4411,which country in europe has the highest birth rate
4412,who sings don't hand me no lines and keep your hands to yourself
4413,who is the announcer on saturday night live
4414,where is pineapple grown in the united states
4415,what does cinco de mayo mean in mexico
4416,where do the french and indian war take place
4417,how does the curse of sleeping beauty end
4418,how many membranes do gram negative bacteria have
4419,who designed the holocaust museum in washington dc
4420,who played little meggie in the thorn birds
4421,who quoted speak softly and carry a big stick
4422,what is the poem ode on a grecian urn about
4423,what was the first battle of the texas revolution
4424,who sings i want to know have you ever seen the rain
4425,who is the vice president of the us 2017
4426,who has the most triple doubles in nba history
4427,where is wheat grown in the united states
4428,who played rachel's sister amy on friends
4429,who is the guy who does thug notes
4430,who sings the theme song for laverne & shirley
4431,what ship was cher on in the video if i could turn back time
4432,how many episodes of westworld are in season 1
4433,who plays joe caputo on orange is the new black
4434,where is the virgin islands located on the map
4435,where is the north sea located on a map
4436,who played the old couple in the notebook
4437,the count of monte cristo takes place in
4438,who plays the girl in the 5th wave
4439,what kind of battery does kindle fire have
4440,what was the main purpose of the yom kippur war
4441,is the 49ers in the afc or nfc
4442,what conditions are typical of high pressure cells in the northern hemisphere
4443,who gets the toys from toys for tots
4444,how did great smoky mountains get its name
4445,what was the cause of the space shuttle challenger disaster
4446,when did photo driving licences start in uk
4447,who is in line for the royal throne
4448,who killed joffrey in game of thrones tv
4449,whats the demons name from truth or dare
4450,who has the most home runs in mlb all time
4451,where did the expression jim crow come from
4452,who lips are at the beginning of rocky horror
4453,when was captain america the winter soldier released
4454,where did they film pirates of the caribbean on stranger tides
4455,when do they find out freddie died skins
4456,what is emily last name in a rose for emily
4457,what material comprises the cell wall of plants
4458,american writer whose novels include the age of innocence
4459,who painted the trees in the oma valley of biscay spain
4460,who voices finn the human in adventure time
4461,when was i heard it through the grapevine released
4462,who is kanye west talking about in homecoming
4463,when did hitchhikers guide to the galaxy come out
4464,where have the detroit pistons played the last 40 years
4465,which replaced the original waldorf astoria building in new york in 1931
4466,what happened to the orangutan in every which way but loose
4467,who was involved in the 7 years war
4468,what is the official name of switzerland answers
4469,when is the main meal of the day traditionally served in italy
4470,when did andrew carnegie wrote the gospel of wealth
4471,who sings broken halos that used to fly
4472,most points scored by single player in nba
4473,where did the saying see a man about a horse come from
4474,where does the superior vena cava carry blood to
4475,who sits in the front row at the white house press briefing
4476,what does the bible say about my cup runneth over
4477,how many times has jennifer lawrence been nominated for an oscar
4478,what is the difference between internal and external links
4479,who elect the chief election commissioner of india
4480,are pampers and luvs made by the same company
4481,who sang the original who's loving you
4482,the tetrameric hemoglobin is responsible for oxygen transport in the
4483,who played jabba the hutt in the original star wars
4484,who plays bart in i can only imagine movie
4485,who plays armin in attack on titan dubbed
4486,what is finite element analysis in structural engineering
4487,who does the voice of mrs wolowitz now
4488,when was the last time the bucs won the super bowl
4489,who made the infamous raid at harper's ferry in 1859
4490,who sang i will do anything for love
4491,when did the uss maine arrive in havana harbor
4492,who played wonder woman's mother on the tv series
4493,zoroastrianism introduced several religious concepts that were eventually incorporated into
4494,where did the band deep purple get their name
4495,who played ivan on days of our lives
4496,who is known as architect of modern india
4497,do rachel and ross end up together in friends
4498,who played the lone ranger on the radio
4499,the word technology was coined by who in the 1820’s
4500,what was the vector of the bubonic plague
4501,how many komodo dragons are there in the wild
4502,when did the disney movie cinderella come out
4503,when did the first spider man movie come out
4504,who is considered the mother of philippine folklore
4505,how did the god particle get its name
4506,when was the first ever mcdonald's opened
4507,who explored the east coast of north america for the netherlands
4508,sarah mclachlan arms of an angel lyrics meaning
4509,where are they building the new warriors stadium
4510,who won the second battle of the marne
4511,what is the shape of an eraser called
4512,who played karen in married to the mob
4513,when did home economics become family and consumer sciences fccla
4514,what is the book of obadiah talking about
4515,who plays penny on the big bang theory
4516,when was the crow and the pitcher written
4517,who is the famous coach in facing the giants
4518,when did the first it mivie come out
4519,what was the another name for masuli patnam
4520,where did the name nags head come from
4521,who was involved in the battle of appomattox court house
4522,where does the phrase good stuff maynard come from
4523,who sings all my exs live in texas
4524,what is the address of the new apple campus
4525,does the original xbox need a memory card
4526,who is the white house staff mostly made up of
4527,nurse's real name in romeo and juliet
4528,what is the legal age to drink in kansas
4529,when does the land of stories take place
4530,where did the idea of piercings come from
4531,who played duncan on as the world turns
4532,who is the minister of defence of uganda
4533,who is the guy that makes daredevils suit
4534,who played carrie on little house on the prairie
4535,when did the us constitution come into force
4536,who does claire end up with in the outlander books
4537,when was the first cadbury chocolate bar made
4538,when did the states ratify the articles of confederation
4539,where does the s in bts come from
4540,how many fouls until you foul out nba
4541,what form of government is used in norway
4542,when did mozart compose his first piece of music
4543,who played ben matlock's daughter on matlock
4544,when was the school shooting in noblesville indiana
4545,where was harry potter deathly hallows part 1 filmed
4546,what us states have the stand your ground law
4547,who serves as president of the us senate
4548,how many times have the seahawks been to the playoffs
4549,who does mark hamill voice in regular show
4550,from which body part shurpnakha drive her name
4551,what is the princesses name in the movie brave
4552,who is the little girl in august rush
4553,where did they film return of the jedi
4554,when did world war 1 start and when did it end
4555,what is the origin of the name norma
4556,how many generations of ipad pro are there
4557,who proved that square root of 2 is irrational
4558,how many islands are included in the federated states of micronesia
4559,who is next in line for the throne in london
4560,when did the cross become a christian symbol
4561,what year did the movie batman come out
4562,where does gulliver travel to in part 1
4563,when did the man of steel come out
4564,who wrote the song ol' man river
4565,when did the nfl start playing on christmas day
4566,where is tv show the good witch filmed
4567,when does the new episode of handmaid's tale come out
4568,who controls the camera that films scenes for tv
4569,where was the legend of the lost filmed
4570,did the robinsons make it back to earth
4571,who introduced the idea of personality being a product of id ego and superego
4572,who played anakin in the first star wars
4573,when did the new tappan zee bridge open
4574,where was the movie planet of the apes filmed
4575,who is credited with the birth of the tea industry in srilanka
4576,who created the idea of three branches of government
4577,when does the hunger games mockingjay part 2 come out
4578,where did the idea of the olympics come from
4579,what is the capital of brazil in south america
4580,who owns the number 7 car in nascar
4581,who is the constitutional presiding officer of the senate
4582,magnetic field in a dc generator is produced by
4583,name of lead singer of red hot chili peppers
4584,what is the wage base for social security
4585,how is one drink of alcohol defined ethyl
4586,where did the name bowling for soup come from
4587,who built grand central station in new york city
4588,who played the wild boy in mad max 2
4589,who played ernest in ernest goes to camp
4590,who is the actor on the allstate mayhem commercials
4591,when i was a child i spoke like a child bible
4592,president of the united nations economic and social council
4593,how many grains is a 22 long rifle bullet
4594,who says hello wisconsin at the beginning of that 70s show
4595,who wrote the music and lyrics for the lion king
4596,where are the world swimming championships being held
4597,what was the code name for the overall invasion of normandy
4598,when did the sedition act of 1918 end
4599,how many cars drive over the verrazano bridge
4600,is saline and sodium chloride the same thing
4601,who developed the first academic papers on computer viruses
4602,who composed the music and who wrote the words to the opera 'cosi fan tutte'
4603,how many superheroes are in the marvel universe
4604,who determined the outcome of the election or 1800
4605,song at the beginning of beverly hills cop
4606,where is the flagellum located in a cell
4607,how many seasons of scream queens are there
4608,where do pistachio trees grow in the u s
4609,when is season 5 of the killing coming out on netflix
4610,who sings even the man in the moon is crying
4611,places in the us with no sales tax
4612,who sang from a jack to a king
4613,when does the men's college basketball tournament start
4614,total number of amendments including the bill of rights
4615,what is the height of mt. everest
4616,who came up with the five factor model
4617,who sings beasts song in beauty and the beast
4618,what was the pyramid in memphis before bass pro
4619,when did advance australia fair become the national anthem
4620,which is the best measure to measure the economic growth in the country
4621,who took the video of peter and lara jean
4622,when does vanessa come back to gossip girl
4623,when does diary of a wimpy kid come put
4624,who wrote the song see you again by carrie underwood
4625,what song did paul mccartney wrote for julian lennon
4626,how long can sea turtle hold their breath
4627,what country supported the united states after the battle of saratoga
4628,when did jesus christ superstar open in chicago
4629,the wong-baker faces pain rating scale is used for what patients
4630,buddha's of bamiyan was located in which country
4631,who was involved in the charge of the light brigade
4632,who did butler beat in the final four
4633,who does carrie end up with in sex and the city
4634,can you play zone defense in the nba
4635,who has the best boxing record of all times
4636,what is the maximum range of indian missiles
4637,who is widely credited with coining the term iron curtain
4638,who is the actor who plays little finger
4639,where is the lighthouse from pete's dragon located
4640,what breed of dog is in the movie as good as it gets
4641,part 3 explain the purpose of a jsa (job safety analysis)
4642,who played snow white on once upon a time
4643,when does the season 14 of criminal minds start
4644,tour de france what does green jersey mean
4645,what's the name of the new tomb raider movie
4646,who didn't sign the original declaration of independence
4647,what was germany before it was called germany
4648,when do new episodes of billions come out
4649,what muscles does close grip pull ups work
4650,the choices that individuals make that influence health status are known as
4651,where was her majesty's secret service filmed
4652,what happened to thomas j in my girl
4653,when does wet hot american summer take place
4654,where did phrase jump the shark come from
4655,who is considered the author of the declaration of independence
4656,what designation would best describe the theological persuasion of the assemblies of god
4657,who has become the first indian to win an individual medal at the gymnastics world cup
4658,when did we start using the modern calendar
4659,how many seasons of the orville are there
4660,when did fist of the north star come out
4661,where did chip on the shoulder come from
4662,when does the worst case occur in a linear search algorithm
4663,when did the nba start best of 7
4664,what kind of reflex arc does not require an interneuron
4665,what is the meaning of llb in india
4666,what is the maximum depth of the atlantic ocean
4667,who wrote there is a green hill far away
4668,are the teenage mutant ninja turtles marvel or dc
4669,where did the name skeleton sport come from
4670,who was the president that bought the louisiana purchase
4671,when did haitian creole become a written language
4672,when is the new season of scream coming out
4673,when did the ipad pro second generation come out
4674,when does the new episodes of wentworth start
4675,who plays daenerys targaryen in game of thrones
4676,who can be dismissed in a process of impeachment
4677,what helped the us out of the great depression
4678,where is the new covenant mentioned in the bible
4679,in which city is lord's cricket ground located
4680,meaning of the song beautiful day by u2
4681,why did old bottles have marbles in them
4682,cities in the athenian empire paid what to athens
4683,who was known as the father of medicine
4684,when was the first earth day and to what was it devoted
4685,who is darnell from my name is earl
4686,who is hosting the price is right live
4687,where did the battle of cinco de mayo take place
4688,who played lucas on days of our lives
4689,when did texas win their independence from mexico
4690,when do male mallard ducks get their colors
4691,how fast does a f1 car change gears
4692,current minister of law and justice of pakistan
4693,what is the function of golgi apparatus in a cell
4694,why northern ireland is not a part of ireland
4695,who is the actor that plays clay on sons of anarchy
4696,what channel is the highway on sirius xm
4697,what was the effect of the neutrality act of 1939
4698,when was slavery abolished in the border states
4699,who wrote my mama don't like you
4700,the spontaneous emission of radiation by a nucleus is known as
4701,who sang the original devil went down to georgia
4702,where do black and white cookies come from
4703,who has the most world heavyweight championships in wwe
4704,where does the last name riley originate from
4705,who has won all four golf majors in one year
4706,where was the iheart country music festival held
4707,when was the rock and roll hall of fame built
4708,who is the actress that plays pepper on american horror story
4709,who is bound to the supreme law of the land
4710,the office does michael end up with holly
4711,why were british troops stationed in the colonies
4712,who had the most land after the french and indian war
4713,who sings what lovers do with maroon 5
4714,can you buy beer before 8am in ny
4715,who did boots grow up with in the orphanage
4716,how big was hugo when it made landfall
4717,when was the united federation of planets founded
4718,who sang raindrops keep falling on my head in the movie butch cassidy and the sundance kid
4719,what happens at the end of the movie the bodyguard
4720,who wrote in the morning of my life
4721,where did king of the hill take place
4722,what is the length of one light year
4723,who is film stars don't die in liverpool based on
4724,how many episodes for season 14 grey's anatomy
4725,who elects the speaker of the house of representatives
4726,where was the movie free state of jones filmed
4727,when was the title of pope first used
4728,what is the most posterior structure of the atlas c1 vertebra
4729,the agreement to create a free-trade zone between the united states canada and mexico is called
4730,who won the womens singles at wimbledon 2018
4731,who were are allies in world war 2
4732,who sang yellow rose of texas with johnny lee
4733,where does the us get its power from
4734,who made the song all about that bass
4735,when was the first hydrogen fuel cell created
4736,who framed roger rabbit in who framed roger rabbit
4737,what is the penny farthing made out of
4738,what is the currency of central african republic
4739,whats the song in the look at me video
4740,who wrote his eye is on the sparrow song
4741,who is amy in if you seek amy
4742,what is the company switch in las vegas
4743,who played the daughter in the last boy scout
4744,who played briscoe darling on andy griffith show
4745,number of stylets found in bug type of mouthpart is
4746,who wrote the song shout to the lord
4747,will there be a sequel to green lantern
4748,when did the battle of vicksburg start and end
4749,when was the term world war ii first used
4750,the ghent altarpiece which represents the divine was threatened by
4751,who introduced world first laptop computer in market
4752,when did island of the blue dolphins take place
4753,how many verses of the star spangled banner
4754,a substance which can be drawn into wire is called
4755,why are coordinate systems useful when formulating a solution to a problem
4756,who has the authority to declare puerto rico a state or an independent nation
4757,what is the definition of standard of living
4758,who plays sandy the male nanny in friends
4759,who played alotta fagina in austin powers movie
4760,nursery rhyme the cow jumped over the moon
4761,what was the cause of the nuclear power disaster in chernobyl
4762,where did the name smoky mountains come from
4763,what is the type of government in norway
4764,when was the last time the chicago white sox won a world series
4765,who played the witch in the wizard of oz
4766,who plays as renesmee cullen in breaking dawn
4767,what part of chicken feet do you eat
4768,who plays the lawyer in parks and rec
4769,what is the name of the meh emoji in the emoji movie
4770,where did i'm lovin it come from
4771,where will the summer games be held in 2012
4772,what's the purpose of the english bill of rights
4773,how old do you have to be to be a millennial
4774,how is bobby related to sam and dean
4775,who is the killer and then there were none
4776,where do mr and mrs smith live in the movie
4777,who is the god of heaven in greek mythology
4778,what is the meaning of ballad of mona lisa
4779,congress overhauled the hatch act in 1993 in order to
4780,what is the main purpose of the brain
4781,the tendency for individual effort to decline as group size increases refers to
4782,where will the next miss world be held
4783,when does star vs the forces of evil come back season 3
4784,who sings the dragon ball z kai theme
4785,where does the bassoon sit in the orchestra
4786,where is the wet tropics of queensland located
4787,what is the official language spoken in thailand
4788,what country's flag has a moon and star
4789,where does the term wide boy come from
4790,what episode of criminal minds does morgan leave
4791,composer of when you say nothing at all
4792,when does season 3 of live pd start
4793,an ancient city state on north african coast in present day tunisia
4794,when did they start putting numbers on playing cards
4795,what does the song running against the wind mean
4796,who owns the imperial palace in las vegas
4797,where does the universal gas constant r come from
4798,how many games in nba playoffs best of
4799,what does the gateway arch in st louis represent
4800,when was the first season of parts unknown filmed
4801,what era is my fair lady set in
4802,when was lodge of the four seasons built
4803,what songs are in 2002 song anne marie
4804,when was the country music hall of fame built
4805,plant that leaves close when you touch it
4806,percentage of urban and rural population in india
4807,where is the dominican republic in the world
4808,how big is the giant red spot on jupiter
4809,when did the first automatic gun come out
4810,when did the america become the united states
4811,when should a casualty be placed into the recovery (lateral) position
4812,when were horses introduced to the united states
4813,where is the menu bar in finder on mac
4814,who played miley's mom on hannah montana
4815,when is the this is us season 2 finale
4816,sharks rays and skates belong to what group
4817,is hawaii on the east or west coast
4818,within the meninges where is cerebrospinal fluid located
4819,who sings the intro to malcolm in the middle
4820,where is the great sand dunes national park located
4821,when does the first quarter end for business
4822,who won first gold medal for india in olympics
4823,what breed is tramp in lady and the tramp
4824,the difference in pressure between the top and bottom of a column of gas is calculated as
4825,do all limited companies have to be registered with companies house
4826,when is jute plant cut to obtain fibre
4827,what are they going to do with globe life park
4828,can you take the bar exam in california without going to law school
4829,what kind of milk is pecorino romano cheese made from
4830,who has been appointed the new chairman of cauvery water dispute tribunal
4831,when do new episodes of dynasty come on netflix
4832,what is the highest score ever in an mlb game
4833,what is the definition of triangle in math
4834,when does daylight saving time come into effect
4835,how did little rock ar get its name
4836,who won the red army or the white army
4837,who played cindy lou who in the movie the grinch stole christmas
4838,who was involved in the battle of barnet
4839,a wavelength in the balmer series is 486 nm. is. what transition is this
4840,which country in europe recently voted to leave the european union
4841,the first of the former republics of the soviet union to be recognized as completely independent
4842,who sings grandma got run over by a reindeer lyrics
4843,where does the prime minister of israel live
4844,who warned the trojans that the wooden horse was a trick
4845,how many years congress ruled india after independence
4846,where did they film game of thrones 7
4847,do josh and donna date on west wing
4848,where do boils on the body come from
4849,who dies at the end of heroes of olympus
4850,what book is the first season of jack ryan based on
4851,where is the world war 1 memorial located
4852,why is there no google street view in austria
4853,where did the band name tool come from
4854,who plays ron weasley's mom in harry potter
4855,when did the black panther movie come out
4856,what is the colour of the england flag
4857,where does the expression friend of dorothy come from
4858,who played commissioner gordon on the batman series
4859,who was the first chemist to lead a team that made elements that did not occur naturally
4860,where did the name orange sky laundry come from
4861,when was the dollar coin introduced in australia
4862,distance from mt juliet tn to nashville tn
4863,who wrote time is on my side by the rolling stones
4864,why was the second battle of panipat fought
4865,in which city did the early protests against the british government begin
4866,who died in agents of shield season 3
4867,is fashion institute of technology a suny school
4868,who sent doomsday to the end of time
4869,where is the next step filmed in canada
4870,is the principal assistant to the president in all matters relating to the dod
4871,who conducts the oath of office to the president
4872,who wrote the song superstar by the carpenters
4873,what does the name maddox mean urban dictionary
4874,when does season nine of the walking dead begin
4875,as of 2015 south sudan is the world's youngest country. was it recognised in 2009
4876,can i use oyster at walton on thames
4877,what does the song on top of old smokey mean
4878,where does the pecos river begin and end
4879,where are they building the mercedes benz stadium
4880,body parts of animal arranged around a central axis
4881,where did the night of the long knives take place
4882,who wrote the song money that's what i want
4883,why are all train stations called union station
4884,when is mother day celebrated in the united states
4885,was soul man in the blues brothers movie
4886,all standard packages of java are included within a package called
4887,what do the 13 stripes mean on the american flag
4888,disadvantages of liquid cooling system in a car
4889,where are atp synthase complexes located in a plant cell
4890,the girl who was shot for going to school
4891,who sings the theme song for the bourne movies
4892,what channel is the new yellowstone series going to be on
4893,who led the charge on little round top
4894,how did the polar easterlies get their name
4895,1095 avenue of the americas new york new york
4896,who sings the song ain't my fault
4897,where was the movie stir of echoes filmed
4898,how many tolls are on i 90 in illinois
4899,when will book of dust volume 2 be released
4900,who is the host of the game show chase
4901,what is burger king's chicken nuggets made out of
4902,which european country was the first to establish a colony in southeast asia
4903,when was the american museum of natural history built
4904,who led the most successful slave revolt in roman history
4905,what were they fighting about in world war 1
4906,who was involved on the boston tea party
4907,who was supposed to host the 1986 world cup
4908,who played belloq in raiders of the lost ark
4909,where did season 1 of the crown end
4910,where can manganese be found in the philippines
4911,how many times does a hummingbird heartbeat per minute
4912,where is the food produced in the onion plant
4913,when did the original baby it's cold outside come out
4914,voice of toph in avatar the last airbender
4915,who elects the members of the lok sabha
4916,what is the purpose of the comprehensive annual financial report
4917,when did the battle of st george's caye occur
4918,where is the movie me before you filmed
4919,has any nfl team ever won 3 superbowls in a row
4920,who sings every other weekend with reba mcentire
4921,what is the theme of the poem the world is too much with us
4922,what was the original meaning of the term universitas
4923,who did the vocals for the mcdonald's jingle i'm lovin' it
4924,which of the following cities is located in the most densely populated island of indonesia
4925,where did the battle of preston take place
4926,why did british parliament pass the intolerable acts
4927,who owns the land where burning man is held
4928,who sings the theme song for the leftovers
4929,what is a standard and poor's rating
4930,those most likely to have taken part in the new york city draft riots of 1863 were
4931,which type of url is associated with non-profit organizations .gov .edu .org .com
4932,when does the secret life of bees take place
4933,who is the guy singer in bring me to life
4934,who raised the slogan freedom is my birthright
4935,who plays garcia's boyfriend on criminal minds
4936,can you use discs for xbox one backwards compatibility
4937,what was twenty one pilots first album called
4938,where is the mountain in the paramount logo
4939,who played bernard in the movie the santa clause
4940,the plan to transfer of power to the indian and partition of country was laid down in the
4941,when did japan enter world war 2 e
4942,who played all 9 positions in one game
4943,why did the british shifted the capital from calcutta to delhi
4944,who is the quote though she be but little she is fierce about
4945,when does elena remember her love for damon
4946,when did the chevy malibu change body styles
4947,what was one primary goal of the civil rights movement of the in the 1950s and 1960s
4948,who is arjuna according to the bhagavad gita
4949,who plays lisa on fresh prince of bel air
4950,in a eukaryotic cell which organelle is the site of trancription
4951,where is the new raiders stadium going in las vegas
4952,is destiny 2 a continuation of destiny 1
4953,when was corporal punishment banned in the uk
4954,when did the usa emerge (come out of) the economic depression
4955,where did fifth third bank name come from
4956,what is the current membership of the labour party
4957,are the faroe islands part of the eu
4958,mind your p's & q's stand for
4959,who wrote the school for good and evil
4960,what is the essence of realism in literary fiction
4961,the fluid that moves from the interstitial fluid into lymphatic capillaries is called
4962,the part of an atom that has no charge
4963,who plays lead guitar on while my guitar gently weeps
4964,where do they have 24 hours of daylight
4965,when did the windsors come to the throne
4966,where do they run with the bulls in spain
4967,who plays the little boy in maid in manhattan
4968,what movie was wicked games the song in
4969,what does the constitution say about rule of law
4970,who played the red queen in resident evil
4971,who was the british monarch when canada became a country
4972,what is the role of the prime minister in canada
4973,why does my face go red after drinking alcohol
4974,what story is the movie strangers based on
4975,where did the expression getting cold feet come from
4976,when does the next season of battlebots start
4977,how many always sunny in philadelphia seasons are there
4978,which three veins empty into the porta vein
4979,who invented the first memory disk or floppy disk why is it named that
4980,what is the average length of a mobile home
4981,mitochondria produce atp using what kind of process
4982,who is the director of fifty shades darker
4983,our town can be classified as what type of play
4984,what is the purpose of constructing a calibration curve
4985,reigo the deep-sea monster vs. the battleship yamato
4986,what inspired langston hughes to write the negro speaks of rivers
4987,azerbaijan is divided into two political units by what country
4988,who plays the silver surfer in the fantastic four
4989,how many nba titles does kobe bryant have
4990,when does the real season of nfl start
4991,where did slaves in the bahamas come from
4992,who is the kid that played in big daddy
4993,where will super bowl 53 be held at
4994,when was the new basketball hall of fame built
4995,where are the andes mountains located in south america
4996,where do you measure the long jump from
4997,where is the pituitary gland located in the human body
4998,which type of system update includes those issued to point of release of the software
4999,who plays the preacher in when calls the heart
5000,when did they add episode 4 to star wars
5001,what is taylor swift's ready for it song about
5002,where did the early fighting in the french and indian war take place
5003,what is the setting of mad max fury road
5004,what does t wave inversion on ekg mean
5005,what is the population of la crosse wisconsin
5006,when did us the duo audition for agt
5007,who wins season 7 of hell's kitchen
5008,where are the two parts of the titanic located
5009,when will the new star trek series be set
5010,how many days to clear a cashier's check
5011,who is the enemy in captain america civil war
5012,who did the original version of i heard it through the grapevine
5013,who hits the fastest century in t 20 international cricket
5014,what type of government does dominican republic have
5015,is all cheese in the united states pasteurized
5016,how long were soldiers on the beach at dunkirk
5017,where does call of duty ww2 take place
5018,when was the last time the number of supreme court justices was altered
5019,how many seasons of the brady bunch were there
5020,what is /boot/efi in linux
5021,when was the olive tree introduced to north america
5022,the jaffee reaction is the basis for methods involving the quantitation of
5023,junie b jones books how many are there
5024,linkin park leave out all the rest song meaning
5025,the plant which propagates with the help of its leaves is
5026,when did the steelers last play in the super bowl
5027,who sang the original heard it through the grapevine
5028,who did the voice of frosty the snowman
5029,where is the stanley cup stored during the year
5030,does vice president have to be born in us
5031,who plays thomas shelby on the peaky blinders
5032,when is marvel's the punisher coming out on netflix
5033,fascicles within spinal nerves are surrounded by fibers of the
5034,how many toes does a japanese dragon have
5035,where did the word alzheimer's come from
5036,when did the battle of lexington and concord start
5037,what symbol displayed on ambulances was replaced with the star of life in the 1970's
5038,who plays eve baxter in last man standing
5039,when did north korea start competing in the olympics
5040,how tall is everest from base to summit
5041,which park is located in kensington central london
5042,who owns the rights to the addams family
5043,who does the voice for shaggy on scooby doo
5044,who was the killer in the movie snowman
5045,who sang the song blanket on the ground
5046,what egyptian god has the head of a crocodile
5047,list the three major groups of connective tissue
5048,the long island railroad won the case because the harm to ms. palsgraf was not
5049,when did us currency leave the gold standard
5050,who is the original singer of bang bang
5051,who did kyrie play for before the cavs
5052,how far is pine bluff arkansas from little rock arkansas
5053,when was chlorine first added to drinking water in the uk
5054,what nba team used to be the buffalo braves
5055,who plays hershel's daughter on walking dead
5056,how many seasons of the mistresses are there
5057,who is famous for establishing the oath for physicians that exists today
5058,where is the ex post facto law in the constitution
5059,when does man in the high castle come on
5060,where are the los angeles rams playing football
5061,what is a pa c in medical terms
5062,what was the goal of the war of 1812
5063,who played the wife on mcmillan & wife
5064,line demarcation the boundary between north korea and south korea
5065,who did vincent van gogh sell his painting to
5066,devotchka the last beat of my heart lyrics meaning
5067,who is the actress of harley quinn in suicide squad
5068,what kind of rum is used in rum and coke
5069,when did the motion picture rating system start
5070,where is the prostate located on a woman
5071,where is the red bone marrow where blood is created located
5072,who brings killmonger back to life in the comics
5073,when did bananas become popular in the us
5074,who has won the first cricket world cup
5075,who did the shot heard round the world
5076,in cellular mobile communications the forward channel frequency band of amps system is
5077,who does the wildcard team play in the mlb playoffs
5078,one of the causes of the renaissance was the growth of what in italy
5079,who came to south africa in the mid 17th century
5080,how many seats in lok sabha election 2014
5081,which was the first african country to gain independence
5082,when does spike tells buffy he loves her
5083,who presents the green jacket to the u.s. masters winner
5084,when do new steven universe episodes come out
5085,how many beasts are there in the book of revelation
5086,when did the 2017 cr v come out
5087,when is passover and how long is it
5088,how many subscribers does the eh bee family have
5089,who is the author of junie b jones
5090,how many joint committees are there in the senate
5091,when did jeep start making 4 door wranglers
5092,when did salt and pepper become a pair
5093,what is the function of janus green stain in mitochondrial staining
5094,when is the new season of daredevil coming out
5095,when was nepal elected non permanent member of security council of un
5096,when was the first mosque built in britain
5097,how old was firmin labot when he won the tour de france in 1922
5098,how many volumes are in high school dxd
5099,who plays daphne's dad in switched at birth
5100,who is playing mac on young and restless
5101,arrival of the moon in the earths shadow
5102,who played the first receptionist in doc martin
5103,when does the new ep of rick and morty come out
5104,who wrote if paradise is half as nice
5105,who voiced spider man in the new game
5106,who starred in the movie mackenna's gold
5107,where did the term round robin come from
5108,where does the term best boy come from
5109,who coined the term protoplasm for the fluid substance of the cell
5110,how can someone live with half a brain
5111,who else came to jamestown besides the english
5112,when does countdown to liquor day take place
5113,where does the fruit garcinia cambogia come from
5114,who wrote the gospel of wealth and what did it say
5115,who owns the rights to rocky horror picture show
5116,when can police shoot at a fleeing suspect
5117,what parts of europe were least affected by the black plague
5118,what is the definition of a liberal democrat
5119,when did they change the definition of gender
5120,boston legal was a spinoff of what show
5121,when was the long and winding road written
5122,how many water buffalo are left in the world
5123,what type of theory is virginia henderson's
5124,what song is virus alert a parody of
5125,where is the colorado river located on the map
5126,where does the phrase kangaroo court come from
5127,when did 10 rupees coin launched in india
5128,why did davy jones cut out his heart
5129,how does the president elect supreme court justices
5130,who is the girl in justin timberlake what goes around comes around
5131,who sings i never knew love like this before
5132,who has been struck by lightning the most
5133,what is the nyquist rate for the signal
5134,who wrote whitney houston how will i know
5135,who was the british king who lost all of the 13 colonies during the american revolutionary war
5136,who is the original singer of careless whisper
5137,when did the song good vibrations come out
5138,where was war on planet of apes filmed
5139,who played wesley crusher on star trek the next generation
5140,who fires the gun at the start of a race
5141,what is the title of the leader in the house of representatives
5142,where is the highest point of the usa
5143,when do we use dummy variables in regression
5144,who surrendered in the battle of fort sumter
5145,how many episodes got season 7 of game of thrones
5146,who plays susan on orange is the new black
5147,what did the indian removal act lead to
5148,when does marvel's cloak and dagger start
5149,when does orange is the new black season 5 start
5150,when did the nuclear arms race take place
5151,who did the iroquois side with in the french and indian war
5152,when did the union jack become the union flag
5153,who is captain miller in saving private ryan
5154,who has won the bundesliga the most times
5155,who wrote the song two out of three ain't bad
5156,what were the 4 causes of the war of 1812
5157,where was our lady of angels school in chicago
5158,when does father's day celebrated in india
5159,list one of the significant changes of the conception of interstate commerce
5160,what kind of puppy was in the movie john wick
5161,who sang the songs in the movie burlesque
5162,what does the colours of the jamaican flag represent
5163,who discovered that cells originate from division of existing cells
5164,who wrote i want to dance with you
5165,who has most grand slams in mlb history
5166,who played uncle ned on dennis the menace
5167,macau tower is the world's highest commercial
5168,what are the characteristics of a maritime tropical air mass
5169,who was in government when grenfell towers was built
5170,when was the first car made in north america
5171,who wrote their eyes were watching god usually considered that person's finest work
5172,lead character in the film the bandit queen has been played by
5173,what movie has the song separate ways worlds apart
5174,who plays crabman on my name is earl
5175,he was the first spanish explorer to see and chart the texas coast
5176,who led the slave revolt on august 22 1791
5177,who is the founder of what's up
5178,what was the supreme court decision in buckley v valeo
5179,when did this annual message officially become known as sotu address
5180,who created the song somewhere over the rainbow
5181,who played laura palmer's mother on twin peaks
5182,when did the roosters win the last grand final
5183,who was the greatest female athlete of the first half of the 20th century as voted by the ap
5184,what type of bridge is the brooklyn bridge
5185,why is there a moon cut out on outhouses
5186,when do french elementary students go to school
5187,at what age does the thymus reach its maximal size
5188,who plays the girl in a knight's tale
5189,what is the name of the bridge in prague
5190,how did the red wings get their name
5191,how much is a piece of eight worth
5192,by what name are the island countries in the caribbean sea sometimes called
5193,who sings the song i m gonna to hire a wino to decorate our home
5194,who plays the little girl on remember the titans
5195,rudolph the red nosed reindeer how it was made
5196,who played lina lamont in singing in the rain
5197,who gave the famous slogan return to vedas
5198,where does the money come from on judge rinder
5199,where does the amniotic fluid go as the baby grows
5200,how far is the pitcher's mound from home plate in mlb
5201,who was the first person to score a perfect 300 game on live television
5202,who hit for the cycle 3 times in their career
5203,who was the first ruler of pala dynasty
5204,where was the original pride and prejudice filmed
5205,what is the name of the two atomic bombs dropped on japan
5206,boku no hero academia season 3 episode date
5207,who holds the record of taking four wickets in four consecutive balls in cricket world cup
5208,who's winning the world cup this year
5209,who discovered the process of coral reef development
5210,is the metro silver line a bus or train
5211,who wrote 13 books of the new testament
5212,how did bram stoker dracula become a vampire
5213,who is the head of the federal bureau of prisons
5214,where do they film fear of the walking dead
5215,what is the purpose of good samaritan laws
5216,when was the old post office in washington dc built
5217,what is bella off twilight's daughters name
5218,who played the character pinky tuscadero on happy days
5219,when are ap top 25 basketball rankings released
5220,who ended the warring states period in china
5221,what does an upside question mark mean in spanish
5222,when does infinity ear come out on dvd
5223,where was don't let the sun go down on me filmed
5224,who plays rip hunter in legends of tomorrow
5225,where did taylor from bold and beautiful go
5226,who won the premier league the most times
5227,when was last of the summer wine filmed
5228,mountain range in tuscany part of the appennines
5229,in the bible who was swallowed by a whale
5230,where is propionibacterium acnes most likely to be found
5231,who said you can't yell fire in a crowded theater
5232,when did the black death start in the uk
5233,who played bubba on the show in the heat of the night
5234,when does lent start in the catholic church
5235,how many sam's club locations in the us
5236,when did nigeria civil war started and ended
5237,is the eureka tower the tallest building in australia
5238,when did the first true multi-cellular organisms with true tissues evolve
5239,who died in plane crash in grey's anatomy
5240,who did the animation in kill bill vol 1
5241,when did the hero 5 black come out
5242,the involuntary movement of smooth muscles is called
5243,original artist of if you don know me by now
5244,the primary function of the food administration during wwi was to
5245,how many herbs and spices in kfc chicken
5246,who is the current speaker of abia state
5247,when did seat belts become compulsory in victoria
5248,how many engines does the antonov an 225 cossack have
5249,who is the girl in one call away
5250,where did most of the immigrants entering the us through ellis island come from
5251,who wrote the lyrics to praying by kesha
5252,when did fulham get promoted to the premier league
5253,with which two countries did austria-hungary form the triple alliance
5254,when did home video game systems first become very popular
5255,who did blair end up with in gossip girl
5256,what are two towers in lord of the rings
5257,who did anne jeffreys play on general hospital
5258,what type of government is there in egypt
5259,where is the hall of fame game located
5260,where did the name grandfather clock come from
5261,who is leon trotsky in the animal farm
5262,where was the movie the spy who loved me filmed
5263,when does dare devil season 3 come out
5264,how do interferons protect the body against viruses
5265,who writes the meeting minutes in a business meeting
5266,why did turkey build a dam on the euphrates river
5267,where is enoch first mentioned in the bible
5268,when does denny die on grey's anatomy
5269,where did they film the movie fiddler on the roof
5270,who wrote the chorale text and tune for wachet auf (sleepers awake)
5271,who is the writer of game of thrones
5272,an agreement between the united states and great britain that settled fishing rights
5273,when was alice in chains jar of flies released
5274,who played david brent's boss in the office
5275,when did hong kong cease to be a british colony
5276,most common cause of death in acute myocardial infarction
5277,what is the bad guys name in smurfs
5278,under the commerce clause congress has the power to regulate​
5279,who was the city of houston named after
5280,where does most of the oxygen come from on earth
5281,actor who played big in sex and the city
5282,who played the beast in the latest beauty and the beast
5283,most of earth’s weather events take place in the
5284,where did convicts live when they arrived in australia
5285,who won the first ever women's rugby world cup
5286,what tsar was overthrown in the russian revolution
5287,who has spent the longest amount of time in space
5288,who sang vocals on take it to the limit
5289,where is reggio emilia italy on the map
5290,who plays guitar for red hot chili peppers
5291,who was the jockey who rode american pharoah
5292,important in facilitating the conversion of american industry to mass production was
5293,when did the new 3ds xl come out in america
5294,what is the book of jonah about in the bible
5295,who made i will always love you first
5296,what song is playing at the beginning of guardians of the galaxy 2
5297,who gave the statue of liberty to the us
5298,who does jessica end up with in true blood
5299,who was the film a beautiful mind based on
5300,who played michael myers in the rob zombie movie halloween
5301,who was the arc de triomphe built to honour
5302,no go zone of france poisoned by war
5303,who played the tin man in the wizard of oz
5304,when is god of war going to be released
5305,when is season 8 of vampire diaries coming out
5306,who decides who gets the congressional medal of honor
5307,who created the sorcerer's stone in harry potter
5308,what year did law and order criminal intent first air
5309,where is england located on a map of the world
5310,is an advance directive the same as a living will
5311,when did the czech republic split from slovakia
5312,when do they announce nfl rookie of year
5313,how many episodes for season 2 of the crown
5314,who did clay aiken lose to in american idol
5315,where did traders in new york originally meet
5316,where is the name pan flute derived from
5317,what are the two main levels of government under the us federal system
5318,where does precipitation occur in a warm front
5319,who played gamora in guardians of the galaxy
5320,is hydrogen chloride a gas at room temperature
5321,when does sara come back from the dead
5322,what are the sizes of american girl dolls
5323,how does jessie free herself gerald's game
5324,what is the fastest horse to win the kentucky derby
5325,visa on arrival for malaysia for indian passport
5326,when did the 7 digit phone number start
5327,who won season 5 of americas got talent
5328,what do cashews look like on the tree
5329,what is the drug in beasts of no nation
5330,central idea of the poem the naming of cats
5331,a 1954 conference that divided vietnam at the seventeenth parallel
5332,who won at the battle of bunker hill
5333,who created the first intelligence test and why
5334,who championed the share our wealth plan of income redistribution
5335,who was involved in the fugitive slave law
5336,who plays hunter grandmother in home and away
5337,how did elk grove ca get its name
5338,the builders of the alhambra used muqarnas to
5339,who is the actor who plays the son on breaking bad
5340,when was the flight of the bumblebee written
5341,who is the announcer for the late show with stephen colbert
5342,what is the order of movies for hunger games
5343,who's the original singer of nothing compares to you
5344,when did dc give land back to virginia
5345,when was the prudential building in chicago built
5346,what is the name of nsw whs authority
5347,where did the san diego chargers name come from
5348,when was the movie how the west was won made
5349,who played julie mccoy on the love boat
5350,who was the first english mathematician who first used the modern symbol of quality in 1557
5351,where do the rivers of the northern colombian andes flow
5352,who played michael myers in the rob zombie halloween movie
5353,where does the ghost in hamlet come from
5354,when did iowa state college become iowa state university
5355,what's the legal drinking limit in texas
5356,who is the cast of gone in 60 seconds
5357,can you sell horse meat in the uk
5358,how long does it take for a kitten's eyes to open after birth
5359,how far is it from fairbanks alaska to the north pole
5360,who led the mongols during the invasion of eurasia
5361,what does the saying follow your arrow mean
5362,who plays du plessis in wild at heart
5363,how long do you have to renew your license in trinidad
5364,who killed the governor in the walking dead
5365,how many decades did india's struggle for independence take
5366,when did the first game of thrones come out
5367,who wrote scary stories to tell in the dark
5368,what part of the country is florida in
5369,where did the phrase easy as pie come from
5370,where is hong kong located on a map
5371,what is the function of the protein rbcl
5372,how many johnny english films have there been
5373,when did the holy spirit descended upon the apostles
5374,who is the traveling salesman in the office
5375,who does the voiceover for come dine with me
5376,where is the boreal forest located in canada
5377,where did the industrial revolution begin what country
5378,was the movie gangs of new york based on fact
5379,who is the writer of the discovery of india
5380,who wrote a description of the early church’s celebration of the sunday eucharist around ad 150
5381,when is hotel transylvania 3 going to come out
5382,when was autism first recognised as a condition
5383,who played mr. carlin on the bob newhart show
5384,the visual cortex on the right hemisphere receives visual information from the
5385,which is the largest mall in united arab emirates
5386,where did the song i don't like mondays come from
5387,what does soof mean in so be it
5388,where did the rhyme ring around the rosie come from
5389,which enterprise in the spanish colonies was most profitable
5390,where do nitrogen fixing bacteria get their nitrogen
5391,how long is the rhine germany's longest river
5392,when did immigrants stop coming to ellis island
5393,supreme court case that deals with section 1983 violations
5394,when was the first band aid song released
5395,where was the film far from the madding crowd filmed
5396,who was in charge of russia during the cold war
5397,where is raiders stadium being built in las vegas
5398,who does joe's voice on family guy
5399,who plays california's son in the office
5400,where does it snow the most in japan
5401,what happened to amaro on svu season 17
5402,what is the point of international womens day
5403,who wrote i dont want to talk about it
5404,where was the movie how it ends filmed
5405,where was the movie when we first met filmed
5406,why is diamond used as an industrial cutting tool
5407,when does black panther come out in korea
5408,who plays andy bernard in the american version of the office
5409,who played the preacher on little house on the prairie
5410,who plays stacey in stacy's mom music video
5411,when did law & order criminal intent go off the air
5412,what is the purpose of a gun compensator
5413,the rna components of ribosomes are made in the ____
5414,what are the next pixar movies coming out
5415,who ruled england in the early 1200's
5416,where did the term slip a mickey come from
5417,who sang somebody's knocking should i let him in
5418,who has the highest followers on instagram in world
5419,who baked cake on cover of let it bleed
5420,where was the first swiss army knife made
5421,when did the glock 17 gen 4 come out
5422,who wrote the music for fiddler on the roof
5423,when was the first pumpkin spice latte made
5424,who is the newly elected chief minister of nagaland
5425,what does red license plate mean in ontario
5426,who sang the theme to the poseidon adventure
5427,when did the old £1 note go out of circulation
5428,how does proof of work prevent double spending
5429,radio waves used to connect computers and other devices to the internet are known as
5430,who plays jeremy reed in the movie powder
5431,who sang those were the days my friend
5432,who was prime minister of england during suez canal crisis
5433,how many species of animals are there in madagascar
5434,samuel de champlain provincial park nipissing district on
5435,who sings you you got what i need
5436,the type of immunity that results from a vaccination or infection
5437,who won the battle of bannockburn in 1314
5438,when was lady and the tramp 2 made
5439,in what year did the russian revolution draw to a close
5440,when did the east india company begin to trade with india
5441,what is the right side of the brain associated with
5442,last italian driver to win a grand prix
5443,what martial arts does us special forces use
5444,where do you find a root hair cell
5445,what is the earliest sign of increased intracranial pressure
5446,who played dr jekyll in once upon a time
5447,when does season seven of once upon a time come out
5448,parts of the surface of a gem stone
5449,who used punch cards to create a new calculating system
5450,when did scheduled common carrier freight and passenger service begin in the u.s. ​
5451,what does an mri of the brain check for
5452,what time was it when the first plane hit the twin towers
5453,how did the soviets first attempt to stem the flow of refugees leaving east germany for west berlin
5454,who was driving the truck in the movie duel
5455,who was the actress that played aunt bea
5456,when do you steal a base in baseball
5457,what does the name don mean in spanish
5458,how many goals has cristiano ronaldo scored in all world cups
5459,when did daylight saving time start in the united states
5460,where is the setting for the movie it
5461,who was known for greatly expanding the orchestra
5462,nba most points by a team in a game
5463,who sang you're a mean one mr. grinch in 1966 tv short
5464,how many minutes in a round of ufc
5465,the lowest possible energy level for an electron is known as
5466,who founded jamestown in what is now virginia
5467,who is the presiding officer in the georgia senate
5468,what is the real name of scarlet witch
5469,what is a type a 3 way bulb
5470,where does the saying price of tea in china come from
5471,who sang it's a wonderful life song
5472,who is the most awarded actress of all time
5473,who does the law relating to hazardous substances protect
5474,who arranged the periodic table by increasing atomic number
5475,last metro from kashmere gate to new delhi
5476,why are all relationships between si units based on powers of 10
5477,where is american pie 2 supposed to take place
5478,what is the difference between cumulus and nimbus clouds
5479,who sang the song lay your head on my pillow
5480,name the landforms that form the boundaries of the peninsular plateau
5481,state convolution property in relation to fourier transform
5482,what type of book is the book of genesis
5483,where is el salvador on a world map
5484,who played patrice mcdowell in coming to america
5485,when was the first king size bed made
5486,when was the last time a nuclear bomb was detonated
5487,what is hdi explain the terms of it
5488,who founded the university of north carolina at chapel hill
5489,what's the purpose of the hoover dam
5490,where did the saying getting cold feet come from
5491,who came to the middle colonies and why
5492,who is the girl dancer in thinking out loud
5493,who played snape in harry potter and the cursed child
5494,who initiated construction of the imperial city in beijing
5495,when was the fax machine invented and by whom
5496,where is the girl scout chalet in switzerland
5497,when does the attack on titan movie take place
5498,who was the author of geronimo stilton books
5499,when did the 1 child policy start in china
5500,what cars does dom drive in fate of the furious
5501,who is the original artist of proud mary
5502,who gets the manager job in the office
5503,where was the movie bed and breakfast filmed
5504,who sang all aboard the choo choo train on disney
5505,actor who plays hal munson on as the world turns
5506,who wrote the song vaishnav jan to tene kahiye
5507,in return of the jedi who is the ghost of anakin
5508,where does the name of the spanish flu come from
5509,who did the voice of smaug in the hobbit
5510,when was the first game of thrones made
5511,when does emma turn into the dark one
5512,where does the saying 2 shakes of a lamb's tail come from
5513,who implemented the one child policy in china
5514,where is agra located in indian political map
5515,death in paradise do camille and humphrey get together
5516,when did scotland play brazil in world cup
5517,why does kansas city have a texas logo
5518,who sings let the river run with eminem
5519,what is the objective of the anti trust law on market competition
5520,how many u.s. senators are there and how long is a senator's term
5521,in 1993 the parliament of the world’s religions gathered in chicago and created what document
5522,short term capital gains rate vs long term
5523,who presented it'll be alright on the night
5524,what are the little fish that attach themselves to sharks
5525,where did the tv show er take place
5526,does the vice president preside over the house of representatives
5527,where did the christmas story movie take place
5528,what is a right bundle branch block in the heart
5529,where is self awareness located in the brain
5530,where does the last name harris originate from
5531,who wrote and recorded spirt in the sky
5532,when does the new season of the tunnel start
5533,who does the family medical leave act cover
5534,when was by the light of the silvery moon written
5535,when is season 2 of the returned coming out
5536,when did the first immigrants come through ellis island
5537,who played charlie in willy wonka and the chocolate factory
5538,where is a funny thing happened on the way to the forum filmed
5539,who had the commercial where's the beef
5540,what is the chemical formula for iron(iii) oxide
5541,who dies season 3 how to get away
5542,where did michael porter jr go to high school
5543,what type of music does bob marley sing
5544,who was president during the bay of pigs invasion
5545,a​ bond's yield to maturity is the​ bond's
5546,when is kong meng san phor kark see monastery founded
5547,lucky no time for love hit or flop
5548,who wrote the song here's that rainy day
5549,green day american idiot bullet in a bible
5550,who sang you beat me to the punch
5551,where did the name death valley come from
5552,original singer of you are always on my mind
5553,how many episodes in the 2nd season of the crown
5554,where does the c go on a hockey jersey
5555,does the unites states have an official language
5556,when did clash royale come out in the us
5557,who plays sankey on orange is the new black
5558,who's the killer in i still know
5559,when did rodan and fields start direct sales
5560,what channel is in conversation with john bishop on
5561,can a canadian passport be used as proof of citizenship
5562,when was the movie the longest day made
5563,hottest temperature ever recorded in death valley california
5564,who has the most gold gloves in mlb history
5565,when does the full version of h1z1 come out
5566,the height of all 4 minars of badshahi mosque are
5567,where is chauri chaura located in india map
5568,what grade are you at 6 years old
5569,who sings oh sit down next to me
5570,who was involved in the second battle of bull run
5571,when does season 4 of red oaks come out
5572,why did rome need to acquire new land through military expansion
5573,what is the difference between cider and cidre
5574,what is the highest jackpot won on pointless
5575,date of japanese surrender in world war ii
5576,who sang the original version of last kiss
5577,who played steve mcdonald's wife in coronation street
5578,who wrote don't stop me now by queen
5579,who sings nobody gonna break my stride
5580,how was education different in athens and sparta
5581,who invented first refrigerator & in which year
5582,when does new season of hard knocks start
5583,what does the j in sainsbury's stand for
5584,where does the word capital punishment come from
5585,where do fuser and alberto meet the indigenous couple who were traveling to look for work
5586,when was the last time a volcano erupted in costa rica
5587,chromosomes are found in what part of the cell
5588,who plays anastasia steele in fifty shades of grey
5589,who is the original singer of leaving on a jet plane
5590,where is ant and dec saturday night takeaway moving to
5591,where was we need to talk about kevin filmed
5592,who was the longest reigning monarch in the history of england
5593,how many 5 star general in us history
5594,who popularized the idea of evolution in the mid 1800s
5595,why is arabidopsis thaliana a good research tool
5596,who is the villain in age of ultron
5597,who sings your a mean one mr. grinch
5598,who was the actress in dancing with wolves
5599,who played in last year's superbowl 2017
5600,when did leia know luke was her brother
5601,where did the texas chainsaw massacre story come from
5602,when do hurricanes form in the atlantic ocean
5603,who was the first person to use fossils for dating rock layers
5604,when was the last time argentina won a trophy
5605,the son of heaven concept was designed to promote
5606,how many seasons of the dukes of hazzard are there
5607,when do you take step 3 of usmle
5608,what is butter pecan ice cream made out of
5609,what is the true shape of earths orbit
5610,who played michael j fox girlfriend in back to the future
5611,what does the e in ebay stand for
5612,when did london first get bombed in ww2
5613,who played hilary on the young and the restless
5614,it's time to say goodbye andrea bocelli
5615,where does the word honey moon come from
5616,where was the movie august osage county filmed
5617,where does back to square one come from
5618,the difference between london and the city of london
5619,who owns the federal reserve of the united states
5620,how many times has kevin harvick won at phoenix raceway
5621,when may the president of the united states exercise a pocket veto
5622,when did earth wind and fire september come out
5623,what division is st thomas aquinas high school
5624,what island is atlantis on in the bahamas
5625,what is the purpose of the eight fold path
5626,how fast does usain bolt run 200 meters
5627,the person accused of a crime is called the plaintiff
5628,when does the plane crash happen on grey's
5629,where does flight of the conchords take place
5630,wordsworth wrote in the context of what movement
5631,who is first chief minister of uttar pradesh
5632,when did israel give the sinai peninsula back to egypt
5633,what is the meaning of hassan in english
5634,when was baby it's cold outside written
5635,when did the first rocket go into space
5636,who won the first bbc sports personality of the year
5637,where is the 2017 honda cr v built
5638,where is the starting meridian for the longitude system
5639,banks such as merrill lynch took part in the accounting fraud by
5640,what was the deadliest hurricane in american history
5641,when does the next season of homicide hunter start
5642,list the five freedoms of expression guaranteed in the first amendment
5643,where does transcription take place in a typical eukaryotic cell
5644,who played the guitar solo on while my guitar gently weeps
5645,who sings it must have been love but it's over now
5646,what type of castle was the tower of london
5647,who became ceo of indian it company wipro in 2016
5648,who sang the original song i'll be there
5649,when does what's wrong with secretary kim come out
5650,grey's anatomy musical episode did they really sing
5651,how old is merida in the movie brave
5652,who wrote the christian song i can only imagine
5653,in the film adrift did they all die
5654,who played in the most world series games
5655,where are the oldest rocks in north america
5656,who has struck out the most in baseball history
5657,who plays wyatt on days of our lives
5658,where did the term california stop come from
5659,who is the film catch me if you can based on
5660,i can be your hero baby original singer
5661,who appoints governor of reserve bank of india
5662,where did the foo fighters get their name from
5663,who won more national awards for best actor in india
5664,what is the basic function of the cookie and where is it stored
5665,what two new political parties faced off in the election of 1828
5666,who united italy first in the 19th century
5667,hiccup from how to train your dragon voice
5668,eco mark is given to indian product that are
5669,who did the pharoah go to for counsel or advice in how to govern egypt
5670,who does the voice of mort on family guy
5671,who does romeo say he's in love with at the start of romeo and juliet
5672,when did south africa host the world cup
5673,when did the young ones air on mtv
5674,who sings the song let the bodies hit the floor
5675,how many federal district court judges are there in the us
5676,who is considered to be the founder of professional nursing
5677,where is siesta key in florida on map
5678,what was the purpose of the civil service examinations in china
5679,who is the current head of the new york mafia
5680,when did mcdonald's big mac come out
5681,what was paul rudd's name in friends
5682,how much water fills an olympic swimming pool
5683,what was the quebec act and what was its importance
5684,when did the colonies break away from england
5685,how many quorums of the seventy are there in the lds church
5686,what happened to macy on bold and the beautiful
5687,the factor which affects the critical speed of a shaft is
5688,two financial powers of the governor of a state
5689,who is called the beacon of light of asia
5690,what was the structure of the roman catholic church based on
5691,when was the last time michigan won a national championship in football
5692,list of names you cannot use in america
5693,what is universal islands of adventure theme park
5694,when was tasmania cut off from the mainland
5695,when was first pyramid built in ancient egypt
5696,who is regarded as the father of geometry
5697,when does michonne come in the walking dead
5698,what is the function of the constitution of belize
5699,what do you measure with a balance scale
5700,who is the teacher in boy meets world
5701,which river is known as ganga of madhya pradesh
5702,where does it snow the most in oregon
5703,where does the term liberal arts come from
5704,who was the face that launched 1000 ships
5705,who did the patriots beat in the last super bowl
5706,where does the orange river and vaal river meet
5707,who sang the original nothing compares to you
5708,when do new episodes of dragon ball super come out on funimation
5709,who sang when can i see you again
5710,where was the setting for the 2008 award winning film slumdog millionaire
5711,when were the first skyscrapers built in new york
5712,what is the yellow book in dorian gray
5713,when does series 2 of handmaid's tale
5714,who instigated the august 1991 hardliner coup in the soviet union
5715,what happens when you get put on house arrest
5716,surfer girl arm bitten off by shark movie
5717,who sings take it to the limit in the eagles
5718,who plays chloe lane on days of our lives
5719,who played mr bingley in pride and prejudice
5720,where did 4th impact come in the x factor
5721,where are the maldives located on a map
5722,where did the phantom of the opera go at the end
5723,who played luna love good in harry potter
5724,who was the king of england in 1755
5725,who came up with the group areas act
5726,what does it mean to be end of watch
5727,when did the romans dominate the iberian peninsula
5728,what episode of breaking bad does gus die
5729,who directed valerian and the city of a thousand planets
5730,what city is the next winter olympics in
5731,where did terry fox meet his hockey idol
5732,what determines the number of teeth to use on a hacksaw
5733,story of the scorpion and the frog meaning
5734,where did the name donkey kong come from
5735,where does the phrase manifest destiny come from
5736,what is the average weight of a humpback whale
5737,when did the f 150 raptor come out
5738,when does yo kai watch 2 come out
5739,who sang the song a little bit of toast
5740,how was the culture of iran changed after the revolution
5741,what is don't drop that thun thun mean
5742,where is tuscany italy located on the map
5743,where does robin hoods bay get its name from
5744,what were the first five books of the bible called
5745,who sings can't get you outta my head
5746,does everyone in the us have to have health insurance
5747,where does the romantic road start and finish
5748,where is the irving park neighborhood in chicago
5749,what are hollywood walk of fame stars made of
5750,who is the little black girl on full house
5751,what is the median income of the united states
5752,when is the little mermaid 2018 coming out
5753,is puerto rico the same as dominican republic
5754,what does hitting the golden buzzer on america's got talent mean
5755,who declared war first in the spanish american war
5756,what actress plays in fifty shades of grey
5757,what percentage is a level 4 in ontario
5758,who owned the dallas cowboys before bum bright
5759,who is the actor that plays the joker in suicide squad
5760,is a floating charge holder a secured creditor
5761,what are the main sources of drinking water for tuscaloosa
5762,a detailed accounting of the wars with persia were recorded by
5763,who wrote the song i say a little prayer for you
5764,how many seasons of the land before time are there
5765,when was the second edition of frankenstein published
5766,feast of the nativity of the mother of god
5767,what type of cheese to put on pizza
5768,why does blonde hair get darker with age
5769,who sings you belong to me i belong to you
5770,who won the most superbowls in the nfl
5771,what is the top speed of the f-35
5772,when did i want you to want me come out
5773,when was pirates of the caribbean 4 made
5774,who does the voice of the wolf in narnia
5775,why did puck turn bottom's into a donkey
5776,does the glee club win sectionals in season 1
5777,who is ssi and why are they calling me
5778,who is gay king in game of thrones
5779,where did john scott from fox news go
5780,when did women get the vote in america
5781,who won the battle of richmond in the revolutionary war
5782,where was the winter olympics held in italy
5783,who plays campbell in bring it on the musical
5784,who is the actor in the dos equis commercial
5785,where is the bile secreted by liver stored
5786,in the supercompensation theory a decline in strength occurs in what phase
5787,what is the meaning of listen by beyonce
5788,what event began the second front in world war ii
5789,how high is the rope climb in air assault school
5790,in what episode of criminal minds does jj come back
5791,when did joker get his face cut off
5792,what is a person who works on clocks called
5793,who plays shane cantrell on when calls the heart
5794,cricketer who has taken hattrick in both innings of a test match
5795,where did the us capitol used to be
5796,the storage form of glucose in the body is
5797,who was president when yosemite became a national park
5798,what movie was the song material girl in
5799,when did the maple leafs last win a stanley cup
5800,where did the term vegetative state come from
5801,which movie won the best picture award at 89th oscar academy award held in 2017
5802,which crops were covered by the green revolution in the 1960s
5803,where is the ten commandments in the bible located
5804,who are hopes parents on bold and the beautiful
5805,who did the voice of snow white 1937
5806,who sang the song killing me softly first
5807,what side of a powered aircraft has green navigation lights
5808,who discovered penicillin and how did he make the discovery
5809,us imperialism in the late 19th century was supported by which theory
5810,where did the saying be there or be square come from
5811,when do i watch the regular show movie
5812,when does the law of large numbers apply
5813,​the individual credited with ending the panic of 1907 in the united states was
5814,what nfl team does ryan fitzpatrick play for
5815,an organ that produces secretions called hormones is known as a
5816,where did the term pip squeak come from
5817,who played in the first super bowl and who won
5818,who plays elena in the mask of zorro
5819,who played alan turner's son in emmerdale
5820,is there a non live version of bennie and the jets
5821,who developed cognitive therapy for persons with depression
5822,are the patriots in the afc or nfc
5823,who wrote the patriotic song kadam kadam badayeja
5824,who plays cindy lou in the grinch stole christmas
5825,how much of china's land is good for farming
5826,when is brawl stars coming out world wide
5827,when did the bogus legislature meet for the first time
5828,what was the cause of the bleeding kansas
5829,when is dj khaled's album coming out
5830,what is the first mobile operate in namibia
5831,who promoted a pair of twins into the sky as gemini
5832,winner of asia's next top model season 4
5833,who has propounded the idea that we can treat social facts as things
5834,when did friends in low places come out
5835,what is the use of port numbers in a tcp connection
5836,how many spokes are there in indian flag
5837,where is la paz located on a map
5838,when will android oreo be released in india
5839,who rode the motorcycle in the great escape
5840,what are the parts of a buckle called
5841,who is the announcer on wheel of fortune
5842,how many cast members from gone with the wind are still alive
5843,where do wolves live in the united states
5844,when the supreme court announced the principle of one person one vote what did it mean
5845,who was awarded nobel prize both for physics and for chemistry
5846,taarak mehta ka ooltah chashmah serial start date
5847,who provides the direct funds for a loan guaranteed by the federal veterans affairs
5848,who sings searching for a heart of gold
5849,legal age to buy a gun in indiana
5850,who dies in fast and furious tokyo drift
5851,what is the difference between senate and house of representatives
5852,when did the space race begin cold war
5853,what is the hottest temperature ever recorded in michigan
5854,how much of the fresh water on earth is unfrozen and available for humans to use
5855,when is the british flag called a union jack
5856,what did uk soccer officials use before whistles
5857,who represented congress in first round table conference
5858,how big is the kansas city metro area
5859,what does it mean to get redshirted in football
5860,when did they start making indian motorcycles again
5861,when was the first income tax law enacted
5862,where is the lena river located on a map
5863,what are the ghost's name in pacman
5864,name six countries that border france on the north east and southeast
5865,can you smoke in restaurants in any state
5866,when does trailer park season 12 come out
5867,who plays amy's mother in everybody loves raymond
5868,what side of a ship is the starboard side
5869,who played keyboards on the beatles rooftop concert
5870,when did when calls the heart take place
5871,who played frank in father of the bride
5872,when is the new ball taken in test cricket
5873,what language do they speak in czech republic
5874,meaning of the word pentecost in the bible
5875,one of the inner moons of jupiter discovered in 1979
5876,when did the beatles first perform in america
5877,the house in american horror story season 6
5878,who has the most wickets in test cricket
5879,where did see no evil hear no evil speak no evil come from
5880,who's featured in beibs in the trap
5881,how many square feet is a studio apartment
5882,who wrote the general theory of employment interest and money
5883,hague convention abolishing the requirement of legalization countries
5884,sharp pain in right side when taking deep breath
5885,what is the full form of i s o
5886,when is the amazing race on in 2018
5887,is the movie the perfect storm a true story
5888,who are the original members of blink 182
5889,where did the ice bucket challenge come from
5890,what do the italics mean in the sound and the fury
5891,who is the author of wings of fire
5892,how many clubs are in a pack of playing cards
5893,who sang the green green grass of home
5894,where does the name five guys come from
5895,when did republicans gain control of the senate
5896,where are free nerve endings located in the skin
5897,who wrote the lyrics and music to kinky boots
5898,which were the issue(s) voters had on their minds in the 1946 congressional elections
5899,what is the prize money for winning the afl grand final
5900,when did the chiefs go to the super bowl
5901,when did the match game first come on tv
5902,when did the church of christ start in america
5903,when was the last time there was a nba finals sweep
5904,who painted the girl with the pearl earing
5905,where is sugar cane grown in the caribbean
5906,the role of the president pro temp or of the senate is
5907,who plays john kramer's wife in saw
5908,where does star trek discovery take place in the star trek timeline
5909,the great east japan earthquake struck japan on
5910,when was nanda devi national park added to the unesco's list of world heritage
5911,what's a wight in game of thrones
5912,what episode did hyde and jackie get together
5913,who did the remake of the song signs
5914,what is a stop lamp on a car
5915,who starred in o brother where art thou
5916,when does the body secrete epinephrine and norepinephrine
5917,what is wiz khalifa's song black and yellow about
5918,when did the internet first become available to the public
5919,where does the hound of the baskervilles take place
5920,what were the effects of the construction of the erie canal
5921,who sings on thats what friends are for
5922,what is the girl ducks name in ducktales
5923,who is going to be in the world cup finals
5924,what is the robot's name on the jetsons
5925,where does urea come from in the body
5926,who plays brian in the office season 9
5927,who plays rumplestiltskin in once upon a time
5928,how many times has the us flag been changed
5929,who sings that song all about that bass
5930,where is the wine bar in only fools and horses
5931,why is the first shot of the revolutionary war known as the shot heard 'round the world
5932,what is the tenderloin section of san francisco
5933,when did the red iphone 7 plus come out
5934,when did the romantic era begin and end
5935,when does the new season of roseanne premier
5936,who played maya on the suite life on deck
5937,filming location of indiana jones and the last crusade
5938,where does the phrase to the nines come from
5939,when was the fightin side of me written
5940,what is it called when you eat paper
5941,mouse who wants to take over the world
5942,what is the function of ras in the brain
5943,who said i've been rich and i've been poor rich is better
5944,what describes the three impacts of a crash
5945,where was wayne manor filmed in batman begins
5946,where does the novel the great gatsby take place
5947,who is henri in i am number four
5948,who developed the surgical procedure known as the lobotomy
5949,when does disney's freaky friday come out
5950,who sings all i could do was cry
5951,when was instant replay first used in the nfl
5952,what are the different sizes of macbook pro
5953,beauty and the beast 2017 where was it filmed
5954,who has the longest name in the mlb
5955,when did massachusetts become a part of the united states
5956,where can we find tarsier in the philippines
5957,where was the first winter paralympic games held
5958,what is the full name of the conservative party
5959,where does le carnaval de quebec take place
5960,who is pictured on the purple heart medal
5961,who was bmw nearly sold to in 1959
5962,who sang on the great gig in the sky
5963,how many years did deion sanders play baseball
5964,why is continuous monitoring an important activity in risk management
5965,list the four powers that divided and occupied germany
5966,how much did hms victory cost to build
5967,oh lord please don't let me be misunderstood layer cake
5968,what is the wolf's name in neverending story
5969,who discovered treacher collins syndrome and when was it first diagnosed
5970,who sings the counting to 4 song on sesame street
5971,when did fast and furious 7 finished filming
5972,where does most reabsorption in the kidney occur
5973,who wrote the song on a clear day
5974,which institute is known as soft loan window of world bank
5975,who's the head of the house of representatives
5976,drugs that are substrates of cytochrome p450 3a4 and cyp2d6
5977,who has 5 stars on the hollywood walk of fame
5978,where is the most isolated island on earth
5979,what was the engel v. vitale case about
5980,when was the first transatlantic telephone cable service opened
5981,where does season 5 of prison break take place
5982,where did the red light district come from
5983,greater than the sum of its parts word
5984,how do you say peace be with you in muslim
5985,when does a study in scarlet take place
5986,what is the name for a group of jackdaws
5987,who played q in star trek next generation
5988,who plays sheldon's girlfriend on the big bang theory
5989,what article of the constitution outlines the process of amending the constitution
5990,nearest metro station to krishna nagar new delhi
5991,when is it follows supposed to take place
5992,how many nfl championships did the packers win
5993,when does madam secretary's new season start
5994,when did the oil prices start to drop
5995,who was the british brigadier general that captured lighthouse point during the siege of louisbourg
5996,what type of eclipse occured in the 1980s
5997,where did the term space cadet come from
5998,who said i will gladly pay you tuesday for a hamburger today
5999,whats the difference between a newt and a salamander
6000,what type of shark is in shark fin soup
6001,where did the industrial revolution begin in europe
6002,who is the one who got away about katy perry
6003,a portrait of the artist as filipino full story
6004,how many of the regional bank presidents are members of the fomc
6005,when does season 2 of the gifted begin
6006,when did ios 11 beta 1 come out
6007,what's the difference between street fighter 4 and arcade edition
6008,who wrote don't leave me this way
6009,how many athabaskan language groups exist in alaska
6010,where is the thymus located in your body
6011,how did the superhero flash get his powers
6012,who played in the first hockey game ever
6013,is there a new series of the goldbergs
6014,when did the pirates of the caribbean ride open at disney world
6015,how many members are in the nc senate
6016,where is the apennines mountains located on a map
6017,where were the pilgrims in the canterbury tales going
6018,who has a british accent on the walking dead
6019,why did number the stars win the newbery medal
6020,who wrote where ignorance is bliss it's folly to be wise
6021,the u.s. government responded to the financial crisis with unprecedented
6022,who wrote the song kiss an angel good morning
6023,what is the origin of the name basil
6024,who wrote there but for the grace of god go i
6025,when did how deep is your love come out
6026,who operates and controls a corporation in its day-to-day activities
6027,who did the drive by at half sacks funeral
6028,when did the name hinduism first emerged in india
6029,what is the main spices in butter chicken
6030,who won the battle of new orleans in 1812
6031,when was the story of an artist written
6032,what are the functions of the speaker of the lok sabha
6033,how many chick-fil-a's are there in the world
6034,where does the legend of the easter bunny come from
6035,when did the children's rights movement start
6036,can a felon own a gun in nj
6037,when was the star spangled banner made the anthem
6038,what is the speed limit on interstate 25 in wyoming
6039,who plays detective benson on law and order
6040,1 kilobyte is equal to how many bytes
6041,how old was earl sweatshirt when he made earl
6042,who played rosie cotton in lord of the rings
6043,who made the song total eclipse of the heart
6044,how much did the gnp drop from 1929 to 1932
6045,who discovered the basic structure of dna nucleotides
6046,what is the length and width of a acre
6047,what is the median income in the uk
6048,does france have a president and prime minister
6049,where was the power rangers tv show filmed
6050,who played rita in the original power rangers
6051,where did the term 9 lives come from
6052,what is it called when the final card is dealt in texas hold 'em
6053,what was the name of the first atomic bomb dropped on japan
6054,who wrote the chapter of matthew in the bible
6055,what is the purpose of mass air flow sensor
6056,who does mr. jones represent in animal farm
6057,1 marla is equal to how many yard
6058,what movie was the song sweet dreams in
6059,what is congress's power to coin money
6060,when does america's got talent start live shows
6061,who said it is well with my soul
6062,where is the fastest speed limit in the us
6063,when will the next fifty shades of grey movie be released
6064,where does the blackstone river start and end
6065,who wrote the lyrics of the national anthem
6066,who sings we are the champions of the world
6067,who did lin manuel miranda play in hamilton
6068,who owns the mona lisa and where is it today
6069,how many episodes of game of thrones season 2017
6070,what is the name of indian cricket team
6071,what was the album the river originally called
6072,what role does adp/atp play in living cells
6073,when do they throw fish at pike place
6074,what happened to ziva in ncis season 11
6075,who plays the boy in journey to the center of the earth
6076,where did the first european settlers land in america
6077,how many u-boats did germany have in world war 2
6078,who plays the voice of timmy in fairly odd parents
6079,how much debt do we have with china
6080,who plays cody from the suite life on deck
6081,what did hayley die of in coronation street
6082,where did the archaeological department of india carry out excavations in the indus valley
6083,who is the guy in the don't leave music video
6084,city almost at the end of the colombia river crossword
6085,what is i'm feeling lucky button on google
6086,who wrote aye mere watan ke logo lyrics
6087,acromegly is a disorder due to chronically high levels of
6088,kotmithan city is situated on the bank of river
6089,what are the house names in harry potter
6090,who sang the song in the movie the river of no return
6091,how many season of spongebob are there 2016
6092,manila is a fiber extracted from the leaves of
6093,where are the mammillary processes located on a typical lumbar vertebra
6094,when does series 7 game of thrones come out on dvd
6095,who is the atlanta falcons field goal kicker
6096,what is the length of a gibson les paul
6097,what is the length of an nhl hockey rink
6098,who stars in a league of their own
6099,who acted as v in v for vendetta
6100,who played 99 in get smart the movie
6101,what stage did brazil get to in the world cup 2006
6102,who is the original singer of i'm leaving on a jet plane
6103,who wrote the song once i was 7 years old
6104,what is on the fourth floor of the white house
6105,who is the bella twins mother married to
6106,when does the next episode of switched at birth come out
6107,who is roman related to in the great outdoors
6108,who wrote the original how the grinch stole christmas
6109,who sang the song valerie before amy winehouse
6110,how old was fabregas when he joined arsenal
6111,when was the first episode of doctor who aired
6112,when did the oil and gas downturn start
6113,what was the date of the french and indian war
6114,who captured santa anna at the battle of san jacinto
6115,when does pam tells jim how she feels
6116,who says we'll leave the light on for you
6117,do sam and dean find their dad in season 1
6118,where does by the shores of silver lake take place
6119,who discovered the link between thalidomide and birth defects
6120,the vertical groove in the upper lip is the
6121,one of the purposes of the us judicial system is to ___
6122,how many g's do astronauts experience during takeoff
6123,movie where little boy sings killing me softly
6124,who has the most wind turbines in the world
6125,what is the song four green fields about
6126,when was the silver claret jug first presented at the open
6127,who sings you only need the light when it's burning low
6128,what island in the bahamas do the pigs swim
6129,when was the unity accord signed in zimbabwe
6130,what movie has come on eileen in it
6131,where did they film the beach leonardo dicaprio
6132,what is the significance of the feast of the immaculate conception
6133,who was i walk the line written for
6134,where does the month of april get its name
6135,who played the voice of charlie on charlie's angels
6136,who was the founder of kansas state university
6137,who played the daughter in national lampoon's christmas vacation
6138,where did shoo fly pie get its name
6139,where was diary of a wimpy kid filmed
6140,where are prions found in the human body
6141,several cranial nerves innervate structures of the tongue
6142,who sings lay your head on my pillow
6143,name or list three components of a lipid raft
6144,where did the state name maryland come from
6145,sun temple is made up of which rock
6146,when did the spanish first come to north america
6147,when was the last land rover defender made
6148,who sang i want a hippo for christmas
6149,what are the number and products after the krebs cycle (for each glucose molecule)
6150,where is the southern most point in the us
6151,what does cdt stand for in time zones
6152,is jvm a compiler or an interpreter explain in detail
6153,when was the last time mt ranier erupted
6154,when is the president's budget submitted to congress
6155,who killed fergus in once upon a time
6156,what is slow motion by third eye blind about
6157,where are the powers of congress listed in the constitution
6158,how many unesco world heritage sites in uk
6159,how many episodes are there in the first season of rise
6160,who played the young caine in kung fu
6161,cause and effects of the texas war for independence
6162,where was the movie passion of christ filmed
6163,who gave the concept of flow chart for the first time
6164,who does the voice of stewie on family guy
6165,who wrote it's the end of the world
6166,what was the score of the 1958 world cup
6167,where does lymph fluid drain in order to go back into the cardiovascular system
6168,who has won the most clasicos barcelona vs real madrid
6169,when did spain give the us full control of philippines
6170,where does the show blue mountain state take place
6171,who wrote a series of unfortunate events books
6172,when was hank aaron inducted into the hall of fame
6173,when did season 2 of rick and morty come out
6174,when did the cleveland browns move to baltimore
6175,who played manny in diary of a wimpy kid
6176,winter soldier before or after age of ultron
6177,what is the pressure at the center of a hurricane
6178,origin of phrase turtles all the way down
6179,what's the youngest age of consent in the us
6180,who was the voice of jessie in toy story
6181,what are the names of the nsync members
6182,what is the difference between lego and lego creator
6183,who directed one flew over the cuckoo's nest
6184,who wrote the book job in the bible
6185,when was central air conditioning invented for homes
6186,when was the tiger who came to tea first published
6187,who played the original lionel on the jeffersons
6188,who played april kepner on grey's anatomy
6189,what do we type into a search bar
6190,who plays eric on the bold and the beautiful
6191,what evidence suggests that great zimbabwe was a center of trade
6192,where does information from the right retina show up in the cortex
6193,when does the regular season start for nfl
6194,who was given the name israel in the bible
6195,when was the last time macbook air was updated
6196,how many members of the beatles are there
6197,the portion of land that extends into the ocean is called the continental
6198,vanessa's fast talking friend on cosby show
6199,when did rationing start in britain during world war 2
6200,the secret of my love korean drama synopsis
6201,who is now the prime minister of england
6202,what plasma protein plays a large role in osmotic pressure regulation
6203,when is there gonna be an eclipse 2017
6204,what is the meaning of khalsa in punjabi
6205,did the steam engine lead to other inventions
6206,and he likes to shoot his gun lyrics
6207,the largest common language group among north american natives belong to the
6208,when did mamma mia first come out on broadway
6209,when did nigeria capital moved from lagos to abuja
6210,where does the gelatin in gummy bears come from
6211,when did the movie harper valley pta come out
6212,when are they lighting the rockefeller center christmas tree
6213,was reba filmed in front of a live audience
6214,why are there sea lions at pier 39
6215,when does the diary of a wimpy kid come out
6216,who plays scott on young and the restless
6217,where are the electrons most likely located in a molecular bonding orbital
6218,when is season 7 of game of thrones being released
6219,where is savannah college of art and design located
6220,who were vikings and what did they do
6221,what is the prize america's got talent
6222,where do the ashes come from for lent
6223,who played snow queen in once upon a time
6224,what season of big brother was vanessa on
6225,types of houses that are built in kolkata
6226,days go by and still i dream of you
6227,who plays the first nfl game of 2018
6228,who won the new york times v united states
6229,who wrote with great power comes great responsibility
6230,what led to the destruction of the great friday mosque in jenne in the early nineteenth century
6231,what led to the creation of the first continental congress
6232,who played needles in back to the future 2
6233,where does it talk about mary magdalene in the bible
6234,what did the zollverein economic union do for prussia
6235,when was the first form of government created
6236,what was the issue between germany and poland that was the cause of world war ii
6237,how many seasons of quantum leap are there
6238,where was once upon a time filmed abc
6239,where were the common wealth games 2014 held
6240,who is the actor who plays the black panther
6241,when was the movie dances with wolves made
6242,where do the fisher cats play in nh
6243,who is the lead singer of rage against machine
6244,when did the book wrinkle in time come out
6245,what type of car did maxwell smart drive
6246,location of the villages in the state of florida
6247,who played ginny hopkirk in randall and hopkirk deceased
6248,how much g force can a person with stand
6249,who was the kid in charlie chaplin movie
6250,99 percent of the earth's atmosphere by mass is made up of only elements. these elements are
6251,who won the most states in a presidential election
6252,how were the original gansta rap groups (nwa) a pivotal contribution to hip hop culture
6253,when was the first tank used in battle
6254,where did the name savannah georgia come from
6255,how many league titles does manchester united have
6256,who wrote the song on the road again
6257,how many gold medals did canada win in 2014
6258,is costa rica north or south of the equator
6259,who has been the eldest football player to score a goal in a world cup
6260,where in los angeles do the chargers play
6261,when was the last time the ny giants won the superbowl
6262,where does everyone sit in the house of representatives
6263,who are the characters in how the grinch stole christmas
6264,who sings the original song you don't own me
6265,how do you get street view in google maps
6266,when did the flash season 4 come out
6267,what does a sheriff do in south africa
6268,when did the reformation of the catholic church occur
6269,who is celie sister in the color purple
6270,where is the royal ascot horse race held
6271,breeder reactors would provide a renewable supply of fuel for
6272,when did the first mini cooper s come out
6273,what are the surnames of the royal family
6274,where are sporangia found and what is their function
6275,when was night of the living dead released
6276,how many episodes are in glee season 2
6277,who is buried at the arlington national cemetery
6278,who does kate work for in this is us
6279,when did the united states begin its revolution
6280,what type of food is georgia known for
6281,movie that won't be released for 100 years
6282,who built the port city of berenice on the red sea
6283,when did they start using pvc pipe for plumbing
6284,who is made up of the electoral college
6285,where was say something by justin timberlake filmed
6286,when did the first spiderman cartoon come out
6287,which episode of the office is the fire
6288,most influential chief justice of the supreme court
6289,what is equal to 8 memory locations called bits
6290,what is the meaning of density in chemistry
6291,how cold does it get in ontario canada
6292,what is the next series after beyblade metal fury
6293,large island part of north america but belongs to europe
6294,what fraction do you think the prefix centi represents
6295,who do you play as in the witcher 3
6296,what is the name of brazils national anthem
6297,who was the father in sound of music
6298,who did the carolina panthers lose to in the super bowl
6299,how many english ships fought the spanish armada
6300,who sings the song baby dont hurt me
6301,who plays the voice of mabel in gravity falls
6302,when does the 2017 nba awards come on
6303,where is the capital of new york located
6304,who played the part of uncle ernie in the movie version of the rock opera tommy
6305,where is dominican republic located on the map
6306,when does the regular football season start for 2017
6307,when was calibri font made available for use
6308,why did the bee gees get their name
6309,who does the black baby on shameless belong to
6310,where did the name huntington disease come from
6311,what is the meaning of force in science
6312,mapungubwe location and time of existence of society
6313,who plays danny castellano on the mindy project
6314,who sings how am i suppose to live with out you
6315,how many players are on a nba basketball team
6316,who has the most wins between real madrid and barcelona
6317,how many games do you have to win in the nba finals
6318,what is meaning of selah in the bible word
6319,how far is league city texas from houston texas
6320,speed of a wave in terms of k and w
6321,how many letter are in the arabic alphabet
6322,who owns the 666 building in new york
6323,why is it necessary to control variables in an experiment
6324,where is siargao island located in the philippines
6325,who do you play in far cry 5
6326,who did dionysus rescue from the island of naxos
6327,the solution of the missing neutrino problem from the sun's core was resolved by the discovery of
6328,who was the king of france in 1306
6329,who is every rose has its thorn about
6330,who won the amazing race asia season 5
6331,where does their eyes were watching god take place
6332,where do they go in the lizzie mcguire movie
6333,who plays mr. tumnus in the chronicles of narnia
6334,who appoints the members of the federal reserve board of governors
6335,who won season 1 america's next top model
6336,where does language come from in the brain
6337,who won season 10 of britain's got talent
6338,is american and canadian sign language the same
6339,what form of communication did ancient greece use
6340,what is the theme of the 2018 world radio day (wrd)
6341,the bolt ev uses what kind of motor to drive
6342,why did they call it hang the dj
6343,when was nuclear energy first commercially used in the united states
6344,when is south park fractured but whole out
6345,what organ contains bacteria that help produce vitamin k
6346,when was the birth control pill made available
6347,who was the guy behind the fence in home improvement
6348,who starred in the second a star is born
6349,what is first book in harry potter series
6350,how much money does america spend on its military
6351,who wrote the book my experiments with truth
6352,who plays stefano on days of our lives
6353,indefinite leave to remain uk how long can i be out of the country
6354,which groups of elements are not found as free elements (pure substances) in nature
6355,story behind if we are the body by casting crowns
6356,the microbes or bacteria which converts atmospheric nitrogen into nitrate in the soil is
6357,what term describes all the dna of a species
6358,where is grey matter found in the brain
6359,what does the suffix dono mean in japanese
6360,nebraska on a map of the united states
6361,who played the role of bane in dark knight rises
6362,who is the head of state in china
6363,who sang the songs in mamma mia movie
6364,when was the lion witch and wardrobe written
6365,where does lark rise to candleford take place
6366,where was harry potter and the goblet of fire filmed
6367,how old was messi when he started his career
6368,where is the delorean used in back to the future
6369,is fit for a king a christian band
6370,who wrote the novel king solomon's mines
6371,when is the mlb all star game played
6372,who sings one day more in les miserables
6373,who was the first female medal of honor recipient
6374,how many are the elements of the periodic table
6375,what was written first lord of the rings or the hobbit
6376,what did leaders of the new culture movement of the late 1910s in china want to happen
6377,who won the battle of somme on the first day
6378,family guy episode brian and stewie build a house
6379,what can you be reincarnated as in hinduism
6380,longest reigning wwe champion of the modern era
6381,what is the origin of the name kane
6382,which group has had the most supreme court justices
6383,when was the atomic bomb dropped in hiroshima
6384,when were 1000 dollar bills taken out of circulation
6385,did game of thrones have any emmy nominations
6386,why are economists interested in measure of elasticity
6387,who sings for dan stevens in beauty and the beast
6388,who's won the most fa cup's
6389,is jimmy anderson the best bowler in the world
6390,who does clary end up with in mortal instruments
6391,what were the main objectives of the spanish in the new world
6392,who are the guys on the sonic commercial
6393,why can a piano be considered both a string and a percussion instrument
6394,where will the fifa world cup be held in 2018
6395,earth's surface features that form at divergent boundaries
6396,who is regarded as the father of the scenario method
6397,who sang the song she blinded me with science
6398,who played dr. smith in lost in space
6399,when did spain win their first world cup
6400,when was the ferris wheel at navy pier built
6401,where is paper currency made in the us
6402,who developed what is considered to be the industry standard for assessing and diagnosing sociopathy
6403,where are oranges grown in the united states
6404,who is the 3 headed dragon in transformers 5
6405,when did the lg g6 phone come out
6406,who has won the most number of kerala state film award
6407,where did the idea of representative government first develop
6408,the mother of dragons in game of thrones
6409,when does chromosome replication occur in eukaryotic cell
6410,who does peter parker end up with in the comics
6411,who appoints the judge of the supreme court of india
6412,what is the name of the famous book written by charles darwin
6413,where is bagram air force base located in afghanistan
6414,why did burke leave yang at the altar
6415,about 7 of plasma is made up of proteins. the most abundant of these plasma proteins is
6416,who plays charlie in all dogs go to heaven
6417,which explorer traveled to the carolinas and oklahoma and found the mississippi river
6418,non banking finance company (nbfc) is controlled by which organization
6419,when was the last time that england won the world cup
6420,how did the english get new york from the dutch
6421,what is the purpose or function of the sympathetic nervous system
6422,who plays maggie horton on days of our lives
6423,where did the phrase breakfast of champions come from
6424,who is heading the indian army during bangladesh liberation war 1971
6425,what movie was the song return to innocence in
6426,who was the head bartender on the long running u.s. tv series the love boat
6427,who played the banker in it's a wonderful life
6428,which state is the home to the longest beach in the united states
6429,who canceled the production of a cradle will rock two days before opening night
6430,who was the captain who died on deadliest catch
6431,who has won the most major golf titles
6432,who sang i will follow him in sister act
6433,who was involved in the 1938 day of mourning
6434,when did scotland become part of united kingdom
6435,members of the beatles who are still alive
6436,when does winter officially start in south africa
6437,which process is a common practice that has been used by farmers for hundreds of years
6438,does stefan turn his humanity back on in season 6
6439,sketch the character of antonio in the merchant of venice
6440,where were they going in the canterbury tales
6441,who do you play as in dead rising 3
6442,who played the japanese sailor on gilligan's island
6443,who sang the original song king of the road
6444,how many different xbox one consoles are there
6445,the names of the fairies in sleeping beauty
6446,what elvis movie was return to sender in
6447,at what age can you vote in uk
6448,who played the lead role in black panther
6449,who wrote i wonder where you are tonight
6450,what is the first book in the skulduggery pleasant series
6451,who played neil on once upon a time
6452,an ssri medication such as prozac inhibits (blocks) the process known as
6453,who is the main character in shadow of war
6454,who is known as the father of modern rocketry
6455,who wrote the music for the hunchback of notre dame
6456,where is the footy show filmed in melbourne
6457,how has the supreme court responded to newspapers' attempts to publish leaked information
6458,what was the 1st animated movie from disney
6459,in mahabharat who was born from two mothers
6460,what is the name of hanuman's father
6461,the only one who agrees to accompany everyman to death is
6462,when did the green revolution started in india
6463,what is on top of the ark of the covenant
6464,name of the band in pitch perfect 3
6465,who is the founder of clash of clan game
6466,when did the nba change the first round of playoffs to 7 games
6467,where does the blood go after the inferior vena cava
6468,who has held chief minister office for longest period of time
6469,when did the lion king open in london
6470,who sings the song standing in the hall of fame
6471,what is the meaning of the blue color in the philippine flag
6472,who began the one hundred days rule and when
6473,who wrote the song in the year 2525
6474,what's the meaning of the name jeremy
6475,when did call of duty 3 come out
6476,who does angela have a baby with on the office
6477,who fired the shots that began the civil war
6478,when is martyr s day observed at national level in india
6479,where was the truman show filmed in florida
6480,who does johnny depp play in charlie and the chocolate factory
6481,the intermediate appellate courts in the federal court system are called
6482,is staten island in new jersey or new york
6483,where did the yin and yang originate from
6484,the idea that even if something is out of sight it still exists is called
6485,the shame of the nation chapter 3 summary
6486,who lives in a house like this song
6487,what is the name of the ocean in cape town
6488,in vat which term is used for tax charge on sales
6489,it was old but it was beautiful lyrics
6490,when was the last time catalonia was independent
6491,what did the chinese use oracle bones for
6492,what is the population of lake placid florida
6493,who was the supreme court justice who was impeached
6494,when did zody's go out of business
6495,which vitamin is produced by bacteria in the colon
6496,who own the rights to the black panther movie
6497,is jerry a girl on tom and jerry
6498,according to 2011 census mean population density of karnataka
6499,where is parkhurst prison on the isle of wight
6500,what is the first star wars movie in the series
6501,what were the three parts of the atlantic slave trade
6502,why do you want to be a member of jack and jill
6503,who sang dedicated to the one i love
6504,what does the marine stewardship council logo mean
6505,what is the main street in south beach miami
6506,what is the significance of the equivalence point
6507,what is the largest denomination of us currency
6508,who was required to have affirmative action programs
6509,who plays rachel gatina in one tree hill
6510,who is the lead singer for savage garden
6511,meaning of the song i write sins not tragedies
6512,where does the name the habs come from
6513,who plays dean's vampire friend on supernatural
6514,what are the components of the renal corpuscle
6515,who sings the song hungry like a wolf
6516,how many members in scooby doo's group
6517,how many are registered to vote in the us
6518,what is the population of the human race
6519,what is the movie dead poets society about
6520,what does it say on the entrance to auschwitz
6521,who made play that funky music white boy
6522,in vampire diaries do elena and damon date
6523,if you could only see tonic song meaning
6524,is the new lost in space the same as the old one
6525,who was the first black quarter back in nfl
6526,what part of the kidney senses changes in blood pressure
6527,who plays mr selfridge in the hit series
6528,what is the most practiced religion in south korea
6529,who manages the south african government's finances
6530,athens is the birthplace of this form of government
6531,when was the salary cap introduced to the nhl
6532,when did the united kingdom became a country
6533,who made the city of babylon the center of an empire
6534,who is the academy award oscar named after
6535,the sympathetic chain of ganglia is found at the
6536,a loan for which a specific asset is used as collateral or pledged
6537,what class of food does egg belong to
6538,when did the first rocket go to the moon
6539,where was the first professional football game played
6540,when does harry potter cursed child come out
6541,where does coffee beans come from in the world
6542,who was the woman who worked with gorillas
6543,distance from john o groats to lands end
6544,where does the term cherry picking come from
6545,during which phase of cell cycle is dna synthesized
6546,new york times vs united states who won
6547,what's the average snowfall in flagstaff arizona
6548,who made the draft of the constitution and when
6549,who wrote courtesy of the red white and blue
6550,where did the stones record exile on main street
6551,what is the first game in the nfl season
6552,where will the 2018 super bowl be played this year
6553,what is the first commandment in the new testament
6554,who played mother superior in sound of music
6555,who is the queen in star wars episode 1
6556,box office collection of the film tiger zinda hai
6557,what does sodo stand for in seattle wa
6558,what is the meaning of hallelujah by panic at the disco
6559,where does mad max video game take place
6560,who wrote to make you feel my love
6561,when did baby i'm worth it come out
6562,who sings keep your head to the sky
6563,who played malfoy in the harry potter movies
6564,the florida speed limit for rural interstate highways unless noted otherwise is generally
6565,when did bo leave days of our lives
6566,first atomic power station in india was started at
6567,who plays scarlet witch in days of future past
6568,who wrote and sang knockin on heaven's door
6569,who does the voice of trevor in gta v
6570,the rate at which one's body burns calories at rest
6571,when was the first gastric bypass surgery performed
6572,who was the leader of vietnam during the cold war
6573,when is the next series of the 100 coming out
6574,what movie has the song california dreaming in it
6575,how do you say meat pie in french
6576,who wrote the song jessica by the allman brothers
6577,what is the use of interface unit in fire alarm system
6578,how tall was the actor who played herman munster
6579,can you still get a diners club card
6580,what was the last year of the fox body mustang
6581,who plays the opera singer in fifth element
6582,who is the lead singer of the spin doctors
6583,where does the movie the notebook take place
6584,who plays michelle's boyfriend in coronation street
6585,who is the voice of the mad hatter
6586,when is the sacrament of anointing of the sick administered
6587,when did joseph smith publish the book of mormon
6588,what does the name eden mean for a girl
6589,who said the holy alliance as high sounding nothing
6590,who wrote the music for les miserables broadway
6591,where does highway 1 start in southern california
6592,when does lois start working at the daily planet
6593,who won the 2016 open championship at royal troon
6594,where do bumble bees live in the world
6595,when does the 8th season of the walking dead start
6596,when is whos line is it anyway on tv
6597,where is the original flag of the philippines
6598,for helical gear the helix angle generally ranges from
6599,what is the size of the isle of wight
6600,who owns the patch of grass between the sidewalk and the street
6601,who give music to the song sare jahan se acha
6602,which came first tcp/ip or osi
6603,when will the new tappan zee bridge be done
6604,who is the prime minister of england 2018
6605,who initiated the storage of information on punched cards
6606,what is pressed to death in the salem witch trials
6607,how long is an nba 20 second timeout
6608,who sang joey i'm not angry anymore
6609,how many letters does the french alphabet have
6610,what do the stars and stripes mean on the chicago flag
6611,when did the seattle metropolitans win the stanley cup
6612,when did the little rock nine take place
6613,according to the supremacy clause which level of government is supreme
6614,when did the stop and frisk law start
6615,main tera hero is a remake of which movie
6616,who proposed the double helix structure of dna
6617,who presented the last seprate rail budget of india
6618,where are bobcats located in the united states
6619,name of submarine in voyage to the bottom of the sea
6620,how many degrees of freedom does the​ t-statistic have
6621,who wrote the lyrics to always on my mind
6622,when was the chinese take out box invented
6623,when did yamaha grizzly go to fuel injection
6624,how far away can you see a meteor
6625,is the film a united kingdom based on a true story
6626,when was the last time lfc won the league
6627,who discovered jupiter and when was it discovered
6628,where is punta cana dominican republic world map
6629,where was the battle of little bighorn fought
6630,what's the story of alice in wonderland
6631,who is grendel's father in the poem
6632,who is responsible for contracting for subcontractor service on a project
6633,what is the meaning of kashmir by led zeppelin
6634,how many atoms of chlorine (cl) are in the carbon tetrachloride molecule (ccl4)
6635,president of the united states during world war ii
6636,who regulates the insurance industry in the uk
6637,where did the sand on waikiki beach come from
6638,when legislators are acting according to the trustee model of representation they should
6639,who does the intro for monday night football
6640,who is the lady that does the progressive insurance commercials
6641,where does the garden state parkway start and end
6642,who played the cigarette smoking man on the x-files
6643,how much did it cost to make the great gatsby
6644,alter-ego adopted by rosalind in as you like it
6645,are pinto beans and brown beans the same thing
6646,who played virgil on the andy griffith show
6647,how many games are in round 1 of nba playoffs
6648,when was my utmost for his highest written
6649,where is the sugar bowl game being played
6650,where did the civil rights act of 1964 make segregation illegal
6651,what does nha stand for in the medical field
6652,when did the song burning love come out
6653,how did the stamp act and intolerable acts lead to the american revolution
6654,who establishes the rules about naturalization of citizens
6655,do the winners of the fa cup go into the champions league
6656,how many seasons of saddle club are there
6657,what is the native language of the maldives
6658,who wrote the words to the song taps
6659,where does the last name nicholson come from
6660,who drives for kyle busch in the truck series
6661,who does young catherine marry in wuthering heights
6662,who is milo on dancing eith the stars
6663,who sings the song someone i used to know
6664,when was the derby last run on a wednesday
6665,when does the 2018 ncaa basketball season start
6666,who are they fighting in saving private ryan
6667,where does a table of contents go in a report
6668,who votes on the ap college football poll
6669,who published the health and social care act 2012
6670,where is the us navy base in japan located
6671,when did world of war craft come out
6672,how many bones are in an infants body
6673,when do you make your wager in final jeopardy
6674,how far across is the english channel to swim
6675,what is the symbol of sun in the philippine flag
6676,movie about a train going around the world
6677,who wrote you ain't woman enough to take my man
6678,when did they stop using asbestos in popcorn ceilings
6679,last line of the movie some like it hot
6680,who played han solo son in star wars
6681,who established muslim league in balochistan and when
6682,how many sets of twins are there in the us
6683,where is disney world located at in florida
6684,what is the song like a stone by audioslave about
6685,what was i don't like mondays about
6686,what type of government did the articles of confederation created
6687,where in india is the taj mahal located
6688,who's the football player that scored most goals in the same world cup
6689,according to science how many days are in a year
6690,who did they use to finish furious 7
6691,in what year were walter pauk's style of notes developed
6692,climate for the northeast region of the united states
6693,in what part of texas did the chainsaw massacre happen
6694,what is the meaning of xo tour life
6695,for which book is author sherman alexie best known for
6696,who played christina yang on grey's anatomy
6697,who is the actress that played 7 of 9 on star trek
6698,when did the runner up stop becoming vice president
6699,what are the three parts of large intestine
6700,the most basic protection for a lender of funds secured with a residential property is the
6701,in adults most bone marrow in the long bones of the extremities contains
6702,scottish virtuoso percussionist made a dame in 2007
6703,what is the bible book song of solomon about
6704,when did the cool ranch doritos come out
6705,where were zhong zhong and hua hua born
6706,malwa majha and baba regions are all part of which state
6707,where did the bantu of east and southern africa migrate from
6708,when does homeland season 7 start in the uk
6709,what is the 12th man in texas a&m
6710,who is a richest person in the world
6711,who played the candy man in willy wonka
6712,who played julie in look whos talking too
6713,in summer paralympics games 2016 held in rio de generio gold medal in men's high jump was won by
6714,when does jj come back from the pentagon
6715,which type of muscle contraction contributes most to the development of doms
6716,when did the declaration of independence get to england
6717,who is playing the role of parvati in mahakali
6718,who plays college football on new year's day
6719,where do king and queen of spain live
6720,the president of india has been provided with executive powers under article
6721,when was sgt pepper released in the uk
6722,where was sex and the city 2 filmed in morocco
6723,who is known as the father of green revolution
6724,when did the movie easy rider come out
6725,when did the arizona cardinals move to arizona
6726,amendments to the charter of rights and freedoms
6727,who's won the most majors in golf
6728,who sang if you like it put a ring on it
6729,when do you see the first dragon in game of thrones
6730,who plays justin on wizards of waverly place
6731,purified extract of the female tropical cochineal insect
6732,american actor writer and director who won an egot
6733,what is the function of the optic nerve
6734,who is the present united states champion in wwe
6735,who played simon barlow's mother in coronation street
6736,who played jeffrey dahmer in american horror story
6737,who does the little girl voice in despicable me
6738,why do dogs have pads on their legs
6739,when is the next aurora teagarden movie coming out 2017
6740,where did hemingway write for whom the bell tolls
6741,where is the mesophyll located in a plant
6742,yeh un dinon ki baat hai serial timing
6743,where does the saying patience is a virtue come from
6744,who does nat wolff play in death note
6745,who plays the astronaut on big bang theory
6746,when does a embryo attach to the uterus
6747,who wrote the original james bond theme song
6748,duties of an elder in the lds church
6749,when is season 7 of once upon a time coming out
6750,who sings you drop the bomb on me
6751,who plays tommy's voice in the rugrats
6752,the part of the body that separates the mouth from the nasal cavity is the
6753,the supreme court's ruling in the civil rights cases held that
6754,who fought with the british in war of 1812
6755,in which book is scheherazade a story teller
6756,when did south africa became a member of brics
6757,why are there letters on road signs in missouri
6758,when does quinn get out of the wheelchair
6759,where does reduction take place in an electrochemical cell
6760,chemist who contributed towards the discovery of oxygen
6761,where does the name strictly come dancing come from
6762,where does the new karate kid take place
6763,which of the lens manufacturer did nokia partner with for the nokia 7 plus
6764,who hit the longest drive in golf history
6765,where does the blood in the pulmonary vein come from
6766,who sings how do u talk to an angel
6767,what is the name of the river in bangkok
6768,what is c moon about by paul mccartney
6769,who played cousin emma on sanford and son
6770,what is the symbol of the philippine flag
6771,who were the founding members of the united federation of planets
6772,where does the name prefab sprout come from
6773,what is the coastal region of mexico known for its resorts
6774,how to obtain a declaration of nullity from the catholic church
6775,who sings paint it black in the last witch hunter
6776,when does game of thrones season 6 start
6777,who sings i'm just a jealous guy
6778,who played jason voorhees in freddy versus jason
6779,where is the netflix series cedar cove filmed
6780,bhoodan movement made its beginning in the state of
6781,when did the many adventures of winnie the pooh come out
6782,who does maisie play in game of thrones
6783,who was the president of america in 1995
6784,where is costa rica located on the map
6785,what is the point of the confederations cup
6786,on heating pb(no3)2 the products formed are
6787,where did the stanford prison experiment take place
6788,who do northern ireland rugby players play for
6789,where does the mysterious benedict society take place
6790,when does meet me in st louis take place
6791,what is the largest river in new york
6792,where did the mount st helens eruption happen
6793,what is the range of a tesla model x
6794,how many astronomers are there in the united states
6795,when did season one of greys anatomy come out
6796,who sang the songs in the helen morgan story
6797,in the little man computer the number of mail boxes are
6798,list of all ivy league schools in u.s
6799,what is the name of tirupati railway station
6800,where do the scarlets rugby team come from
6801,where does the electron transport chain take place in photosynthesis
6802,when did ncaa tourney expand to 64 teams
6803,who played jimmy in high school musical 3
6804,what other kingdom claimed ownership of the northern islands of scotland
6805,what part of sacramento is sac state in
6806,who was the book of hebrews written too
6807,who introduce the first term cell in the year 1665
6808,when was the department of housing and urban development founded
6809,who is the song how do you like me now about
6810,the frsc was formally established by the act of parliament in
6811,who did new york choose on i love new york
6812,what does second impression mean in a book
6813,who has ian beale been married to in eastenders
6814,when might the green light be missing from the traffic light sequence
6815,if a function is continuous then it is differentiable at that point
6816,is the mcg the largest stadium in australia
6817,who played in the 2001 afl grand final
6818,scientific management theory and the ford motor company
6819,while you were sleeping korean drama release date
6820,when did the minnesota vikings last win a superbowl
6821,who does jason sudeikis voice on cleveland show
6822,who is the hennessey venom gt made by
6823,where did keenan evans go to high school
6824,when is house of cards season 6 released
6825,what kind of reaction is the hydrolysis of atp
6826,where does the great white shark originate from
6827,flag with black yellow and red horizontal stripes
6828,why is point roberts not part of canada
6829,what are all riverdale episode titles based on
6830,when was robert e lee statue in charlottesville va erected
6831,how many books are in the left behind kid series
6832,who compiled the first list of all known elements
6833,who was the first person to measure the earth's circumference
6834,what was the name of punky brewsters dog
6835,who played dr minnick on grey's anatomy
6836,are there more metallic elements than non metallic elements
6837,who wrote the music for the green mile
6838,when were the extra books of the catholic bible added
6839,when was the jehovah's witness religion founded
6840,where did arby's get it's name
6841,where do most rare earth elements come from
6842,whats the different between a bunny and a rabbit
6843,what was the subject of the first xray
6844,when was the new deal put into place
6845,where is pepsin most active in the body
6846,when is a social security number issued at birth
6847,who was the first to notice that distant galaxies were red shifted with respect to closer stars
6848,how much is it to renounce us citizenship
6849,is the queen's birthday a public holiday in england
6850,who was the mc on this is your life
6851,mantis actress in guardians of the galaxy 2
6852,who played the role of swami in malgudi days
6853,who owns the rights to guns and roses
6854,where do they film 8 out of 10 cats
6855,where was the movie war of the worlds filmed
6856,where is the new raider stadium being built in las vegas
6857,who did the tigers trade for jose iglesias
6858,what movie has i can't help falling in love with you
6859,what was randalls job on this is us
6860,when did saint elmo's fire come out
6861,who wrote the ten commandments the first time
6862,how many episodes are there in season 1 of 13 reasons why
6863,do they serve beer at mcdonald's in germany
6864,who rebuilt kashi vishwanath mandir in 16 th century
6865,what did pete best play in the beatles
6866,where did the name for the drink bloody mary come from
6867,who is the mayor of santa rosa ca
6868,who plays the voice of mufasa in lion king
6869,corn beans and squash the three most important crops of the wampanoag were also known as
6870,where is he's just not that into you
6871,who passed the no child left behind act
6872,what is the purpose of a capacitor in a ceiling fan
6873,what city is mike and molly set in
6874,what are the basic needs at the lowest level of maslow motivational hierarchy
6875,river that runs through southern siberia near china
6876,how did the congress raise the necessary troops for the continental army
6877,what is the definition of man made environment
6878,who sang the song when you're strange
6879,who sang moon river in the film breakfast at tiffany
6880,how much did chelsea sell de bruyne to wolfsburg
6881,when does super meat boy forever come out
6882,who was the one that got away written about
6883,where was the titanic heading to before it sank
6884,where was the us embassy in israel before
6885,who was the first latin american baseball player voted into the baseball hall of fame
6886,when were tobacco ads banned in the us
6887,what was the rat's name on charlotte's web
6888,what is an increase in a cell's membrane potential
6889,what's the major league baseball record for games won in a row
6890,who plays young cece rhodes in gossip girl
6891,who plays cassie blake in the secret circle
6892,who played beverly lasalle on all in the family
6893,when is the season 4 of the flash coming out
6894,how do blue ringed octopus catch their prey
6895,why do i need to talk so much
6896,what sonar device let morse code messages be sent underwater from a submarine in 1915
6897,who transferred his capital from delhi to daulatabad
6898,how many world cup finals has belgium won
6899,what is the population of the scilly isles
6900,which battle led to the american recapture of the philippines apex
6901,who sang don't you want somebody to love
6902,when did west virginia leave the big east
6903,what is the difference between simulacra and hyperreality
6904,who sang simon smith and his amazing dancing bear
6905,what bridge does the d train go over
6906,how many states are there in the union of the united states
6907,what is the meaning of the pythagorean theorem
6908,what is the meaning of return in java
6909,what is the 5th amendment right against self-incrimination
6910,will it be a season 8 of game of thrones
6911,who played the black girl in imitation of life
6912,when was the baseball hall of fame established and for what reason
6913,when does the playclock start in the nfl
6914,who plays brennan's brother in step brothers
6915,who killed wellington in the curious incident of the dog in the nighttime
6916,who was the first elected president of south africa
6917,how many planes are in the canadian air force
6918,who is the new singer for stone temple pilots
6919,who was the first america got talent winner
6920,where did the duffer brothers go to school
6921,who has the biggest gdp in the world
6922,what is the temperature in the desert at night
6923,when was america taken off the gold standard
6924,game of thrones season 1 episode 1 short summary
6925,who wrote the seven wonders of the ancient world
6926,when did the french pull out of vietnam
6927,who sings the theme song for true blood
6928,story of it is well with my soul lyrics
6929,when is hello my twenties season 2 coming out
6930,when did microwaves become a common household appliance
6931,when does wwe 2k18 come out on ps4
6932,who plays nurse gladys in open all hours
6933,when does the one tree hill theme song come back
6934,where are the galapagos islands located on a map
6935,where did the battle between rama and ravana take place
6936,where is the 2024 solar eclipse going to be
6937,who came up with separation of church and state
6938,assuming res ipsa loquitur is established what is the effect of that doctrine
6939,meaning of the story of sodom and gomorrah
6940,who headed the freedmen's bureau following the civil war
6941,which way do winds blow around a low pressure system in the northern hemisphere
6942,has a team ever played superbowl at home
6943,where is the 18th congressional district in pennsylvania
6944,where does it say the ten commandments in the bible
6945,when blood volume and pressure is low which part of the brain triggers the thirst response
6946,mamas don't let your sons grow up to be cowboys
6947,is the new zealand national anthem in english
6948,who sang a new york state of mind
6949,how many us colleges and universities are there
6950,who was going to play rachel in friends
6951,how long do painter turtle eggs take to hatch
6952,can you see kennecott copper mine from space
6953,who plays doc brown in back to the future
6954,what is the location and function of the pharynx
6955,who voices star vs the forces of evil
6956,who sings brand new pair of roller skates
6957,who holds the most medals for team gb
6958,a cotter joint is used to connect two rods which are in
6959,what happens at the end of diabolik lovers
6960,where did the tradition of an inaugural address come from
6961,who directed the musical episode of grey's anatomy
6962,what voices are the same in peppa pig and ben and holly
6963,what is the literal meaning of hajj in arabic
6964,where does a nuclear bomb get its energy from
6965,when was west virginia formed as a state
6966,where did the element arsenic get its name
6967,who won the first nba finals series between boston and los angeles in the 1980s and what year was it
6968,what kind of truck in monster trucks movie
6969,what town do the bennets live in in pride and prejudice
6970,when does a bank report a deposit or withdrawal to irs
6971,which us city is the game of monopoly based on
6972,who plays pipers mom on orange is the new black
6973,who played andrew on the facts of life
6974,what actor played the cat in the hat
6975,when does a car need its first nct
6976,what episode of the office does jim and pam get married
6977,how many episodes is there in game of thrones series 7
6978,japan's sphere of influence was in what region
6979,who came up with the gun free zone
6980,what was the supreme courts ruling in the dred scott case
6981,statue of liberty when was it given to us
6982,what does the expression mind your p's and q's
6983,who has been the tallest u.s. president to date
6984,where can nervous tissue be found in the body
6985,when did the shooting happen in greys anatomy
6986,who has more ncaa basketball championships duke or north carolina
6987,what team has the most super bowls in the nfl
6988,what is a continuous series of underwater mountains called
6989,who played max when he turned into a girl
6990,where does atlantic time zone start in canada
6991,where was any which way you can filmed
6992,major french automobile manufacturer part of the psa peugeot
6993,what is the meaning of annuit coeptis novus ordo seclorum
6994,what order do you read the maze runner in
6995,who was the british general who surrendered at yorktown
6996,where does night at the museum take place
6997,who sang baby i love your way in jumanji
6998,where are the palatine and lingual tonsils located
6999,why is the thistle scotland's national emblem
7000,who came up with the show the voice
7001,where does the name legionnaires disease come from
7002,how many died in the las vegas shooting
7003,who conducted the lord of the rings soundtrack
7004,how many seasons of log horizon are there
7005,where does portland's nba basketball team the portland trailblazers play
7006,whats the difference between ac and dc electricity
7007,where is the first ever mcdonald's located
7008,bob dylan blowin in the wind original version
7009,who owns the means of production in capitalism
7010,who wrote fly me to the moon frank sinatra
7011,who is the oldest player to ever hit a homerun
7012,what is the location of the citrus bowl
7013,when is planning said to be effective for an organisation
7014,who sang the theme song for have gun will travel
7015,who has the power to propose amendments to the constitution of the united states
7016,who played the judge on my two dads
7017,where does jumanji welcome to the jungle take place
7018,i gotta find your lovin i gotta find your heart
7019,who did we get the florida territory from
7020,nankana sahib is the popular name for the birthplace of
7021,where does the term green room come from
7022,who said the government is best which governs least
7023,when did the yukon become part of canada
7024,where is drinking age 18 in the us
7025,who did aibileen work for in the help
7026,walking dead who is on the phone in prison
7027,when was conscription introduced in australia during the vietnam war
7028,where are most us troops in japan stationed
7029,who built the twin towers in new york
7030,when does water stop flowing from hypotonic to hypertonic solution
7031,who sings winnie the pooh theme song 2011
7032,when does l die in death note anime
7033,what would you say is the possible function of the moro reflex in infants
7034,what was the bay of pigs all about
7035,agents of shield character played by chloe bennet
7036,what is the meaning of the name keneth
7037,who sang i'll be there for you friends
7038,what geographical feature of the ocean floor is between the shoreline and the continental slope
7039,what is the name of the new atlanta braves stadium
7040,when is a good considered an inferior good
7041,who played nixon in days of future past
7042,who has the sole power of impeachment in the constitution
7043,who played in the odd couple on broadway
7044,who plays lord voldemort in chamber of secrets
7045,who played in the first super bowl game
7046,who was the actor who played the predator
7047,where does the saying gone pear shaped come from
7048,when does the movie the last jedi come out
7049,how many miners were in the california gold rush
7050,manipulation of the genetic makeup of cells or whole organisms is known as
7051,when did they start putting serial numbers on guns
7052,who wrote i just want to dance with you
7053,who did the voice of mufasa in the lion king
7054,when is the 4th trials of apollo coming out
7055,how long do past presidents get secret service protection
7056,where are weather balloons located in the atmosphere
7057,who plays jon snow in the game of thrones
7058,when was the goal post moved in the nfl
7059,the smallest piece of data that can be represented by a computer
7060,what is the deadliest hurricane to hit the united states
7061,touching one part of the body and feeling it in another
7062,first nfl playoff game to go into sudden death
7063,after flash thompson finished bullying peter parker he became
7064,which economic system is based on private ownership of land and resources
7065,who played whitney houston sister in the bodyguard
7066,how many seasons of my mother and other strangers are there
7067,when was the bible taken out of schools
7068,how much were the actors in friends paid
7069,who did patsy marry in ab fab movie
7070,what is the burj al arab known as
7071,who plays the fairy god mother in shrek 2
7072,where did disney get the idea for the castle
7073,who takes the pisa test in the united states
7074,what kind of books does david baldacci write
7075,where is the super bowl going to be played in 2019
7076,when did france give the u.s. the statue of liberty
7077,where was the movie the grand seduction filmed
7078,when was the last time the red sox had a no hitter
7079,which descriptions are part of the definition of french overture
7080,when did mothering sunday start in the uk
7081,who's playing in the winter classic 2018
7082,who dies in the first season of orange is the new black
7083,when was o canada proclaimed the national anthem
7084,who wrote i was jack and you were diane
7085,when does the new season of the ranch come on netflix
7086,nile blue can be used to test for the presence of
7087,who is next in line to the throne in england
7088,when were the presidents carved into mount rushmore
7089,how many sounds are there in english phonetic
7090,what is the determinant of the identity matrix
7091,when does the third season of rick and morty start
7092,who was the first egyptian king to be called pharaoh
7093,who sang lord its hard to be humble
7094,what is the name of the largest constellation
7095,the slow movement of a multimovement cycle is called
7096,is the next star wars movie in production
7097,who wrote the song i only want to be with you
7098,who won the second series of big brother
7099,when will semi finals gold cup be played
7100,what part of cow is new york strip
7101,when does clark tell lana his secret in smallville
7102,where did the battle of alamo take place
7103,what role did convict leasing play in the south after emancipation
7104,where do you find famous niagara water falls
7105,where are taste receptors located on the tongue
7106,when did the first afghan cameleers arrive in australia
7107,who has played for liverpool and real madrid
7108,october sky at the beginning of the movie what was the radio announcement about
7109,what do we call the two year period of time during which congress meets
7110,what does the word skol mean for the minnesota vikings
7111,who built the first practical telescope and developed a theory of colour
7112,are they making more seasons of criminal minds
7113,where did they film game of thrones season 2
7114,when does the presiding officer of the senate vote
7115,who is the injured man in the open boat
7116,book review of india 2020 by apj abdul kalam
7117,largest white shark caught on rod and reel
7118,when was the first person sent to space
7119,how many arms does a sea star have
7120,what is the unesco and what does it do
7121,when did the financial crisis in greece start
7122,where will the 2026 fifa world cup final be held
7123,what does the first name of an organism identify
7124,where did the first chick fil a originate from
7125,what is the next pokemon series after indigo league
7126,who sings when i met you in the summer
7127,how many terms can the president of the philippines serve
7128,where did the idea of individualism come from
7129,what windows term describes moving from one location to another
7130,when did nottingham forest win the fa cup
7131,when does celebrity big brother start in usa
7132,where did the first olympic games take place
7133,who sang i shaved my legs for this
7134,where are the male gametes produced in plants
7135,the civil service act in 1883 was enacted to counter
7136,the last time the rock was on wwe
7137,when was the last time orlando pirates won a cup
7138,who is the girl in guns n roses
7139,body of water between china and korean peninsula
7140,when was the flamingo in las vegas built
7141,the reaction of iron to form rust is called
7142,does a tie count as half a win in nfl
7143,who plays the lead orc in lord of the rings
7144,when was the new denver broncos stadium built
7145,who was april going to marry before jackson
7146,who played jacob carter on stargate sg 1
7147,who played april on too close for comfort
7148,will there be a new season of the strain
7149,has there ever been an undefeated nba team
7150,what is the name of india nepal border
7151,what episode does izzy cut the lvad wire
7152,when was the song as time goes by written
7153,what is lagging and leading power factor in generator
7154,is the president of the senate the vice president
7155,when did the us change the legal drinking age
7156,who played jaqen h'ghar in game of thrones
7157,who led north vietnam during the vietnam war
7158,when is a return statement required inside a function
7159,how many units of alcohol in a 12 oz beer
7160,who plays blair's father in gossip girl
7161,what does the bloc quebecois party stand for
7162,who is the lorax and what is his role
7163,what are three other names for makar sankranti
7164,what is the first of the seven deadly sins
7165,who was president when atomic bombs were dropped
7166,where is the broca's area located in the brain
7167,what category was ivan when it hit florida
7168,why did the green power ranger turn white
7169,who plays kim kelly on freaks and geeks
7170,the falkland islands are off the coast of what south american country
7171,sweat glands are found primarily in or on the
7172,seinfeld episode george dates girl looks like jerry
7173,states with highest number of professors in nigeria
7174,who does seth green talk for on family guy
7175,who sings the song who's fooling who
7176,who does the uk bribery act 2010 apply to
7177,it is well with my soul lyrics bethel meaning
7178,what is the meaning of penance in the catholic church
7179,where is the last scene of the sound of music filmed
7180,when does jessica jones season 2 come out
7181,who did the warriors play in the finals
7182,when did jane austen wrote sense and sensibility
7183,when is a bachelor party supposed to be
7184,how much of china did japan take over
7185,when was the last time houston won world series
7186,when was the last time the bengals were in the super bowl
7187,when do you use chi square test as a statistical test
7188,what are the 3 types of musical ensembles in thailand
7189,what female hormone that isn't produced by the follicle is now being produced by the corpus luteum
7190,when was the cladding put on grenfell tower
7191,who purchases or pays for workers compensation insurance
7192,where does the time change on interstate 65
7193,is a skink a reptile or an amphibian
7194,who lost his head in the french revolution
7195,who wrote the song bewitched bothered and bewildered
7196,when does ellie have her baby in chuck
7197,is the enteric nervous system part of the autonomic nervous system
7198,who won the battle between athens and sparta
7199,which article of indian constitution grand the establishment of supreme court
7200,who is the first female supreme court chief justice
7201,when did queens of the stone age form
7202,happy days was a spinoff from what us tv show
7203,where do i get a postal money order
7204,who sang with one direction on x factor
7205,who sang the song all my exes live in texas
7206,when was the original peter pan movie made
7207,how long did it take to build philadelphia city hall
7208,what is devils postpile national monument in california
7209,so you think you can dance what do you win
7210,how many episodes of inuyasha are there total
7211,can a man legally change his last name
7212,who sang everybody get together try to love one another right now
7213,who was the song sweet caroline written for
7214,in the bacterium escherichia coli dna replication is
7215,what happens at the end of gilbert grape
7216,where is austin texas located in the state
7217,where did the name domino's come from
7218,who came up with a cure for tuberculosis
7219,who is the actor that plays iron man
7220,who is the guy singing in if we were a movie
7221,where was the first vancouver folk music festival held
7222,who is the host on price is right
7223,when did the uk stop selling leaded petrol
7224,the appellate court's primary function is to review the trial court's decision for
7225,where did the song little drummer boy come from
7226,what is the real name of iron man
7227,when does a player have to declare for the nba draft
7228,what is the name of the largest part of the human brain
7229,what is the theme of tom and jerry
7230,what battle were tanks first used in ww1
7231,who said the calla lilies are in bloom
7232,how many games are there in the nba semifinals
7233,a railroad that stretches from the east coast to the west coast is called the
7234,who established the first workable crime​ laboratory
7235,can a state law overrule a federal law
7236,when does the movie november criminals come out
7237,when did the last episode of cheers air
7238,who sings somethings gonna change my world
7239,who said power corrupts and absolute power corrupts absolutely
7240,where does atropine block the release of acetylcholine
7241,where on the map is ellicott city maryland
7242,anastasia from 50 shades of grey real name
7243,where is the series death in paradise filmed
7244,what are the flaps of the heart valves called
7245,who played cw moss in bonnie and clyde
7246,who won america's next top model season 1
7247,who won i'm a celebrity get me out of here 2018
7248,hotel and restaurant employees and bartenders international union
7249,where does most elder abuse and neglect take place
7250,where is the apollo theater located in new york
7251,who wrote the book a history of british india
7252,what was the source of the pharaohs wealth
7253,what is the profession of the little couple
7254,who plays summer in young and the restless
7255,where is big bear lake located in california
7256,what is it called when a word ends in ing
7257,who sings lead vocals on aerosmith dream on
7258,when does a new school year start in america
7259,what type of business is chick fil a
7260,which individual or group has the power to propose an amendment to the federal constitution
7261,when was no child left behind act passed
7262,what nation owned the territory of panama in 1901
7263,what is the official bourbon of the kentucky derby
7264,when did the jim crow law start and end
7265,when did the slave trade end in britain
7266,when was the draft of the national assembly constitution completed
7267,when is the indian army / navy / airforce day celebrated
7268,first english ship to circumnavigate the world in 1577
7269,when did locked out of heaven come out
7270,what stage is america in the demographic transition model
7271,what colour is the fire fighting chief officers helmet
7272,who is mary's husband in the bible
7273,how old is meg in a wrinkle in time
7274,what episode does walt say say my name
7275,who wrote the song sare jahan se acha hindustan hamara
7276,where does the phrase rock and roll come from
7277,who wrote the music for muppet christmas carol
7278,when did mens figure skating become an olympic sport
7279,what type of calendar is the jewish calendar
7280,where did the last name santos come from
7281,whos the mother in how i meet your mother
7282,who decides how to prosecute a hybrid offence
7283,who played anne shirley in anne of green gables
7284,when did wonder woman first appeared in a comic book
7285,where is the university of west alabama located
7286,when did the battle of the bulge begin
7287,when did they storm the beaches of normandy
7288,the highest officials in the government of the roman republic were
7289,where does the term car boot come from
7290,when does the rugby super league season end
7291,who wrote the national anthem of the united states of america
7292,when was the first edition of the oxford english dictionary completed
7293,what city did the northern pacific railroad choose for its terminus in 1873
7294,actress who played scout to kill a mockingbird
7295,what do the five rings in the olympic flag represent
7296,elvis presley can't help falling in love record
7297,what should be the heart rate of a normal person
7298,when does ellie find out chuck is still a spy
7299,where do you put the stickers on ohio license plates
7300,who was emperor of rome in 79 ad
7301,what was the purpose of the pure food and drug act
7302,does naomi get her money back from guru
7303,how old do u have to be to do a ride along
7304,how many structures burned in the santa rosa fire
7305,who did the song i want my mtv
7306,who are the presidents carved in mount rushmore
7307,what language do they speak in the kite runner
7308,where is the setting of a streetcar named desire
7309,who taught ayo and teo how to dance
7310,when were sewing machines first used in the home
7311,when was the 1000 dollar bill discontinued in canada
7312,who is the first indian president to die in office
7313,which treaty required germany to pay reparations after world war
7314,when does love and hip hop season 7 start
7315,who is president after the vice president dies
7316,who contributes at least half of the funds to medicaid
7317,who played michael myers in the original halloween
7318,where does the spotted lantern fly come from
7319,when was celibacy introduced in the catholic church
7320,who starred in the original my fair lady
7321,when does teddy fall in love with henry
7322,where was the final scene of thelma and louise filmed
7323,who is the last living person from the 1800s
7324,what is the payout for american ninja warrior
7325,where is the 2018 all star game going to be
7326,how many times csk play final in ipl
7327,how many shows does wheel of fortune film in a day
7328,who played the part of megan in pale rider
7329,who was elected president of the constitutional convention
7330,who was the first army chief of nepal
7331,the famous work poverty and un british rule in india was written by
7332,who is the god of love in greek mythology
7333,how did tiffany get her body back in chucky
7334,who sings so nice to be with you
7335,when is the new season of total divas coming out
7336,who appoints judges to the supreme court uk
7337,where was the battle of trafalgar fought quizlet
7338,where is the cold light of day filmed
7339,where are the cells that make up the sinoatrial node or pacemaker located
7340,what was the finale of will and grace
7341,what is the difference between acc and ncaa
7342,what countries have coastline on the mediterranean sea
7343,costa rica is located between which two countries
7344,where is samoa located on the world map
7345,where is the largest power dam in the world what is its source of water
7346,who wrote the speech in the great dictator
7347,what is the highest elevation in florida peninsula
7348,can a us citizen hold a foreign title
7349,who is the returning officer for presidential election in india 2017
7350,where does the tour de france take place
7351,when does saturday night live return in 2017
7352,which geographical area of the u.s. has the highest rate of poverty
7353,who wrote the song remember me from the movie coco
7354,who are the leaders of the mormon church
7355,where was panic at the disco live album recorded
7356,who sang lead vocals on do it again
7357,where is the aorta located on the body
7358,who is considered a senior citizen in india
7359,where was what does the fox say filmed
7360,where does the last name fox come from
7361,what is the significance of lighting olympic torch
7362,an illiterate person can also be called as
7363,what is the movie shawshank redemption based on a true story
7364,who is the actress that plays alice in twilight
7365,chief minister of a union territory is appointed by
7366,what kind of dog is jock in lady and the tramp
7367,how many floors does the palmer house in chicago have
7368,who was the general that fled to england to setup a government in exile
7369,what is the dimension of traffic measurement unit erlang
7370,who shows their hand first in texas holdem
7371,who was the first african american woman to serve in the senate
7372,who is winner of rising star season 2
7373,when was the library of alexandria burnt down
7374,what is a terminal bud on a plant
7375,who are the wwe tag team champions now
7376,where is the current ashes test being played
7377,where does the pacific crest trail start in california
7378,occurs when species that were distinct evolve similar traits
7379,where is the louvre museum located in paris
7380,who is an example of a nationalist romantic composer
7381,who did taylor swift write we are never getting back together
7382,when was the angriest man in brooklyn made
7383,when did the usd stop being backed by gold
7384,where does star wars galactic spectacular take place
7385,where is the bbc show happy valley filmed
7386,peak to peak ripple voltage of half wave rectifier
7387,when did they start using men's names for hurricanes
7388,where do they film the daily show with trevor noah
7389,when did the vietnam was start and end
7390,what were the goals of the tennessee valley authority
7391,when was the last time the eagles and patriots went to the superbowl
7392,where did the term yacht rock come from
7393,who gets the first card in texas holdem
7394,who plays jonathan turner in boy meets world
7395,who played the original snapper on young and the restless
7396,the area which separates pakistan from tajikistan is called
7397,who designed the facade of st peter's in rome
7398,who controls the house and senate right now
7399,who has the fastest 40 at the nfl combine
7400,when is the last time the redskins won a superbowl
7401,who played nick georgiadis in london's burning
7402,what episode do jj and will get together
7403,critical angle of an interface between a dense medium and air
7404,how many times did the chicago cubs play in the world series
7405,when was see me by nicholas sparks written
7406,when was the first comic book ever made
7407,what is the biggest cash crop in kentucky
7408,who attended the second round table conference as the representative of the congress
7409,what is the climate in the blue mountains
7410,where is the show friday night lights filmed at
7411,how did the introduction of the assembly line affect fords factory workers
7412,when did the speed limit change to 65
7413,when was the new colossus added to the statue of liberty
7414,most number of weeks at no.1 in tennis
7415,when was the last time england reached the world cup finals
7416,what type of cells are primarily responsible for the secretion of intrinsic factor
7417,who played the blue ranger in power rangers
7418,what effects did the roman empire have on different roles in government and religion
7419,when did the first amendent of the indian constitution carried out
7420,when is the captian marvel movie coming out
7421,who wrote the war that saved my life
7422,where did the saying sorry charlie come from
7423,who does the voice of elsa in the movie frozen
7424,what is the name of capital of argentina
7425,who has won wimbledon the most times in a row
7426,who were on different sides in the debate over how representation in congress should be allocated
7427,where does citric acid cycle take place in mitochondria
7428,popular styles of music in the middle ages
7429,island of the blue dolphins fiction or nonfiction
7430,where did the term flip flop come from
7431,who did puss in boots grow up in the orphanage with
7432,what is the population of spanish speakers in the u.s
7433,what movie did natalie portman win an oscar for
7434,who developed the world systems theory which explains how global stratification developed
7435,where did the term dopp kit come from
7436,how much did it cost to make avatar movie
7437,who led the red army and made it an effective fighting force
7438,who was the first president of indian science congress meeting held in kolkata in 1914
7439,where did most of the fighting take place in the korean war
7440,where do names for jury duty come from
7441,who did freddie stroma play in harry potter
7442,when do pirates of the caribbean come out
7443,when was the first car made in united states
7444,what is the formula for newton 3rd law
7445,is the talk the same as the view
7446,who was the first disciple to be martyred
7447,where do we get the phrase mind your p's and q's
7448,what is the book of ecclesiastes about summary
7449,who does meg's singing voice in family guy
7450,on auscultation the heart sound s1 indicates the closure of the
7451,when did channel islands became a national park
7452,where is alpha amylase found in the body
7453,what does the term breaking the fourth wall mean
7454,who was the lead singer of the go gos
7455,when did suite life of zach and cody come out
7456,when were the books of the hebrew bible written
7457,how strong was hurricane katrina when it hit
7458,who did michael kill in the wire season 4
7459,have messi and ronaldo ever played against each other
7460,when did a bad moms christmas cone out
7461,who sings i wanna get next to you
7462,when does the server change serving position from right to left court
7463,what part of iceland was walter mitty filmed
7464,when does jurassic world evolution game come out
7465,what is the story things fall apart about
7466,when is maze runner death cure released on dvd
7467,who wrote on a slow boat to china
7468,who does dwyane wade play for this year
7469,where does the right subclavian artery supply blood to
7470,how many meters is the empire state building
7471,who got rid of yellow fever in cuba
7472,where can staph be found on the body
7473,who played jamie shipley in the big short
7474,where is the first engineering college in india
7475,who surrendered first in ww2 japan or germany
7476,what year did north korea and south korea split
7477,farc is a guerrilla army operating primarily in what country
7478,when did the pilgrims arrive in cape cod
7479,how many miles from austin texas to el paso texas
7480,where is the cliturous located on a woman
7481,who wrote the music for the play hamilton
7482,what does rub al khali mean in english
7483,do they ever show the mother on how i met your mother
7484,who invented the first perm for black hair
7485,when does the economist come out what day
7486,who was the first president of ivory coast
7487,who dies in the end of a series of unfortunate events
7488,who won ru pauls drag race season 2
7489,where are hydrolytic enzymes that are found in a typical lysosome synthesized
7490,how many bella italia restaurants are there in the uk
7491,will there be a season 18 of hell's kitchen
7492,who laid out the streets in washington dc
7493,who played gort in day the earth stood still
7494,what is the political system in the usa
7495,who does the voice of dipper in gravity falls
7496,who wrote the lyrics of the philippine national anthem
7497,what was the purpose of the twelve tables in rome
7498,the tomar rajput were defeated in the middle of the 12th century by the chauhan of
7499,when did nando's come to the uk
7500,what is the plot of the lake house
7501,where does the nile river start and end
7502,how many sounds do we have in english language
7503,who has the final authority over all military matters
7504,where are pnc banks located in the us
7505,who is maria going to marry in west side story
7506,what are the four types of soil erosion
7507,what does thou shalt not take the lord's name in vain mean
7508,why do they call it fruit by the foot
7509,nfl teams with 3 consecutive super bowl wins
7510,the legislating affairs in the india constitution have been enlisted into
7511,what is the role of the sarcoplasmic reticulum in muscle contraction
7512,who is the lead singer of brick house
7513,when did the samsung galaxy s1 come out
7514,what is the cats name from alice in wonderland
7515,what's the difference between cbc and fbc
7516,when does new episodes of lost in space come out
7517,who plays the father on republic of doyle
7518,where were the first american factories and what was produced in them
7519,what is the book of hosea about in the bible
7520,where's the baseball all-star game going to be played
7521,who were the buffalo soldiers and what is the significance of bob marley's song
7522,who championed reform and the constitution of 1857 in mexico
7523,how many moons are in saturn's rings
7524,where does another one bites the dust come from
7525,where is the pga championship played in 2018
7526,when did star spangled banner became the national anthem
7527,in 1991 what country declared great while sharks a legally protected species
7528,movie that has nothing's gonna stop us now
7529,where does the last name strange come from
7530,when did the last vietnam pow come home
7531,who wrote all she wants to do is dance
7532,who made the bible into chapters and verses
7533,who is empowered to established the interstate council
7534,what is the structure of the mexican government
7535,when does the big bang new series start
7536,who sang the bed you made for me
7537,who was the general leading the british troops in the battle of yorktown
7538,who was turned to a pillar of salt
7539,who is the only bowler who has taken a hattrick in both innings of test match
7540,when did the first ford mustang come out
7541,actress who plays rose in the last jedi
7542,where is oak island located in north carolina
7543,who sang all for love with bryan adams
7544,when did descendants of the sun start filming
7545,where does the last name fitch come from
7546,what is the main religion practiced in thailand
7547,tell me that you love me song download
7548,who sang the theme tune to dear john
7549,the time of day just after the sunsets
7550,what is the difference between cheddar and colby
7551,the warren court ruled that state legislative districts must be equal in population
7552,who sings good thing where have you gone
7553,where is the strait of hormuz on a map
7554,star vs. the forces of evil season 3 synopsis
7555,what was the purpose of the second national bank
7556,who played daenerys targaryen brother in game of thrones
7557,whats the dogs name in the movie up
7558,what is nala and simba's baby's name
7559,where is the commerce clause and what does it say
7560,where is the tennis us open being held this year
7561,what hand do guys wear wedding rings on
7562,where do the traverse city beach bums play
7563,where does the title the curious incident of the dog in the night time come from
7564,who plays ava on days of our lives
7565,what is the resistance in a conductor dependant on
7566,when did the us dollar became the world reserve currency
7567,what is meaning of vande mataram in marathi
7568,who led the tour de france from start to finish
7569,who plays the doctor on the good doctor
7570,who played the baby on look who's talking
7571,what's the order of the star wars movies
7572,who sings i am your lady and you are my man
7573,what is the cause of red tide poisoning
7574,what is the song highway to hell about
7575,who made the weapons for the greek gods
7576,when did little league start using aluminum bats
7577,which european group forged an alliance with the ethiopian kingdom in the 1540s
7578,who do you love and are you sure
7579,when did dude where's my car come out
7580,who sang i've got a tiger by the tail
7581,is bungou stray dogs getting a third season
7582,who was the movie i can only imagine based on
7583,where are the next world cups going to be
7584,when does godzilla monster planet 2 come out
7585,who was the british prime minister in 2003
7586,who is starring in the new magnum pi tv series
7587,what gas in the stratosphere causes temperatures to increase with altitude
7588,where is ex on the beach 7 filmed
7589,is a consulate and embassy the same thing
7590,who has won the premier league most times
7591,who does the voice of the mucus in the mucinex commercial
7592,do nba coaches have to wear a tie
7593,who played dr john on as the world turns
7594,what happened to teddy husband on grey anatomy
7595,who gets to go to the world series
7596,the erie canal allowed for the transportation of goods from
7597,who sings night time is the right time
7598,who was the first state to secede from the union
7599,what was enlil's punishment to mankind for destroying humbaba
7600,who wrote are you that somebody by aaliyah
7601,who is the majority whip of the house
7602,who plays the theme tune to hetty wainthropp
7603,who played in the movie eve's bayou
7604,who is the band in a star is born
7605,what episode does serena get in a car crash
7606,what episode of seinfeld was elaine not in
7607,who was the first president who lived in the white house
7608,what is that thing under the peace bridge
7609,what is the paper in a hershey kiss called
7610,when did the london eye become coca cola
7611,when does wrestling season start in middle school
7612,who died in the greys anatomy plane crash
7613,when did audi come to the united states
7614,stimulation of a1 adrenergic receptors by norepinephrine results in
7615,what is written below the national emblem of india
7616,who discovered some islands in the bahamas in 1492
7617,when does celebrity big brother us come on
7618,is there a season 2 of wits academy
7619,what is the most important court in the us
7620,who was responsible for early ballooning and what was sent up in the first balloon launch
7621,what was the cause of the explosion of the battleship maine
7622,what time period was the waltons set in
7623,who sings the song i want to swing from the chandelier
7624,who wrote the first version of the pledge
7625,what does herman munster look like in real life
7626,who commissioned the last supper fresco by leonardo da vinci
7627,when does the things they carried take place
7628,what's the dog's name from the little rascals
7629,when did the first ibm personal computer debut
7630,who came to india from china during the reign of harshavardhana
7631,what is the difference between house of representatives and congress
7632,where does the title the myth of sisyphus come from
7633,when was the last time the kansas city chiefs won the superbowl
7634,who plays trina sister on real husbands of hollywood
7635,where does sound get converted into neural impulses ​
7636,what does the eos stand for in canon cameras
7637,where is the image in a plane mirror formed
7638,where did the term chinese auction come from
7639,where is keeping up with the jones set
7640,where is the las vegas raiders stadium located
7641,who sang the original bring it on home to me
7642,when was chestnuts roasting on an open fire written
7643,who hosted the first jeopardy episode on march 30th 1964
7644,in the united states at what age do males need to register for the draft
7645,difference between standing wave flume and venturi flume
7646,who defends tom robinson in the 1960 book to kill a mockingbird
7647,who plays the dog in game of thrones
7648,when did the greek empire begin and end
7649,when did the wheel of time series start
7650,where does the term doing porridge come from
7651,when did the north korean nuclear program start
7652,do you have to be christian to go to trinity western university
7653,how many episodes of that 70s show are there
7654,what month did that's what i like come out
7655,where is love it and list it too filmed
7656,who said the line i'll have what she's having
7657,what's the name of the pittsburgh steelers coach
7658,who did the spanish crown expel in 1609
7659,is a us passport a valid form of id
7660,where is the eurovision song contest being held this year
7661,form in which carbohydrates are transported in plants
7662,who sang she's out of my life
7663,the long road home is it a series
7664,when was the venetian built in las vegas
7665,the story of the little train that could
7666,when did 2 spaces after a period change
7667,when do high school football players have to commit to a college
7668,who plays the female lead in the movie raam leela
7669,how does a widget work in a pint glass
7670,who play the beast in beauty and the beast
7671,where in france is the ryder cup held
7672,what is the holiness code in the bible
7673,the cavity in the shaft of a long bone is called the
7674,who plays wonder woman in the new movies
7675,who makes decisions about what goods to produce in north korea
7676,who sang the original version of let it rain
7677,where does the river danube flow from and to
7678,when were the branches of the military founded
7679,the stage in action potential that immediately follows depolarization is known as
7680,what is the movie atomic blonde based on
7681,heisman trophy winner that played in the nba
7682,names of the parts of the human brain
7683,when did australia go to egypt in ww1
7684,1 2-ethanediol (ethylene diol) has uses that include
7685,herbs are plants with soft stem which die after giving
7686,where do the disturbances that cause tropical storms originate
7687,why does northern bangladesh have a humid subtropical climate
7688,who pays for renovations on holmes makes it right
7689,when did federal income tax start in u s
7690,who does barry allen fall in love with
7691,who is the drummer for noel gallagher's high flying birds
7692,what city is the hgtv show good bones filmed in
7693,where does atp synthase get the energy to make atp
7694,who won the gold cup in cheltenham 2018
7695,when does gods plan music video come out
7696,where is the ohio river valley on a map
7697,who is playing at halftime at superbowl 2018
7698,when did the flyers win the stanley cup
7699,is six flags and great america the same thing
7700,how many members in supreme court of india
7701,who became known as the father of the constitution
7702,who was the person who dropped the atomic bomb
7703,what is the first of the 12 days of christmas
7704,no of seats reserved for sc and st in lok sabha
7705,if there is a default on a mortgage the mortgagor after the foreclosure sale has the right of
7706,who occupied the white house during the war of 1812
7707,where do wild turkeys live in the us
7708,when did the newest macbook air come out
7709,when was the hitchhiker's guide to the galaxy published
7710,where did the 1989 exxon valdez oil spill occur
7711,where is the united nations building in new york
7712,where was the movie the proposal filmed at
7713,what's the longest running cartoon network show
7714,do you get europa league for winning the efl cup
7715,who wrote the book of lamentation in the bible
7716,who wrote king arthur legend of the sword
7717,what mountain range has the highest mountains in all of europe
7718,what is the role of executive in india
7719,what does the panama canal use to raise and lower ships
7720,who played the solo on reeling in the years
7721,who plays kensi blye on ncis los angeles
7722,who dies in dr jekyll and mr hyde
7723,who won indias first olympic medal in badminton
7724,where does the seven deadly sins originate from
7725,are any of the singers in little big town married to each other
7726,what did the pilgrims agree to when they signed the mayflower compact
7727,when did they discontinue the 2 dollar bill
7728,who does the singing in queen of the damned
7729,who lives on the ranch in esperanza rising
7730,what is the local name of the philippine mouse deer
7731,who did tom brady play in his first super bowl
7732,who came up with the social control theory
7733,who plays samantha carter in stargate sg 1
7734,who plays the little girl on the grinch stole christmas
7735,are the channel islands a part of great britain
7736,who is the cast of modern family talking to
7737,who played clara edwards on andy griffith show
7738,pet shop boys' first uk number one single
7739,who acts as the head of both the houses of parliament
7740,the supreme court decision in mcculloch v. maryland (1819)
7741,when does the new season of love and hip hop start
7742,who sings let it be in across the universe
7743,what was the name of the first band sting played in
7744,who was sweet child of mine written for
7745,how many games to get premier league medal
7746,who sang old flames can't hold a candle to you
7747,the tendency to remember information at the end of a sequence is called the
7748,who is the actor that died in fast and furious
7749,nilgiri himalayan and arabian are types of animals
7750,who plays barney from how i met your mother
7751,when did religious tolerance first appear in european laws
7752,who sings the theme song on empty nest
7753,what is the name of mirabell's servant
7754,where did they film beauty and the beast 2017
7755,the hard outer covering of a seed is called
7756,who is the actress that plays daphne on switched at birth
7757,where did crying in the club come from
7758,when does luke skywalker know leia is his sister
7759,who led the team that challenged the separate but equal ruling
7760,where does the last name archer come from
7761,when did nike start the just do it campaign
7762,who wrote song with a little help from my friends
7763,who is lead singer of rage against the machine
7764,where did green day get their name from
7765,when did the monorail open at disney world
7766,what part of the world is saudi arabia located
7767,who gets chosen for the home run derby
7768,when is the first game for the nba championship
7769,where did the steel for the empire state building come from
7770,where did the torch relay for 2018 asian games began
7771,who won the capturing of goliad in 1835
7772,where is the island shaped like a heart
7773,where does the brown family live in alaska
7774,where does blood go after the pulmonary artery
7775,when was the last time rangers won stanley cup
7776,is a crossbow considered a firearm in canada
7777,what are the three types of plant tissue
7778,who played capt kirk in the new star trek
7779,who was 'man of the match' in india's 1983 world cup winning final
7780,what is the name of president of america
7781,where is the executive branch found in the constitution
7782,where is modern family supposed to take place
7783,where does the atlantic meet the north sea
7784,where did the dove peace symbol come from
7785,when was thanksgiving changed to the fourth thursday
7786,when did they build the golden gate bridge
7787,when did harley davidson introduced the evo motor
7788,under the stafford act declaration process who requests federal assistance
7789,who does dr strange fight in the movie
7790,what year did the movie traffic come out
7791,where do green tree frogs lay their eggs
7792,who played cinderella in once upon a time
7793,the paintings on the walls and ceilings in the ajanta cave depict mainly
7794,when will the man who killed don quixote be released
7795,how many liters is in a barrel of oil
7796,who came to the english throne as a result of a bloodless revolution
7797,how many times has australia hosted the commenwealth games
7798,name of the lead singer of imagine dragons
7799,who sings it always feels like somebody's watching me
7800,where were the olympics held in the year 2016
7801,who was head of the cia in 2016
7802,when did the galaxy note 3 come out
7803,when was the last time washington won stanley cup
7804,is the show the originals a spin off
7805,where is war of the planet of the apes set
7806,what did king john do to kenilworth castle
7807,who played gabriel in the original far from the madding crowd
7808,who played the chief in one flew over the cuckoo's nest
7809,when was the hawaii volcanoes national park established
7810,the noise level in db during day for residential area shall be
7811,when did the battle of spotsylvania start and end
7812,who played aunt pittypat in gone with the wind
7813,star trek next generation season 5 episode 4
7814,who won the last horse racing triple crown
7815,who owns the copyright to the smiley face
7816,who has to sign the official secrets act
7817,who wrote the words to star spangled banner
7818,when does the 43rd season of snl start
7819,what is cot in terms of sin and cos
7820,who beat alabama for the championship last year
7821,where did the last name webb come from
7822,what is the type of government in wales
7823,west is the best east is the least
7824,main character of the ocean at the end of the lane
7825,who was the killer in and then there were none book
7826,which country will the icc under 19 world cup tournament take place in january 2018
7827,is a polar bear a predator or prey
7828,where should a slide be placed on a microscope
7829,in the bible what is the role of the priest
7830,where did the peanut butter and jelly sandwich originate
7831,where was the movie conan the destroyer filmed
7832,who is aire to the throne of england
7833,where does the pledge of allegiance come from
7834,where is bemidji in mn on the map
7835,where did the industrial revolution spread to after great britain
7836,when was the art institute of chicago founded
7837,is the princess and the goblin a disney movie
7838,where does fertilization takes place in human beings
7839,what port is utilized by secure imap (imaps)
7840,where did the measurement of a mile come from
7841,how many divisions did the german army have in ww2
7842,who sings the oh yeah song from ferris bueller
7843,is game of thrones based on the book
7844,what is the capital city of the dominican republic
7845,how many jack reacher films have there been
7846,where is the pelvic located on the body
7847,how old is the story of king arthur
7848,what actor played ralphie in a christmas story
7849,who was married to bet lynch in coronation street
7850,the san andreas fault is an example of which kind of tectonic plate boundary
7851,who wrote the song yes we have no bananas
7852,who designed the trophy of indian super league
7853,where was jurassic world fallen kingdom filmed at
7854,where was pride and prejudice filmed with keira knightley
7855,who sides with captain america in civil war
7856,how many times has india been a member of un security council
7857,who went up in a chariot of fire
7858,who played guitar on is there anybody out there
7859,when did they start working on mount rushmore
7860,the crisis that sparked the un to create an international law
7861,where is leave it to beaver supposed to take place
7862,when does master chef junior start in 2018
7863,linkin park leave out all the rest release date
7864,virginia is a commonwealth what does that mean
7865,the electrical impulse of the heart travels in what order
7866,when did catalytic converters become mandatory in us
7867,language did the drafting committee write the indian constitution
7868,where is the little league softball world series held
7869,who dies in the sixth harry potter book
7870,who sang you're the one that i want
7871,who came up with the idea of the titanic
7872,who sang please don't let me be misunderstood
7873,when is there going to be an eclipse in the united states
7874,who wrote the song girl you'll be a woman soon
7875,when did the brooklyn dodgers move to california
7876,when did the cubs start playing go cubs go after wins
7877,where is the metric system used in the us
7878,who is the us department of education secretary
7879,who described the method of mass transfer in binary systems
7880,by 1967 the reaction against the war on poverty resulted in
7881,what is the average height of a nba power forward
7882,when do shar pei puppies get their wrinkles
7883,where are the headquarters of the united nations located
7884,what does the flag of the us represent
7885,who is considered the first tirthankar in jain religion
7886,where does the blue ridge parkway begin in north carolina
7887,what can you get a life sentence for in the uk
7888,who sings i'm living in a box a cardboard box
7889,where is chocolate hills located in the philippines
7890,who painted the pictures on the show good times
7891,what name was given to african american who moved to the great plains
7892,the lowest possible energy state of an atom is called its
7893,who's the lead singer of talking heads
7894,can 2 players have the same number in the nfl
7895,who gave the dutch a claim to north america
7896,what is the most recent star trek movie
7897,how many episodes in season one of mayans
7898,when does season 2 of a series of unfortunate events come out
7899,when did world war 2 in europe end
7900,when was the huddled masses poem added to the statue of liberty
7901,who does the voice of barry on archer
7902,who was the presiding officer at the constitutional convention
7903,what season do arizona and callie get together
7904,what was decided by the first continental congress
7905,production of new bony matrix is by which cell type
7906,who plays ash in ash vs evil dead
7907,what was the name of the the first episode of doctor who to air in 1963
7908,who sings the songs on eddie and the cruisers
7909,where did the worm in tequila come from
7910,who wrote bills bills bills by destiny's child
7911,who was irans leader who embraced western governments after world war 2
7912,who is the patron saint of losing things
7913,how many vice presidents of the united states have there been
7914,when did game of thrones get ahead of the books
7915,how many episodes are in season 1 of seal team
7916,who plays mark and luke on the following
7917,where does pati from pati's mexican table live
7918,how many episodes are there in moon lovers
7919,what is the release date for save the world
7920,the southern border of the sahara desert is known as the
7921,where is the little mermaid movie 2018 playing
7922,is a hex key the same as an allen key
7923,where did the saying mind your own beeswax come from
7924,discuss the contributions of linguistic theory to stylistics
7925,when did the good place season 2 start
7926,who does the voice of doofenshmirtz on phineas and ferb
7927,who wrote the score for west side story
7928,the end of reconstruction in the south came with the
7929,what is the effective length of a seconds pendulum
7930,how many years is med school in us
7931,who played kate in last tango in halifax
7932,what type of tariff is prohibited by the u.s. constitution
7933,what season were the cowboys on amazing race
7934,in the fairytale what were the emperor's new clothes made from
7935,what is the function of virtual local area networks (vlans)
7936,who discovered that light is an electromagnetic wave
7937,where does tenjou tenge anime end in the manga
7938,what are the parts of a cowboy hat called
7939,declaration on the rights of indigenous peoples signatories
7940,who sang the original son of a preacher man
7941,what is the meaning of mergers and acquisitions
7942,why did the romans create a lot of portraits
7943,how long does it take to become a doctor in china
7944,when does it start to snow in north dakota
7945,brother in dont tell mom the babysitter's dead
7946,who has the power to declare war in the us
7947,what do glow plugs do in a diesel engine
7948,where are the green mountains located on a map
7949,which one of the beatles are still alive
7950,where is cilia located in the respiratory tract
7951,when did the second industrial revolution take place
7952,what is the top folder of the file tree called
7953,when is the mother day celebrated every year
7954,is ico connected to shadow of the colossus
7955,how tall is the great pyramid of egypt
7956,who plays jason in the 2009 friday the 13th
7957,when did cristiano ronaldo sign for manchester united
7958,who played eve baxter on last man standing
7959,reko diq is a mining project in pakistan for
7960,do yellow finches change color in the winter
7961,when was the last time manchester united won the champions league
7962,which country occupied korea during world war ii
7963,where did the church of god come from
7964,what were the roots of the blues aesthetic
7965,who plays willow in buffy the vampire slayer
7966,who played uncle fester in the addams family movies
7967,where are lymph nodes found in the human body
7968,who has the highest networth in the world 2017
7969,when was the movie the boy in the striped pajamas made
7970,can i buy a gun without a license in south africa
7971,which person or group brought polyphonic music into the christian church
7972,where does the world get most of its energy
7973,the products of meiosis i in oogenesis are the
7974,where is the soccer world cup taking place this year
7975,who won wimbledon women's singles champion 2014
7976,tomb of the unknown soldier guard change times
7977,what does p.g.a. stand for after a name
7978,where did earl campbell go to high school
7979,what is the current in finding nemo called
7980,where does the movie queen of katwe take place
7981,where is the wedge in newport beach located
7982,what happens to sludge from a sewage treatment plant
7983,who holds the record for eating the most big macs
7984,when did the term director come into use
7985,where did the shogun live during the edo period
7986,what is the order of the thor films
7987,who sang i would do anything for love
7988,why are the olympic rings the colors they are
7989,when the british fired on chesapeake in june 1807 congress
7990,where does the saying many happy returns come from
7991,how does thyrotropin releasing hormone travel from the hypothalamus to the pituitary gland
7992,he played liz and petes boss on 30 rock
7993,who is the couple in how i met your mother
7994,which national park is famous for its beautiful waterfalls
7995,why did germany split into east and west
7996,who was the actress who played princess leia
7997,who killed who in and then there were none
7998,who wrote will u still love me tomorrow
7999,who did the romans overthrow to become a republic
8000,the chihuahua is a breed of dog believed to originate from what country
8001,who sings malcom in the middle theme song
8002,who plays adrian from the secret life of an american teenager
8003,difference between single cut and double cut files
8004,who said imitation is the best form of flattery
8005,what is the purpose of the american cancer society
8006,how far is central point oregon from medford oregon
8007,who is the original singer of you're gonna miss me when i'm gone
8008,who sings never gonna change my love for you
8009,when was phantom of the opera first written
8010,who played chuck on king of the hill
8011,first explorer to discover new land west of europe and africa
8012,​which the following is classified as a somatic symptom or related disorder
8013,where was the ghost and the darkness filmed
8014,what happened to baby jack on the bold and the beautiful
8015,where is the setting for most of steinbeck's books
8016,who makes the fastest car in the world
8017,individuals who come to the us seeking asylum are known as
8018,what is the speed of a falling object after 3 seconds
8019,where is alaska located in the region of the united states
8020,the probable extinction of the ivory-billed woodpecker was mainly driven by
8021,how long do we elect a us representative
8022,who sings once upon a december in the movie anastasia
8023,i can see clearly now the rain has gone original singer
8024,who does ryan from million dollar listing work for
8025,moment of inertia is which type of quantity
8026,who is life is a highway original by
8027,who wrote the tune to god save the queen
8028,which multimedia team member is likely to use an edl (edit decision list)
8029,who did taylor swift wrote the song mine about
8030,what was the first hotel casino in las vegas
8031,where did the phrase you can get blood out of a turnip come from
8032,where are the catalytic domains of receptor enzymes located
8033,which group on the periodic table contains magnesium
8034,where do you go to get a facial
8035,the kushites of meroe had indirect trade relations with
8036,the primary cause of pediatric aids in the us is from
8037,where is fibrocartilage found in the human body
8038,why is no score in tennis called love
8039,who sings theme song for sons of anarchy
8040,why is the clavicle at risk to fracture when a person falls on shoulder
8041,the girl with the dragon tattoo trilogy in order
8042,who played biff in back to the future movies
8043,what is considered to be the first musical in western musical theatre
8044,where did the rolling stone magazine get its name
8045,where did sheldon from big bang theory go to college
8046,who has the most home runs in yankees history
8047,who does the voice for alex in madagascar
8048,who plays susan in miracle on 34th street 1994
8049,is there a bridge between sweden and denmark
8050,what was roland garros tennis tournament named after
8051,when did northern ireland last qualify for the world cup
8052,why did millionaire matchmaker change to million dollar matchmaker
8053,where does the kanawha river start and end
8054,where are most of the us oil refineries located
8055,do manta rays have barbs on their tails
8056,who sings don't tell me cuz it hurts
8057,who won show me the money season 2
8058,when does the flash season 4 air on the cw
8059,when was 60 days in season 4 filmed
8060,why did they name it the golden gate bridge
8061,when was the endangered species act originally passed and what was its purpose
8062,when did team nz first win the america's cup
8063,who plays christine on young and the restless
8064,who led the league in scoring this year
8065,where was snow white and the huntsman made
8066,who has the most catches in test cricket
8067,when does wonder woman come out in singapore
8068,what is the top wind speed of hurricane irma
8069,how many super bowl rings does the raiders have
8070,when did the data protection act change to include all computer records
8071,what are the three main languages in peru
8072,where did beauty and the beast take place
8073,where is the kuiper belt and what is found in it
8074,who played paul drake on the perry mason tv show
8075,who was the first winner of the next food network star
8076,who is the voice of megara in hercules
8077,what states do not have a concealed carry law
8078,the main intention of the fairness doctrine was to
8079,why was it important for the legal voting age to be lowered to 18
8080,how to be a racing sausage for the milwaukee brewers
8081,a classification that involves values beliefs interests and the like
8082,when does the resident season 1 come out on dvd
8083,the difference between the vestibular folds and the vocal folds is that the vestibular folds
8084,when was the last time the yankees and the dodgers played in a world series
8085,who proposed the idea of independence to the continental congress
8086,what is the proper name of a foot doctor
8087,which department provides benefits for disability or death as a result of military service
8088,who decides what our traffic laws will be
8089,who did the artwork for pink floyd's wall
8090,who is considered the backbone of police services
8091,what was the last year ford made the sport trac
8092,when will celebrity big brother usa cast be announced
8093,when did the vietman war start and end
8094,where did the parents go on good times
8095,when is diving on in the commonwealth games
8096,what type of bonding is present in si
8097,who did paris say was the most beautiful goddess
8098,who is the author of glimpses of world history
8099,did the jamaican bobsled team make the 2018 olympics
8100,when did the us start using the death penalty
8101,is a braid and a plait the same thing
8102,what are the three witches in macbeth called
8103,when was the first time france won the world cup
8104,who built the 1st film studio in the us
8105,who did the virginia plan give more power to
8106,what is the main theme of a clockwork orange
8107,where did they film orange is the new black
8108,who has won the most portuguese league titles
8109,where on earth is there 24 hours of sunlight
8110,who sings you find out who your friends are with tracy lawrence
8111,who wrote the lyrics to man in the mirror
8112,who fought the famous battle near jhelum river
8113,who sings blue heaven is a place on earth
8114,who votes for the winners of los premios juventud
8115,who is not covered by the occupational health and safety act (1970)
8116,who arranged the periodic table by atomic mass
8117,aspect /component of language that includes the structure and rules of language
8118,what poster was on the wall in shawshank redemption
8119,who built the fifth floor of qutub minar
8120,history of garden of the gods colorado springs
8121,the asteroids that cross the orbit of earth belong to a group called the
8122,who plays miss summers on switched at birth
8123,who wins season two of americas next top model
8124,what is the angle of the leaning tower of pisa
8125,what sauce does mcdonald's have for chicken mcnuggets
8126,simpsons episode where homer buys marge a bowling ball
8127,who got married in think like a man 2
8128,who sings gonna hire a wino to decorate our home
8129,where does new years start in the world
8130,which australia won a nobel prize for immune defence research
8131,when did tales from the hood come out
8132,when was 3 point line introduced in high school
8133,who played attila the hun in night of the museum
8134,what part did jason ritter play in parenthood
8135,who took michael's place on the office
8136,when did the samsung s7 edge come out
8137,cooling indian drink made from yogurt or buttermilk
8138,where was the first lighthouse built in america
8139,what wharf does the manly ferry leave from at circular quay
8140,what is front to back ratio in antenna
8141,who sings the song i got a drinking problem
8142,where will uefa champions league final be held
8143,who led the revolt against the english king
8144,how many times is the angel of the lord mentioned in the old testament
8145,where did i dream of jeannie come from
8146,when does the next divergent movie come out 2018
8147,what was the main goal of the strategic defense initiative
8148,when was the british broadcasting corporation (bbc) founded
8149,what is the income limit for non creamy layer
8150,when did the first ikea store open in the us
8151,the departed is a remake of what film
8152,why are there only 17 episodes in season 4 of grey's anatomy
8153,who was the first to record the song tainted love
8154,what are the two largest countries in north america
8155,who sang lead on the rain the park and other things
8156,where does the story the storm take place
8157,who sang you can't hide your lyin eyes
8158,when did the lightning thief book come out
8159,when is the new season of reign coming out
8160,what are the different cultures in new orleans
8161,what is the height of blue mountain in jamaica
8162,where does the vaal dam get its water from
8163,when did the first episode of degrassi air
8164,is french guiana part of the european union
8165,when was the three gorges dam in china built
8166,when did the us women's soccer team start
8167,what caused the eagle creek fire in oregon
8168,who played luna on the big comfy couch
8169,1974 film the flower of the thousand and one nights
8170,who played the riddler in the batman tv series
8171,is the alimentary canal the same as the gi tract
8172,when does the new star wars the last jedi come out
8173,who are the characters of south park based on
8174,who sang those were the days my friend song
8175,where did england claim land in the new world
8176,why are state constitutions usually longer than the u.s. constitution
8177,when did spirit and opportunity land on mars
8178,what is the song new years day about
8179,last us president to serve more than two terms
8180,who was the school of athens painted for
8181,who created the demographic transition model (dtm)
8182,what is the position of india in commonwealth games
8183,who was the inca king who began the conquest that led to the creation of their empire
8184,what was the roof of the parthenon made of
8185,what type of chemical reaction occurs in anode
8186,who wrote the poem we have no time to stand and stare
8187,which type of membrane contains fluid between the visceral and parietal layers
8188,caught up in the middle i could cry just a little
8189,how many parks are there in disney land
8190,what is the criteria for a category 5 hurricane
8191,who sings the divas song in the fifth element
8192,what is the purpose of the general accounting office (gao)
8193,what kind of duck is jemima puddle duck
8194,the unilateral cover test evaluates the eye for
8195,when will the 2018 world series be played
8196,where does the lincoln tunnel exit in manhattan
8197,last time a hurricane hit the west coast
8198,who wrote your love has lifted me higher
8199,where is singapore located on the world map
8200,who sings the songs in walk the line
8201,who were the first judges on britain's got talent
8202,who sang the song the look of love
8203,who sings the theme song on the wire
8204,where is the common bile duct located in the human body
8205,how much electricity does a lemon battery produce
8206,orange is the new black cast correctional officers
8207,where does the london cable car start and finish
8208,who sang maria's songs in west side story
8209,first indian boxer to win an olympic medal
8210,when was the new ofsted inspection framework introduced
8211,who is the actor that plays avery on nashville
8212,who won the fight in freddy vs jason
8213,what type of arabic is spoken in palestine
8214,who played susan in the chronicles of narnia
8215,when was the ballpark in arlington tx built
8216,who was rues mum in home and away
8217,whats the song isn't she lovely about
8218,is canada one of the largest countries in the world
8219,where did the phrase cold shoulder come from
8220,where is french polynesia on the world map
8221,who sang open the door to your heart
8222,where is ellis island located in new york
8223,where was the movie open range shot at
8224,what was the name of thierry’s original documentary
8225,where is most carbon stored in the carbon cycle
8226,how high is the center of the tennis court net
8227,who was the filipino doctor who discovered the antibiotic erythromycin
8228,what topic do all scientific questions have in common
8229,who voices the dad in phineas and ferb
8230,who wrote because he lives i can face tomorrow
8231,when did ghana change driving from left to right
8232,where does the name dow jones come from
8233,where was songs in the key of life recorded
8234,who designed the periodic table we use today
8235,which property is used ti identify the electric charge on the object
8236,when does the next season of spirit riding free come out
8237,who appoints the director of the office of government ethics
8238,where did they film the wally world scenes
8239,who played long john silver in the film treasure island
8240,katy perry this is how we do dancers
8241,jackson browne song about being on the road
8242,where does the columbia river start and end
8243,what nullified the 3 5 compromise in the us constitution
8244,who wrote the lyrics to you've got a friend
8245,disney animation from 1940 with a classical music sound track
8246,who won the basketball national championship in 2018
8247,what is the comb of a rifle stock
8248,who founded the sevagram ashram near wardha in maharashtra
8249,where is guam and who does it belong to
8250,what military museum is located adjacent to eglin air force base in florida
8251,when does game over man come out on netflix
8252,who sings the song this is your life
8253,who survived in the water after titanic sank
8254,what are the major determinant of workers pay
8255,where does the brazos river empty into the gulf of mexico
8256,the shawshank redemption was it a true story
8257,is the eye of sauron in the books
8258,when did the ford model a come out
8259,who transcribed (wrote down) the earliest known manuscript of beowulf
8260,how many times did the falcons win the super bowl
8261,how many song of fire and ice books are there
8262,how much interest does the uk pay on its national debt
8263,is there a bar called cheers in boston
8264,when does season 6 of ouat come out
8265,what is another name for the caribbean islands
8266,when did charlie and the waitress get married in real life
8267,where does friday the 13th movie take place
8268,what is the definition of the name tiffany
8269,what is the name of the compound with the formula ba(ch3coo)2
8270,who gets pregnant on gossip girl season 5
8271,who sang theme tune to casino royale 2006
8272,who was the youngest person elected president of united states
8273,who is the pilot in crossing the bar
8274,where does the movie the outsiders take place
8275,what is the coldest place in new zealand
8276,who does the voice of haku in spirited away
8277,what type of iron ore found in india
8278,in which country there is a provision of due process of law
8279,what is most of the land on the great plains dedicated to
8280,who played carol in the first episode of friends
8281,who yells hello wisconsin in the 70s show
8282,who sang me and mrs jones original version
8283,what type of car was christine in the movie
8284,what event spurred the creation of the republican party
8285,who founded the first english institution of higher learning in india
8286,who wrote it is no secret what god can do
8287,what is a nuss procedure for pectus excavatum
8288,how many times has gail platt been married in coronation street
8289,is my brothers wife my husbands sister in law
8290,is dominican republic a part of the us
8291,bible story of the man with two sons
8292,where did the name little caesars come from
8293,what was the original name of bank of america
8294,where did the name room 101 come from
8295,when is season three of star vs the forces of evil coming out
8296,when was the last time the lightning were in the stanley cup
8297,when was the song auld lang syne written
8298,where does egg fall in the food pyramid
8299,where did the term poached eggs come from
8300,what is the meaning of the name oedipus
8301,what was the impact of the treaty of utrecht
8302,when was lead replaced by graphite in pencils
8303,when was the last time the warriors won a final
8304,when was the first satellite sent into space
8305,what part of africa do trinidadians come from
8306,total runs scored by rohit sharma in ipl
8307,the first step in the reunification of east and west germany was uniting their
8308,who wins 6 nations if points are tied
8309,schitt's creek how did they lose their money
8310,where is implicit memory stored in the brain
8311,where was harry potter and the half blood prince filmed
8312,what is the bible book of amos about
8313,where does the handmaid's tale take place hulu
8314,where did the name dutch baby come from
8315,where is the next winter olympics being held at
8316,what is the accounting rate of return on the​ investment
8317,who is only bowler to have taken hat trick in both inning of test match
8318,who rejected secret service protection after leaving the presidency
8319,one kind of cancer that increased after chernobyl was
8320,who sang the song i was country when country wasn't cool
8321,how many goals messi scored in world cup 2006
8322,who is the actor that plays the flash
8323,who played lionel in all in the family
8324,when did circumcision become popular in the us
8325,the highest rank in the warrior class of japanese feudal society was the
8326,when was the last time the us had a military draft
8327,where does deus ex mankind divided take place
8328,where is the series when calls the heart filmed
8329,when was the last time miami took a direct hit from a hurricane
8330,how many osteopathic medical schools are there in the united states
8331,what is the elevation of the royal gorge bridge
8332,in reference to the quality of a sample the law of large numbers (a huge sample) guarantees
8333,who wrote the book of daniel in bible
8334,what is the name given to the chief religious leader of a synagogue
8335,where did the word sandwich get its name
8336,what is the difference between slovakia and czechoslovakia
8337,working edge of an alidate is known as
8338,how long did it take for the tohoku tsunami to arrive
8339,where was fast times at ridgemont high filmed at
8340,who voted in early greek democracy in athens
8341,who is rag n bone man backing singer
8342,when did the £2 coin come out
8343,why did the red sea get its name
8344,where did the atomic bomb hit in hiroshima
8345,when did memorial day changed from may 30th
8346,the principal energy levels of an atom are
8347,what is the mechanism of action for aspirin
8348,who is the first woman president of india national congress
8349,level of wizards in lord of the rings
8350,what is the father name in swiss family robinson
8351,where is growth hormone releasing hormone secreted from
8352,when did the battle of antietam take place
8353,who is the local governing agency that issues certification to work as a prehospital care provider
8354,who is top chef fan favorite season 15
8355,what is meant by the earth's atmosphere
8356,who played diva plavalaguna in the fifth element
8357,how many goals has messi scored all together
8358,are us and canadian passports the same size
8359,what is the premise of big little lies
8360,where did the name ghillie suit come from
8361,who was president when the iron curtain fell
8362,who used to present one man and his dog
8363,who is the founding father of keynesianism (last name)
8364,when did the suffragette movement start in britain
8365,when did the 12.9 inch ipad pro come out
8366,how much money did the movie leap make
8367,govt of india refers to the absolute poverty line in terms of
8368,when was the harpsichord replaced by the piano
8369,how many episodes in the inbetweeners season 2
8370,is metro last light a sequel to metro 2033
8371,which flag was made first cuba or puerto rico
8372,who identified three levels of conceptualization and organisation
8373,meaning of the song this woman's work
8374,who is the new york jets head coach
8375,who won season 24 dancing with the stars
8376,what is the effective range of an english longbow
8377,where did the words rock and roll come from
8378,what are the key movements performed by charleston dancers
8379,who do the french foreign legion fight for
8380,when do you have to pay death duties
8381,who was the football player that got shot
8382,how many police officers are killed in the line of duty each year
8383,who sang rudolph the red nosed reindeer in the 1950's
8384,who sings there's no place i'd rather be
8385,what year did otis redding song sitting on the dock of the bay
8386,who is playing the guitar in august rush
8387,what group is silicon (si) in
8388,how did the wailin jennys get their name
8389,when did korean drama started in the philippines
8390,who was the queen of england in 1890
8391,who won the mens doubles at australian open 2018
8392,who is the actor that plays edward in twilight
8393,who plays the pigeon lady in home alone
8394,what does the r stand for in audi r8
8395,where is the liver placed in the human body
8396,who plays david hale's brother on sons of anarchy
8397,when did the republic of ireland gain independence
8398,where do the vocal cords attach to the arytenoids
8399,who wrote song help me make it through the night
8400,is london the capital of england or the uk
8401,who plays emma on once upon a time
8402,who said if i am not for myself who will be for me
8403,when did the weimar republic come into power
8404,who took over the direction of the st. petersburg ballet in 1869
8405,what is the difference between rugby and american football
8406,the process by which water circulates from the oceans to the land masses is known as
8407,when do you register with the selective service
8408,where did the first atomic bomb used in war explode
8409,where is san marino on a map of europe
8410,who does the voice of fairy godmother shrek 2
8411,the necessary and proper clause was articulated by which supreme court case
8412,who was the chief minister of mp during bhopal gas tragedy
8413,how does the black panther get his power
8414,where was the five points in new york city
8415,when did the king of thailand pass away
8416,kind of oil that has been turned into a solid fat
8417,what is ground reference in twisted pair cable
8418,when did the glock gen 2 come out
8419,who sings the song we are an american band
8420,who has the most superbowl in the nfl
8421,who wrote walk me out in the morning dew
8422,where can iron be found in the body
8423,concept of written constitution was first originated in
8424,where are alkaline earth metals located on the periodic table
8425,who sings ghetto superstar that is what you are
8426,when was under god put into the pledge
8427,who does the houston astros play in the playoffs
8428,who plays tom thumb in the greatest showman
8429,what episode does deeks and kensi get together
8430,where does the show bob's burgers take place
8431,how big is ganymede compared to earth's moon
8432,where was the film dad's army filmed
8433,where does the real housewives of potomac take place
8434,who wrote zen and the art of motorcycle maintenance
8435,a process in which at least one new substance is produced as a result of chemical change
8436,game of throne season 7 episode 5 run time
8437,who wrote if you want it here it is come and get it
8438,what's the prize for america's got talent
8439,when did no mans sky come to xbox
8440,who sings the song it's been awhile
8441,where does the term doggy bag come from
8442,an important religious leader during the first great awakening was
8443,in malaysian legal system how can malaysian law be classified
8444,who sings what is love don't hurt me
8445,who plays the voice of candace on phineas and ferb
8446,what is the name of happy feet's main character
8447,when was the first world happiness report released
8448,when did the original willy wonka come out
8449,who could not speak sanskrit language were called mlecchas
8450,who led us troops at the battle of fallen timbers
8451,when does the maze runner death cure come out in theaters
8452,who was the first american on the moon
8453,who wrote the following statement on the wall if you don't change you become extinct
8454,where is the ossicles located in the ear
8455,who wrote the song jeremiah was a bullfrog
8456,when do jackson and april get a divorce
8457,how much memory does nintendo switch games use
8458,who is the saint lawrence river named after
8459,who sings the song i'm way too good at goodbyes
8460,when was sheltered in the arms of god written
8461,when did the draft start for the vietnam war
8462,can you see a virtual image on a screen
8463,where was the shannara chronicles season 2 filmed
8464,what happens when you mix oxygen and fire
8465,role of sodium-potassium pump in resting membrane potential
8466,who does john michie play in holby city
8467,what is the rationale behind using inheritance in programming
8468,what kind of guns do they use in the olympics
8469,who plays paige larson on days of our lives
8470,how do you call your brother in law wife
8471,who was the fast talking girl on the cosby show
8472,who did the original all i want for christmas
8473,when was their eyes were watching god written
8474,where did the name trail of tears come from
8475,who was born in two halves in mahabarata
8476,where does great rift valley start and end
8477,where is wrestlemania going to be held at
8478,who is the actor that plays steve mcgarrett
8479,where do you get a letter of administration
8480,when is the next season of voltron coming out
8481,first black sergeant major of the marine corps
8482,where does the name rolling stones come from
8483,what makes a graham cracker a graham cracker
8484,how many state of india has vidhan parishad
8485,who played the little girl mermaid in splash
8486,who said god open the eyes of the king of england
8487,where does the funds for unemployment come from
8488,where did the name crimson tide come from
8489,who was rebecca in the bible married to
8490,when did mcdonald's start the big mac
8491,when did the genre of installation art start to gain acceptance
8492,the unit of area in mks system is
8493,what is the size of the polar ice caps
8494,when was the first 3d television first introduced
8495,who won the 2017 britain's got talent
8496,when do we vote for house of representatives 2018
8497,when was the negro speaks of rivers written
8498,why do we have toll roads in the uk
8499,what happened to flight 103 in 1988 in locherbie scotland
8500,where did the expression dressed to the nines originate
8501,what is the nature of demand for carpets
8502,a highly politicised left his form of theatre which originated in 1920s europe
8503,how old was hyde when he started that 70s show
8504,what is the meaning of the song my sweet lord
8505,who has the most technical fouls in an nba season
8506,nearest metro station to salt lake city kolkata
8507,when do we vote for governor in california
8508,when does the 13 days of halloween start on freeform
8509,who was involved with the bill of rights
8510,the fantastic flying book of mr morris lessmore
8511,who sang i won't take less than your love
8512,who sings lead on try and love again
8513,the candidate who won the 1824 presidential election was
8514,what's the difference between ulster and northern ireland
8515,what happened to sam the bartender on gunsmoke
8516,when do you get a mulligan in golf
8517,where is mac mcclung going to play college basketball
8518,what is the purpose of the privileges and immunity clause
8519,tiger zinda hai is based on which true story
8520,is it legal to have a gun in florida
8521,who is the actress that plays sheldon's girlfriend
8522,who used poison gas first in world war 1
8523,where are the lifters located in an engine
8524,who was the first to arrive in america
8525,when did the seahawks become a football team
8526,who won sports personality of the year last night
8527,when did it become illegal for teachers to hit students
8528,where did the idea of the american dream originate
8529,who plays in the president's cup in golf
8530,when was the united nations development programme created
8531,who won women's cricket world cup 2018
8532,where does jersey shore family vacation take place
8533,what part of new york is coney island
8534,did eric northman die in season 6 finale
8535,who has the longest title reign in wwe
8536,where did the battle of fredericksburg take place
8537,when was pot made illegal in the us
8538,what is a petition for a writ of certiorari
8539,what was britain called before it was called britain
8540,where does the adventures of huckleberry finn start
8541,who is the ceo of lord and taylor
8542,what kind of ship is the uss iwo jima
8543,where did harvey originate and when did it become an official hurricane
8544,when do millennials end and gen z start
8545,colts rams traded by owners (1972)
8546,where is the collarbone located in the human body
8547,what are the numbers outside the venn diagram called
8548,what was loess used for in ancient china
8549,who falls out of the helicopter in black hawk down
8550,where does the coronary artery carry blood to
8551,when did spain establish a fort in saint augustine florida
8552,are shaw's and star market the same
8553,who is the credit for starting the olympic games in india
8554,the purpose of the supremacy clause is to
8555,what type of fish is angie from shark tale
8556,what are the names of the austin powers movies
8557,what is the age of consent in vietnam
8558,who owns the rights to call of duty
8559,who played little ricky on the i love lucy show
8560,when was the kardashian 10 year anniversary filmed
8561,what's the book store in harry potter
8562,what was the last year chevy made the trailblazer
8563,who won season 2 of so you think you can dance
8564,what when and where was the largest earthquake recorded in minnesota over the past 50 years
8565,who plays the part of the vicar in emmerdale
8566,when congress sets aside money for a specific purpose it is called
8567,who has hit the most grand slams in mlb history
8568,where is the sahara dessert on a map
8569,who was considered the greatest greek warrior at the time of the trojan war
8570,what do the flags on world series trophy mean
8571,is it legal to turn right on red in kansas
8572,many european countries have tried to deal with the economic crisis by implementing policies of
8573,who drove the car in smokey and the bandit
8574,what was alaska before it became a state
8575,who tells the first story in canterbury tales
8576,when does the next season of american idol begin
8577,which state is called god's own country
8578,who plays the daughter in the 40 year old virgin
8579,where did beep beep ima sheep come from
8580,when was the new 1 pound coin released
8581,where does the name chick fil a come from
8582,who proposed the coupling and repulsion theory of linkage
8583,who was the first woman to win the academy award for best adapted screenplay
8584,what airline has its hub in charlotte nc
8585,shades of grey the road to high saffron
8586,the commission on intervention and state sovereignty advanced what notion
8587,10. what is a good samaritan (a.k.a. medical amnesty) policy in relation to alcohol abuse
8588,what is an operating system explain its functions
8589,who starred in the movie wizard of oz
8590,who sings we built this city on rock and roll
8591,who wrote best day of my life lyrics
8592,who is the minister of trade and industry in ghana
8593,who played in the super bowl this year
8594,who is know to coin the term hiphop
8595,what part of your brain regulates body temperature
8596,immediately after expulsion of the ovum the ruptured follicle is now referred to as
8597,who wrote and sang i'm leaving on a jet plane
8598,who is telling the story in the canterville ghost
8599,where will the america's cup be held
8600,where does the name accrington stanley come from
8601,what is the name of lord farquaad's kingdom in shrek
8602,what type of flower is used in a hawaiian lei
8603,when does the new season of luke cage come out
8604,when is the last time israel won the eurovision
8605,who were the first european to reach america
8606,where does the aorta run in the human body
8607,when did the first white person came to australia
8608,where is most of the south american rain forest located
8609,who was credited with the invention of the internet
8610,how many american teams are in the ohl
8611,how many sphincter muscles are in the body
8612,who plays in whose line is it anyway
8613,when will the new tottenham stadium be built
8614,who played charlie in charlie and the chocolate factory 2005
8615,where did in god we trust come from
8616,who's the girl singing in in my feelings
8617,are michaels and ac moore the same company
8618,what is the world's best selling book of all times
8619,why was salt considered as valuable as gold in ancient mali
8620,sold soul to the devil to play guitar
8621,what does the occipital lobe of the brain control
8622,what are the functions of the adrenal gland
8623,who won americas next top model season one
8624,who records the statements and proceedings of trials
8625,who played chewbacca in return of the jedi
8626,what is the rate of cgt in australia
8627,when did dungeons & dragons first come out
8628,how long are the cables on half dome
8629,who wrote speed of the sound of loneliness
8630,american who wants to be a millionaire host
8631,where is the national library of the philippines located
8632,what was the cause of the armed conflict between great britain and china in 1840
8633,who plays morpheus in once upon a time
8634,explain three things that the allies demanded that germany do as part of the peace treaty
8635,what year did panic at the disco split
8636,when did the cultural revolution start and end in china
8637,where is the renal artery located in the body
8638,how many troops did great britain have in ww2
8639,when was steph curry drafted to the nba
8640,why do the liver birds face different ways
8641,when does the 5sos album come out 2018
8642,when did the vietnam war start for us
8643,when was the first suitcase with wheels invented
8644,site of a public garden in london from the mid 17th century
8645,how far is frisco tx from dallas tx
8646,lord of the rings return of the king extended run time
8647,when does jj find out she's pregnant
8648,when does damon and elena finally get together
8649,where did the industrial revolution begin in the late-1700s
8650,whos next in line for the royal family
8651,when do the winter olympics start and where
8652,all things being equal... is an expression from which school of thought
8653,who plays rajesh on the big bang theory
8654,who plays bo on days of our lives
8655,what is amazon echo dot and how does it work
8656,where was the movie one hundred foot journey filmed
8657,who was responsible for overthrowing the emperor of the yuan dynasty in 1368
8658,who gets credit for a run out in cricket
8659,who sings the theme song for the jeffersons
8660,where is the headquaters of the united nation situated
8661,who is the president of china and how old is he
8662,when does the fat duck open in melbourne
8663,who sings what a feeling from the movie flashdance
8664,who plays jim's dad in american pie
8665,what has helped the economy in wales improve in the 1990s
8666,who was the greek god of the sky
8667,when was the prayer of st francis written
8668,when did the houston astros move to the american league
8669,who is the actor who plays aidan in eastenders
8670,how many members does a nuclear family have
8671,who said what we have here is failure to communicate
8672,what language do they speak in beijing china
8673,how much do aces count in gin rummy
8674,where did british east india company set up its first factory in india
8675,is the movie national treasure based on a book
8676,where is the raiders stadium being built in las vegas
8677,who was the chola king to have conquered bengal
8678,who is the actor that plays drax in guardians of the galaxy
8679,who was the egyptian god of the nile
8680,where do you spray starter fluid in a fuel injected engine
8681,is university of the philippines a state university
8682,what is the poem tell tale heart about
8683,who is the original singer of blinded by the light
8684,where did the first successful rebellion against colonial government in latin america occur
8685,what happens when you mix coca cola and mentos
8686,who sang i see you baby shakin that arse
8687,who dies in the hunchback of notre dame
8688,how many feet from golden gate bridge to water
8689,when did the denver broncos change their logo
8690,what was the ethnic problem in sri lanka
8691,how did 20th century fox get its name
8692,who is the little girl in the grinch who stole christmas
8693,the name of the richest king in nigeria
8694,when do most hurricane typhoon and tropical cyclone occur
8695,when did air florida go out of business
8696,what brought large amounts of water into the city of rome
8697,who is the head coach of florida atlantic
8698,what was the role of trade in the olmec civilization
8699,movie where the earth's core stops spinning
8700,bacteria are usually referred to by which pair of names
8701,what is the point of a hollow body electric guitar
8702,what is the circulation of the globe and mail
8703,when was the first eruption of the kilauea volcano
8704,when did martin luther king jr day become a national holiday
8705,when did nico and the niners come out
8706,where did two shakes of a lamb's tail come from
8707,where does the tv show suits take place
8708,who sang for meryl streep in mama mia
8709,when was first test match played by india
8710,who sang had the time of my life
8711,which adaptations should you have to enable you to live permanently in the polar region
8712,in which layer of the skin are melanocytes located
8713,what is the current gross national product of the us
8714,what is the name of the tool the grim reaper carries
8715,when did the battle of lexington and concord began and end
8716,where did pearl jam first play in seattle
8717,what is the name of the man eating plant in little shop of horrors
8718,who started the fire at rick's on desperate housewives
8719,how deep is ice in a hockey rink
8720,when did drafting for the vietnam war begin
8721,who wrote the song you're the one that i want
8722,who took power in england during the glorious revolution brainly
8723,what are the key aspects that make arizona's climate
8724,who won the most gold medals in 2008 olympics
8725,when did the first jordan 12 come out
8726,when will the bullet train be finished in india
8727,were the olsen twins in the flintstones movie
8728,was pam actually pregnant in the office season 8
8729,what is tent of meeting in the bible
8730,where do light independent reactions of photosynthesis take place
8731,who plays the coach on friday night lights
8732,when did the bride of chucky come out
8733,csf is formed by specialized ependymal cells and capillaries called
8734,i want to be your lady baby artist
8735,who added the bowling alley to the white house
8736,when did the last episode of the originals air
8737,how does overall sympathetic or parasympathetic nervous system control effect blood pressure
8738,what is the s p 500 ticker symbol
8739,where did they film the 100 season 5
8740,who was the original voice of popeye the sailor
8741,when is the next season of keeping up
8742,what is the function of java in computer
8743,charismatic military leaders of early israel before they had a king were called by what term
8744,who said if you can't do the time don't do the crime
8745,who passed the vernacular press act in 1878 why was it passed
8746,how many players are on a team in soccer
8747,what year was the mustang in the movie bullitt
8748,short summary of the great expectations by charles dickens
8749,what is the name of the enzyme that degrades ach
8750,joseph and the amazing technicolor dreamcoat 1992 canadian cast
8751,where was the last jurassic park movie filmed
8752,where was the world cup held when england won
8753,when did rabat become the capital of morocco
8754,where can i use my golden age passport
8755,are casualty and holby city set in the same hospital
8756,when did ronaldo scored his first champions league goal
8757,who produces the most oranges in the us
8758,who sang your a mean one mr. grinch
8759,who killed the flash's mother in the comics
8760,the song in the movie i can only imagine
8761,does andy get his job back from nellie
8762,who is the girl that does the capital one commercial
8763,is baseball going to be in the 2020 olympics
8764,when does the house of representatives decide how many representatives can be sent from each state
8765,where did the battle of hasting take place
8766,who said i do not agree with a word you say but i will defend to the death your right to say it
8767,man of what profession found a bomb during the summer olympics in 1996
8768,who sings the song we can be heroes
8769,where does assassin's creed rogue take place in the timeline
8770,what is the orange ghost name in pacman
8771,who is the actor who played black panther
8772,where does the hunger games take place in real life
8773,address for department of justice in washington dc
8774,where did the bobo doll experiment take place
8775,world of winx season 3 episode 1 release date
8776,who sings the song who let the dogs out
8777,when did the august bank holiday change in england
8778,who does the voice for buzz lightyear in toy story
8779,who headed the revolution that overthrew the government of iran
8780,what is the story behind the elf on the shelf
8781,who sings the song lay it all on me now
8782,who sang the original just the two of us
8783,how did the catherine wheel get its name
8784,a million ways to die in the west box office mojo
8785,who wrote the song the first time ever
8786,who did ireland vote for in eurovision 2018
8787,who played jill valentine in resident evil apocalypse
8788,where do the new york jets play football
8789,who has the most passing yards in one season
8790,blood enters the left atrium from which vessel
8791,when was the last time peter pan was released
8792,when did the queen became queen of england
8793,who owns the rights to all eyes on me
8794,what was the last season of criminal minds
8795,what are the grid lines on the map called
8796,who was the first king chosen to rule over the israelites
8797,what daughter nuclide is produced from the alpha decay of th
8798,who plays as the joker in the dark knight
8799,what county is morehead city north carolina in
8800,who sings money for nothing chicks for free
8801,what is an equivalent representation of the full ipv6 address
8802,who is joel based on the last of us
8803,where did the orlando magic used to play
8804,icici bank is it foreign bank or indian bank
8805,which person deals with all financial affairs of musicians and artists
8806,when does the north american butterfly association count butterflies in the u. s. each year
8807,is central park the biggest park in america
8808,did michael mcdonald sing backup on ride like the wind
8809,pyar kiya to darna kya song lyrics meaning
8810,the material in the qur'an is divided into units called
8811,what is a rapid response in a hospital
8812,who is the director of welcome to new york
8813,when did lenny from law and order die
8814,what is the city museum in st louis
8815,what episode does sister jude sing the name game
8816,when did the women's suffrage movement take place
8817,what is rey's last name from star wars
8818,who presided over the muslim league session at dhaka
8819,what was the first song to be played on mtv
8820,who played mr bennet in pride and prejudice 1995
8821,where does the name victoria secret come from
8822,who played the chinese kid in indiana jones
8823,who suggested the name dominion of canada in 1864
8824,where does the term bravo zulu come from
8825,where do you have pain with carpal tunnel
8826,where are you going where have you been about
8827,where is the museum of natural history located
8828,who was originally offered the role in pretty woman
8829,the kentucky and virginia resolutions were based on the principle of
8830,in the catholic church what are the seven sacraments
8831,who is referee for world cup final 2018
8832,who wrote the book for in the heights
8833,phenylketonuria (pku) is a genetic disorder in which
8834,where does the tribe of levi come from
8835,when was humayun tomb declared a world heritage site
8836,who composed the famous song 'sare jahan se achha'
8837,the river bhavani is originated and flows from which plateau of kerala
8838,what is the mass of a human heart
8839,who is the city of san francisco named after
8840,is there such a thing as alcoholic dementia
8841,who played uncle albert in only fools and horses
8842,what are the dobermans names in oliver and company
8843,where did the quote to be or not to be come from
8844,where is mar a lago located on map
8845,who argued that every person was born with a tabula rasa
8846,where was the superbowl played when the saints won
8847,who ran as a third party candidate in 1992
8848,when did get rich or die trying come out
8849,where is the addicks reservoir located in houston
8850,who used introspection as a basic research tool
8851,where did the green power ranger come from
8852,when did the iphone 7 go on sale
8853,who played the priest in casper the movie
8854,is tim mcgraw in the movie country strong
8855,how did the boy from kris kross died
8856,who developed his approach to personality based on the reticular activation system
8857,who is the actress that plays donna on suits
8858,where is the bering strait located on a world map
8859,the stranger-on-the-plane phenomenon is one example of when social penetration is
8860,who played the lone ranger in the 1950s
8861,where is lettuce grown in the united states
8862,what are the names of the blues brothers
8863,what is the meaning of vishal in hindi
8864,write the name of two kings of chahamanas dynasty
8865,who's the head coach of the buffalo bills
8866,who sings the power rangers ninja storm theme song
8867,who plays emily fields in pretty little liars
8868,when did north and south korea go to war
8869,who plays quinn on how i met your mother
8870,where is the lad located in the heart
8871,who played the first game on monday night football
8872,when does go tell it on the mountain take place
8873,where is the us embassy located in italy
8874,who sang i in demand i am the beat
8875,where is national lampoon's christmas vacation filmed
8876,where can you bet on sports in the us
8877,what part of the chloroplast does the calvin cycle take place
8878,what is the japanese art of flower arrangement called
8879,a piece of news published before a rival newspaper can publish it is called a(n)
8880,who won season 2 rupaul's drag race
8881,give me that old time rock and roll song
8882,where is the golf us open played this year
8883,what form of death penalty does texas use
8884,who is buried in the arc de triomphe
8885,who declared war on north korea in 1950
8886,what are the 4 steps of nuclear transfer to create a cloned organism
8887,what happened to brandon stark's younger brother
8888,irish comedian on 8 out of 10 cats
8889,what team has the most world series titles
8890,last player to kick 100 goals in afl
8891,what do they call the subway in new york
8892,how many seasons of miraculous ladybug are there going to be
8893,which instrument performers in a symphony orchestra sit closest to the conductor
8894,where is camp red cloud located in south korea
8895,where is the nebula in the orion located
8896,who played chrissy's cousin on three's company
8897,which are stronger intramolecular bonds or intermolecular forces
8898,when does spring break start in the us
8899,in cherokee nation v georgia the us supreme court ruled
8900,when did the english royal family stop speaking french
8901,what is the point of the space needle
8902,reasons why scientific names are given in latin
8903,when did coal mining start in west virginia
8904,what kind of plane does the secretary of state fly on
8905,where is the french speaking part of canada
8906,what do the colors of the egyptian flag stand for
8907,resting heart rate of tour de france cyclists
8908,who died from the fast and furious cast
8909,what kind of bird is a bald eagle
8910,who created the first open source operating system
8911,when did the china one child policy start
8912,who is not considered an officer of the court
8913,who sings the hell song in the south park movie
8914,who blew up the bridge in harry potter
8915,how many games are in the eastern conference finals
8916,a wild ride at disneyland park formerly located at the magic kingdom theme park
8917,is the movie a river runs through it a true story
8918,what is the pre-industrial level of co2 on earth
8919,what is the most common language in italy
8920,who sang you're the one that i want with arthur mullard
8921,who plays michael's mother in prison break
8922,how many counties are there in the state of maine
8923,who played floyd the barber on andy griffith
8924,who wanted the catholic church to reform and address
8925,what event in sarajevo led to world war 1
8926,who played private miller in band of brothers
8927,what is the 4 numbers after a zip code
8928,ryotwari settlement in india during the british rule
8929,where was the scene when dobby dies filmed
8930,where were the hebrews moved after the fall of judah in 597 b.c.e
8931,what is the meaning of the blood moon in the bible
8932,who has the most career hits in baseball
8933,where did season 2 of jersey shore take place
8934,which half of the former roman empire is known as the byzantine empire after the fall of rome
8935,who is the wife in wolf of wall street
8936,how long is the ball in play in soccer
8937,who danced with ed in thinking out loud
8938,who played the skin changer in desolation of smaug
8939,what is stig in childrens novel stig of the dump
8940,who was named first president of delta sigma theta's alpha chapter
8941,where does most of the federal governments revenue come from
8942,when did the western bacon cheeseburger come out
8943,who plays dr turner's wife in call the midwife
8944,who wrote the song you only live twice
8945,when did america start sending troops to vietnam
8946,where is the worlds oldest mini golf located
8947,what is the meaning of e and oe
8948,what is the purpose of typedef in c
8949,what genre of game is clash of clans
8950,where does california get its water supply from
8951,when did salt lake city became the capital of utah
8952,who was the union general who captured vicksburg and then won the civil war
8953,when did a year in the life come out
8954,where did the clippers play before the staples center
8955,who sings the song a rainy night in georgia
8956,when do the elder scrolls games take place
8957,what is the pharynx and where is it located
8958,what is the name of the new generation
8959,what are the physical features of angel falls
8960,who is the song bad blood written about
8961,who sings i will always love you on the jukebox in the bodyguard
8962,when did i love rock and roll come out
8963,what does the spiracles do on a grasshopper
8964,citizens voting directly on a proposed constitutional amendment is one example of
8965,description of puck from a midsummer night's dream
8966,what civil right is guaranteed by the 15th amendment
8967,when did india become a direct colony of britain
8968,how many percentage of water in human body
8969,in the documentary film paris is burning the houses are
8970,who developed the five factor model of personality
8971,what is the principal resource extracted in the niger delta
8972,where does the last name ammons come from
8973,when do you shoot the black ball in pool
8974,when did the river in cleveland catch fire
8975,before the spanish took over who owned the land that is now mexico
8976,when did west coast eagles start in the afl
8977,when did the first doctor who episode air
8978,who won the war of the roses york or lancaster
8979,when did rugby union become a professional sport
8980,who sang i wish i had jessie's girl
8981,who plays liam in season 1 of black mirror
8982,who wrote the music for finian's rainbow
8983,when did sinclair oil go out of business
8984,who sings who says you can't go home
8985,where are the phone a friends on who wants to be a millionaire
8986,is a pontiac vibe a car or suv
8987,when is the last time for the gridworld case study to be tested
8988,what was the significance of the storming of bastille
8989,where is mature sperm stored in the epididymis
8990,what episode does grandpa die in only fools and horses
8991,what problem faced the english parliament before the parliamentary reform acts
8992,what is the most g force a human can withstand
8993,who is the actor who plays lip on shameless
8994,what was the significance of baker v carr
8995,where is saliva produced in the digestive system
8996,who plays sauron in lord of the rings
8997,what is the difference between an alsatian and a german shepard
8998,who does stewie's voice on family guy
8999,distance from victoria coach station to victoria rail station
9000,who were the allies in world war two
9001,who won the booker prize in 2008 for his novel the white tiger
9002,where do beans in baked beans come from
9003,what kind of whales are on the oregon coast
9004,who plays arias brother in pretty little liars
9005,what country do i live in if i live in california
9006,this artist was signed in 1952 by atlantic and brought a string of hits
9007,what are the two sisters names in frozen
9008,who does achilles fight in the beginning of troy
9009,manga about a girl that can read minds
9010,what does the c stand for on the minnesota twins cap
9011,who plays melissa horton on days of our lives
9012,who won the 2007 little league world series
9013,who made the music for donkey kong country
9014,when does ally appear in pretty little liars
9015,where is the ogden hotel in las vegas
9016,who was awarded bharat ratn firstly after death
9017,where did the name big brother come from
9018,why are elves immortal in lord of the rings
9019,what place did fifth harmony get on the x factor
9020,when did the movie cabin fever come out
9021,who owns the copyright to the song happy birthday
9022,who has the most grand slams in major league history
9023,by whom was the garden city of new earswick designed
9024,who were the nicolaitans in the chapter of revelation
9025,when did the song love hurts come out
9026,who did the vocals on mcdonald's jingle i'm loving it
9027,who said sociology is the science which attempts interpretive understanding of social action
9028,who is playing for the national league championship
9029,who is the oldest golfer to win a pga tournament
9030,who made the fresh prince of bel air theme song
9031,where was the movie bend in the river filmed
9032,who belongs to the absurd school of drama
9033,why is it called a walk off hit
9034,correct pathway for urine to leave the body
9035,who wrote tonight the heartache's on me
9036,antiperistalsis is controlled by which part of brain
9037,who was the first african american woman elected to congress
9038,when was goal line technology first introduced in the premier league
9039,who's won the snooker world championship the most
9040,who wrote the last word in lonesome is me
9041,who do you play as in god of war
9042,soldiers who guard the tomb of the unknown soldier
9043,which is first hannibal and silence of the lambs
9044,where did tradition of easter eggs come from
9045,who has most 40 point games in nba
9046,who wrote the hymn come thou fount of every blessing
9047,where is the skirt steak located on the cow
9048,when did ireland change from miles to kilometers
9049,who is the actress that plays elizabeth on general hospital
9050,when did lead singer of linkin park die
9051,when was the strange case of dr jekyll and mr hyde published
9052,how did lands' end get its name
9053,who are the presenters of show me show me
9054,who is the movie 127 hours based on
9055,who did the voice of granny on looney tunes
9056,when was orange is the new black filmed
9057,who owns the pioneer casino in laughlin nv
9058,when does the new season of the flash premier
9059,which is the only parliamentary point that can interrupt a speaker
9060,who proposed the idea of quit india movement
9061,who plays gabriella on days of our lives
9062,who played worf's son on star trek next generation
9063,range of signed integers represented by 8 bits
9064,what song did lloyd sample for i want you
9065,what is the name of the island east of the bridge in san francisco bay
9066,what were the names of monica and chandler's twins
9067,who designed the system of checks and balances
9068,who was the patron saint of the lost cause
9069,where is this year's sugar bowl being played
9070,who plays devoe's wife in the flash
9071,when did the us enter the space race
9072,what's the difference between resident evil 7 and gold edition
9073,where was kho kho game started in india
9074,in the us public health services are found only at the state and federal level
9075,where is the mother lode located in california
9076,who has the authority to make laws for the united states
9077,what do fat cells do for the body
9078,where is the palace called istana nurul iman
9079,who wrote last night i had the strangest dream
9080,who played batgirl in the 1966 tv series
9081,what is the significance of the battle of cowpens
9082,who did serena williams beat in the olympics
9083,where can ratification be found in the constitution
9084,when was the last time the us men's soccer team won the world cup
9085,what is the cleft between the labia minora
9086,what are the 3 regions of the pharynx
9087,at present how many courts are functional in india
9088,when did cup o noodles change to cup noodles
9089,chief features of american enlightenment in the 19th century
9090,what does the red stripe american flag mean
9091,who invented the first flush toilet in 1500
9092,who sings with meatloaf in anything for love
9093,most points by a player in nba season
9094,what does the t in t cell stand for
9095,is every song in across the universe by the beatles
9096,when is the cutoff for being a millennial
9097,who wrote i wasn't born to follow
9098,what is the hubble classification of the milky way galaxy
9099,when are they making a new season of riverdale
9100,who beat the cowboys last year in the playoffs
9101,when did india become independent from the british empire
9102,who plays robbie in last tango in halifax
9103,who do the animals represent in life of pi
9104,who pay the cost of deposit insurance with dicgc
9105,cost to enter a horse in the melbourne cup
9106,where was christianity most strongly established by ad 325
9107,when was the last time the kitchener rangers won the memorial cup
9108,where is the champions league final 2018 being held
9109,what episode of ncis does mcgee join the team
9110,who made the rocket that went to the moon
9111,can i buy alcohol on sunday in missouri
9112,who killed the dog in the curious incident of the dog in the nighttime
9113,when is the next time halley's comet comes around
9114,who was defeated in the third battle of panipat
9115,how many players went from high school to the nba
9116,who sings i'm in love with a monster from hotel transylvania 2
9117,where did they film the movie office space
9118,how many redcoats were at the boston massacre
9119,i need you but you don't need me
9120,what is the size of the angles of an equilateral triangle
9121,who does the voice of smithers on the simpsons
9122,who wrote the grapes of wrath about migrant workers
9123,what does the song easy by the commodores mean
9124,who wrote many of the classics of the ragtime repertoire
9125,who sang the song you are my starship
9126,how many ships were sunk by german u boats in ww1
9127,what happens to argos after he sees odysseus
9128,where does the movie the mountain between us take place
9129,when did the chiefs win the super bowl
9130,where does the old man and the sea take place
9131,how much does a trump golf membership cost
9132,where was kuch kuch hota hai song shot
9133,who played the mom on the brady bunch
9134,where did the term cold feet come from
9135,where does the mosel river start and end
9136,which is the term for the holy law of islam
9137,what kind of nuns are in call the midwife
9138,who wrote charlotte's web and stuart little
9139,where was indian independence league formed in 1942
9140,where does the river severn stop being tidal
9141,who played jesse's wife on full house
9142,who is credited with spreading christianity to the far reaches of the roman empire
9143,who played harry in the movie harry and the hendersons
9144,what is the meaning of c programming language
9145,fear the walking dead season 3 new characters
9146,who made up the majority of the work force during the gilded age
9147,where is the poison located in a puffer fish
9148,where is the girl who silenced the world for 5 minutes
9149,who is the lead singer of the beautiful south
9150,who won ru pauls drag race season 9
9151,by what scientific name are swollen lymph glands known
9152,who won the women's 2017 us open
9153,what is the value of a presidential dollar coin
9154,who won season five of rupaul's drag race
9155,what was the name of the empire that ruled ghana
9156,when will naruto shippuden season 3 be dubbed
9157,where do they film wheel of fortune at disney
9158,where does the queen mary 2 sail to
9159,how many times a person can be elected as president in india
9160,who sang i'll fly away in o brother where art thou
9161,who did the voice of the sorting hat
9162,how to use car lighter to light cigarette
9163,when does the second half of fear the walking dead season 4 start
9164,who does the talk over on love island
9165,when did the draft start in the us
9166,in later hindu literature one seeks salvation through the bhakti-yoga or way of devotion by
9167,why did merlin put the sword in the stone
9168,who first played penny on big bang theory
9169,who wrote child child how were you made
9170,where did the second red scare take place
9171,where does the term slush fund come from
9172,where did the battle of fort sumter happen
9173,who does joe swanson's voice on family guy
9174,when was the first honda car sold in america
9175,when does the new series of man v food start
9176,advantage of using reheat cycle in steam power plant
9177,who are we voting for in midterm elections 2018
9178,what is the origin of the word education
9179,when is the last time the capitals were in the stanley cup finals
9180,how many cards are in the game loteria
9181,who was the last surviving soldier of the civil war
9182,when was the drinking age changed to 21 in the united states
9183,what is the role of a makeup artist
9184,when is mother’s day observed in the united states every year
9185,greco-roman culture is also referred to as what kind of culture
9186,what is the dominant climate type for san diego
9187,when does live with kelly and ryan air
9188,when does the next season of greys start
9189,who was the first artist signed to bad boy records
9190,why cant you drink water in dominican republic
9191,what is a lease with an option to buy
9192,how many miles from austin tx to houston tx
9193,who is the douglas fir tree named after
9194,what is the abbreviation and definition for design build
9195,who is known as the blue eyed miss india
9196,ontario town at a once secret rcaf training site
9197,when did the first strangers movie come out
9198,who has the most wins in ncaa football
9199,where is the tv show the royals filmed
9200,who wrote the song i never promised you a rose garden
9201,when is harry potter and cursed child coming out
9202,where did the battle of poitiers take place
9203,when does star wars come out around the world
9204,how did florida become a possession of the united states
9205,where does the word indian summer come from
9206,when does major league baseball spring training end
9207,what is joy to the world by three dog night about
9208,who played father in i can only imagine
9209,is there a age limit for american idol
9210,when does the new season of snl 2017 start
9211,what are the inscriptions on the lincoln memorial
9212,the site of our nation's capital was the result of a deal regarding the
9213,why is it called starboard and port side
9214,where do the tendons of the flexor digitorum superficialis muscle insert
9215,who sings with taylor swift on end game
9216,when does jane the virgin start season 4
9217,who got the most medals in the commonwealth games 2018
9218,what is the prize for winning the gold cup
9219,who sang the song somewhere over the rainbow
9220,what is the collecting system of the kidney
9221,when did the first apple ipad come out
9222,what is the term velib short for in french
9223,who sang simon smith and his dancing bear
9224,what is the purpose of layers in photoshop
9225,who designed the oldest high court of india
9226,who became king at age 7 in the bible
9227,what does it mean to get married in the catholic church
9228,how many species have been named in the order coleoptera
9229,what do the city of london police do
9230,who played old geena davis in a league of their own
9231,when was the last time the us open was at shinnecock
9232,who is returning to grey's anatomy season 14
9233,what are the penalties for impersonating a police officer
9234,why was the second temple of jerusalem built
9235,what time did apollo 13 land on earth
9236,when was the last time ucf was ranked
9237,who plays chuck the evil sandwich making guy
9238,where is the rocky mountains located on a world map
9239,what is the meaning of the song back to you by selena gomez
9240,where did the game of chess originate from
9241,where does the term dressed to the nines come from
9242,what is the meaning of the name ignatius
9243,who sang just to be close to you
9244,what happened to the big guy on wwe
9245,when did the black death start in europe
9246,how much is the payment for philippine passport
9247,do you receive money for living in alaska
9248,when was top of the lake season 2 filmed
9249,what was the vote on obamacare in 2010
9250,where are the 2024 summer games going to be
9251,who were the three singers who died in a plane crash
9252,the strength of an acid depends on its tendency to
9253,when does the national women's soccer league start
9254,where did most settlements exist in new france
9255,what was the purpose of the national security act of 1947 apex
9256,when did california become part of the usa
9257,who was the winner of the contest on mt. carmel
9258,who sang the theme song for the beverly hillbillies
9259,sandy danny frenchy rizzo and kenickie are all characters in this movie
9260,mention the objectives of road development programme under the golden quadrilateral project in india
9261,what does the song if you like pina coladas mean
9262,the type of shop outlawed by the taft-hartley act was the ____ shop
9263,where do the amazons live in wonder woman
9264,youngest artist to win grammy for album of the year
9265,which type of software has no restrictions from the copyright holder and can be modified
9266,who came up with the theory of social darwinism
9267,when did the first tesla car come out
9268,what is the black ribbon on google for
9269,when did the first kung fu panda come out
9270,wagner's tristan und isolde is an example of
9271,what are the first 5 books of moses
9272,where did the titanic start its maiden voyage
9273,who is a person that borrows money or capital
9274,where is the jejunum located in the human body
9275,who plays nathan scott on one tree hill
9276,how did detective ed green leave law and order
9277,what is the official residence of the vice president of the united states
9278,who said one step forward two steps back
9279,who designed and sent the first christmas card
9280,where does the optic nerve send most of its information
9281,who had the right to vote in 1911
9282,where was the movie big jake filmed at
9283,1 arab is equal to how many crores
9284,who says with my mind on my money and my money on my mind
9285,where did they film bridge on the river kwai
9286,who's flag is green white and orange
9287,where was game of throne season 7 filmed
9288,who played kirby in suite life on deck
9289,who dies in the maze runner death cure
9290,who was the mom on 8 is enough
9291,what is a general manager of a hotel
9292,when did attack on titan season 2 air
9293,who sang she's acting single i'm drinkin doubles
9294,who wrote the song the first time i ever saw your face
9295,will xbox one x play original xbox games
9296,who is demi lovato going on tour with
9297,who wrote could it be i'm falling in love
9298,what is day of the dead in spanish
9299,who died first on what happened to monday
9300,what songs is luke bryan singing on tour
9301,where is indonesia located in relation to australia
9302,who did the high school shooting in florida
9303,why does italy have both a prime minister and president
9304,what is the natural habitat of a ball python
9305,where are tarantula hawks found in the us
9306,who plays earl's wife in my name is earl
9307,what effect did the war between britain and france have on the war of 1812
9308,who has won the boat race more times
9309,where does the supratrochlear nerve exit the skull
9310,volleyball became an official sport in the summer olympics in this year
9311,is highway 8 in houston a toll road
9312,when was the first new york times published
9313,what is the difference between minority and majority government
9314,what was the compromise in the iran hostage crisis
9315,where did the saying riding shotgun come from
9316,who stars in the movie bright on netflix
9317,is estee lauder and clinique the same company
9318,how many teams in the march madness tournament
9319,a(n) is a difference between actual and budgeted performance
9320,which city is on the east side of san francisco bay
9321,how long does it take to become a chartered engineer uk
9322,where does the last name avelar come from
9323,what is the opposite of a monogamous relationship
9324,who owns the patent for the fidget spinner
9325,why do mhc i and mhc ii molecules generally bind different peptides
9326,who were the first climbers of mount everest
9327,who was the state of washington named after
9328,who sings the song spooky little girl like you
9329,what does dr campbell find in the sugar bowl
9330,what is the 5th pirates of the caribbean movie called
9331,when does the movie peter rabbit come out
9332,when did the movie the shack come out
9333,who used to say chase me chase me
9334,when did pretty little liars season 7 start
9335,who is the actor who plays four in divergent
9336,who was the movie white boy rick based off of
9337,who has written the book war and peace
9338,what is a member 4 copy of dd214
9339,what is the difference between professor and doctor uk
9340,what is the lowest score in the masters
9341,the collection known as the songs of chu consists of
9342,where is the kelp forest located in california
9343,what role does the senate play in the appointment process
9344,who played max on wizards of waverly place
9345,when did the kyoto protocol came into force
9346,where did the plane crash in kenner la
9347,who plays michael myers in the original halloween
9348,where does the tv series broadchurch take place
9349,nigeria state with the highest number of professors
9350,who sings i love you in the morning and in the afternoon
9351,what is the g on speed racer's shirt
9352,an optimal tax is one that minimizes the
9353,what type of relationship is represented by the scatter plot
9354,which country is the owner of royal enfield
9355,where are the flanks located on the body
9356,who is the actress that plays nurse jackie
9357,dragon ball super on which channel in india
9358,who sang i had too much to drink last night
9359,when did looney tunes back in action come out
9360,what does it mean to be the most valuable player
9361,how could a territory become a state according to the northwest ordinance of 1787
9362,who won the women's cricket world cup
9363,who does the voice for the progressive insurance box
9364,who decides when the vote for the president will be held
9365,star wars the force unleashed 3 release date
9366,who began the tradition of celebrating new year's day on january 1st
9367,who is the current secretary of homeland security for the united states
9368,which cells in the thyroid gland produce calcitonin
9369,where did the union pacific and central pacific railroads meet
9370,when was it discovered that the sun rotates
9371,where did tomatoes come from in the columbian exchange
9372,which molecule initiates the halt of the cycle when damaged dna is detected in g1
9373,who sang the original version of rockin robin
9374,when did the latin american independence movement began
9375,uranium is found in which state of india
9376,when does jax find out gemma was rapped
9377,the wood of which tree is used to make the bobbili veenas
9378,where did dr seuss wrote most of his books
9379,when does the edge of seventeen come out
9380,where does the usa womens hockey team practice
9381,when was the treaty of brest litovsk signed
9382,when did lady and the tramp take place
9383,where was the movie yours mine and ours filmed
9384,what happened to warrick on csi las vegas
9385,where do double yellow headed amazon parrots live
9386,who plays belle in beauty and the beast cartoon
9387,who is talking at the beginning of thriller by fall out boy
9388,vietnam was a colony of what country prior to ww2
9389,what countries or areas did portugal contact colonize or establish posts in
9390,what number book is matthew in the bible
9391,who set up fort defiance and then later named it glenwood springs
9392,meaning of the song hazy shade of winter
9393,when was the cross first used in christianity
9394,when is anne with an e set in
9395,when did the books end in game of thrones
9396,when do new episodes of the handmaids tale come out
9397,the purpose of the inclusion of fundamental rights in the indian constitution is to establish
9398,who plays mary in lord of the rings
9399,what is the last season of being mary jane
9400,what is the most common crime committed in australia
9401,who is the president of the south korea
9402,who sang what in we are the world
9403,where did the term hat trick come from
9404,where did the st louis browns move to
9405,when did india host the commonwealth games for the first time
9406,where was the movie woody wood pecker filmed
9407,who signed the social security act of 1935
9408,when did second green revolution started in india
9409,what is the layman's term for the thyroid cartilage
9410,where is the famous painting mona lisa displayed
9411,where is olympia horse show held in london
9412,who sings lips of an angel country version
9413,who's the original singer of knocking on heaven's door
9414,when does it rain the most in florida
9415,what do the lyrics horse with no name mean
9416,who plays mandy in season 1 of shameless
9417,what does the song closer by nine inch nails mean
9418,what is the main function of motor neurons
9419,who is quinn in how i met your mother
9420,how did turkey get its name the country
9421,minecraft story mode season 2 how many episodes
9422,who were the axis controlled countries in ww2
9423,is range rover and land rover the same
9424,why did the quakers settle in pennsylvania apex
9425,when was asbestos stopped being used in popcorn ceilings
9426,when did the vikings first come to england
9427,meaning of welcome home by coheed and cambria
9428,where is kenya located on the continent of africa
9429,who played sam in lord of the rings
9430,where does the leader of the opposition live
9431,where does the term lone wolf come from
9432,where was the last scene of planet of the apes filmed
9433,what is task view button in windows 10
9434,who is known as the father of sanskrit grammar
9435,where does the salmon river meet the snake river
9436,second season of stranger things how many episodes
9437,how many stars on the walk of fame 2017
9438,where did little house on the prairie live
9439,who votes for the winner of los premios juventud
9440,who plays the female lead in the 2016 film the accountant
9441,methane is produced by the decomposition of what
9442,where was the movie in the heat of the night made
9443,when did city first win the premier league
9444,the functional unit of the kidneys is the
9445,when was the english bill of rights signed
9446,why are there only two elements in period 1
9447,when was the last time wales won the rugby world cup sevens
9448,who was the mvp of the super bowl
9449,how many mls in a bottle of corona
9450,which version of powershell comes with windows 10
9451,when does season 4 of rick and morty begin
9452,what was wrong with the water in meeks cutoff
9453,n the film which team told rickey they would not play if jackie played
9454,where did the name alex and ani come from
9455,how to say thank you god in arabic
9456,where does the word christ come from and what does it mean
9457,who plays andy's dad in the office
9458,who sang mother of mine on opportunity knocks
9459,who gave women's right to vote first
9460,what is the real name of jethalal in taarak mehta ka ooltah chashmah
9461,the act of sailing closer into the wind
9462,what was the main argument the colonists gave against the sugar act and stamp act
9463,what are the odds of winning a game of solitaire
9464,who is taylor swift's song i knew you were trouble about
9465,where is panama canal located on the map
9466,how many veterinary colleges are there in the us
9467,where were the commonwealth games held in 2014
9468,when was the line under god added to the pledge
9469,who played arthur in king arthur legend of the sword
9470,when do men's basketball conference tournaments start
9471,the story the little boy who cried wolf
9472,when is the first curse broken once upon a time
9473,who invented the green color of the dollar
9474,what is lo mein noodles made out of
9475,what is the original name of los angeles
9476,when did the battle of little bighorn happen
9477,when did the taliban start to take over pakistan
9478,a megohmmeter can produce voltages that range from 250 v to ____ v
9479,how many episodes in season 9 of grey's anatomy
9480,what is the temperature and pressure at ntp
9481,what were the deathly hallows in harry potter
9482,where did the idea of superheroes come from
9483,who wrote an essay on the principle of population
9484,who believed that human behavior is governed by the unconscious mind
9485,does it snow a lot in salt lake city
9486,where did the influenza epidemic first occur in 1918
9487,who played owen granger in ncis los angeles
9488,what is the meaning of the song down in the valley
9489,what's the ending of the mountain between us
9490,where is jack in the box headquarters located
9491,what is the function of bronchi in respiratory system
9492,where is herbert hoover high school in wv
9493,who is the girl in the video i don't want this night to end
9494,what is the power of now all about
9495,when was emily dickinson's poetry first published
9496,who played jessica in the man from snowy river
9497,when would the quantity of dna double when growing cells
9498,do all of the stranger things episodes come out at once
9499,who won the most world series as a player
9500,who does lemon marry in hart of dixie
9501,where did orange is the new black originate
9502,who was the monarch against whom the magna carta was created by the nobles
9503,what does it mean to get something expunged
9504,who played the prince of darkness in criminal minds
9505,minimum age to carry a handgun in texas
9506,who plays olivia benson in law and order
9507,where is the next world cup going to be located
9508,abnormal breathing with patterns of dyspnea and apnea
9509,who sings i just want to be okay
9510,what do you call the big red buses in london
9511,when does last podcast on the left air
9512,what happens to disaccharides not digested in the small intestine
9513,who sang the who the boss theme song
9514,is there a town in virginia called mystic falls
9515,who played lead guitar on thin lizzy whiskey in the jar
9516,how old is phyllis on the young and the restless in real life
9517,wind blows around low-pressure areas near the surface in the southern hemisphere in what direction
9518,name of simba's mother in the lion king
9519,who's the voice of meg in family guy
9520,who wrote the music for cider house rules
9521,what is a high day in the bible
9522,where does the name wu tang come from
9523,when does brooklyn nine nine season 5 start
9524,okinawa world's largest churaumi aquarium in japan
9525,who does the voice over on house hunters
9526,when will a sound be in the cone of confusion
9527,when is memory allocated for static variable in c++
9528,when did the modern venture capital industry in the usa most likely begin
9529,where is the headquarter of the united nations situated
9530,who was the boxer that inspired the rocky movies
9531,when will the nba draft order be announced
9532,who played tonto in the lone ranger after it became a tv show
9533,what is eddy current loss in a transformer
9534,who does christine choose in love never dies
9535,where does the unit crest go on asu
9536,how much is a box at a football game
9537,names of the guys in florida georgia line
9538,the anode of a dry cell is made up of
9539,when did tesla start taking reservations for model 3
9540,where did the story of romeo and juliet take place
9541,when did canada establish its own honours system after using british honours for years
9542,what is a co curricular activity at the school
9543,who coined the term the theatre of the absurd
9544,why do you not see false positives due to starch
9545,who played cassandra's mum in only fools
9546,what is a primary stress in english language
9547,who's running for lieutenant governor in virginia
9548,who played annie's dad on 7th heaven
9549,who wrote shawn mendes nothing holdin me back
9550,when does the new season of ncis los angelos start
9551,how many boron atoms are in a molecule of borax (na2b4o7·10h2o)
9552,where does the phrase throwing shade come from
9553,who is the wedding singer in the hangover
9554,when do you find out jack is the face of boe
9555,what is the name of the pink panther
9556,who knocked out nigeria in 2014 world cup
9557,who's the halftime performer for super bowl
9558,where is arizona located in the united states
9559,is jamie on malcolm in the middle a boy or girl
9560,who sings the song hope it gives you hell
9561,what does the chief master sergeant of the air force do
9562,where is california located in the region of the united states
9563,when did the first titanic movie come out
9564,when did the civil war in ireland end
9565,who created the first national park in america
9566,who decided what would be in the bible
9567,who won season 12 of america's got talent
9568,who is the author of my side of the mountain
9569,what is one important requirement of the bank secrecy act
9570,where is the central canal located in the brain
9571,is there a bridge over the panama canal
9572,who is the backing singer on gimme shelter
9573,what is the rate of corporation tax in uk
9574,who plays raj koothrappali on big bang theory
9575,in the united states the main contributor to economic growth is due to the growth in
9576,where are the winter olympics taking place 2018
9577,who did dominic sherwood play in vampire academy
9578,what is project management body of knowledge (pmbok)
9579,what was the first pizza place in america
9580,in what year did china launch its first manned satellite
9581,what is the name of the african nationalist movement that started in the 1950s
9582,who won america's got talent 2016 finalist
9583,which year was india capital shifted from calcutta to delhi
9584,where does the expression beating a dead horse come from
9585,what is dc stand for in dc comics
9586,what does the name nadia mean in english
9587,who was the first woman elected to the accounting hall of fame
9588,what year did the beatles first perform in the united states
9589,in the early 1980s venezuela was the richest country in latin america because of
9590,who does the voices on steve wright's show
9591,where is the troll under the bridge in seattle
9592,what is the distance of the giant slalom in the olympics
9593,who dies in the best exotic marigold hotel
9594,who did the saints beat in the superbowl
9595,record for three pointers in a game ncaa
9596,where does the drac pack visit on summer vacation in hotel transylvania 3
9597,what does a happy trail mean on a guy
9598,who was president for most of the 1950's
9599,where is the sydney opera house located in australia
9600,which president introduced the philadelphia plan which provided the framework for affirmative action
9601,bob's burgers tina learning to drive episode
9602,what does a y with an equal sign through it mean
9603,what type of game is red dead redemption
9604,where did the phrase taxation without representation come from
9605,when did the cardinals play in the super bowl
9606,in the early 1800s what four countries claimed land in oregon
9607,does an increase in income shifts the demand curve
9608,who plays big sal in madea goes to jail
9609,who had the fastest lap on top gear
9610,who took over the english throne after the glorious revolution
9611,who wins the wizard competition in wizards of waverly place
9612,when did nebraska go to the rose bowl
9613,where was far from the madding crowd filmed 2015
9614,who played darla in the little rascals tv show
9615,what issue split the democratic party in 1860
9616,who sings take it easy by the eagles
9617,who played lil sweet in the diet dr pepper commercial
9618,what do personal computers use to be part of a network
9619,how many cigarettes in a pack in the uk
9620,who sang i've got you under my skin first
9621,where did they film blood in blood out
9622,who is owner of jaguar & land rover
9623,where does the movie me before you take place
9624,is this the last season of gsme of thrones
9625,what is the 25th amendment of the united states of america
9626,what are the seven sacraments of the catholic faith
9627,when do you have to say check in chess
9628,what does the orange on the irish flag mean
9629,when did the kansas city kings leave kansas city
9630,what is the trd sport package on tacoma
9631,when does a book enter the public domain
9632,for each glucose molecule broken down in aerobic respiration approximately how may atps are produced
9633,who is the leader of the decepticons in transformers 4
9634,dollar rate at the time of indian independence
9635,when did derek die on grey's anatomy
9636,when did the right to education act 2009 came into force
9637,who wants to be a millionaire 2018 most won
9638,what is the route number of the lincoln highway
9639,who played agent brody on ncis new orleans
9640,does the uk have a two party system
9641,who was the first scientist who produced electromagnetic waves in a laboratory
9642,the study of the earth and its characteristics is know as
9643,who was crowned king after the battle of hastings
9644,what is a post after a root canal
9645,who was the girl that played punky brewster
9646,when was the bible first translated into french
9647,game of thrones which episode is the red wedding
9648,how long is the nile river in miles and kilometers
9649,in which year india qualified for world cup football
9650,who lead north korea in the korean war
9651,sachin first odi century after how many matches
9652,when did livin la vida loca come out
9653,who established the indian society of oriental art
9654,what is the institutional principle that created three branches of government called
9655,where is the daily value found and used
9656,who won the national championship in football in 2016
9657,what is the number for pie in math
9658,what is the upper part of your leg called
9659,who has scored the most goals in spanish league
9660,who does seth curry's brother play for
9661,who is the minister of agriculture in south africa
9662,what is the name of the villian in the incredibles
9663,where was little house on the prarie based
9664,who sings i would do anything for love
9665,one function of secondary groups is to quizlet
9666,who sings don't act like you know me
9667,one theme found in postmodern visual art and architecture
9668,who played the mother on my three sons
9669,where did the plague first strike in europe how long did it take to reach england
9670,who sings you got the music in me
9671,in harry potter do muggles know about wizards
9672,what type of surface is the us open played on
9673,type o negative i don't wanna be me video actor
9674,when was work it by missy elliott made
9675,who is hosting the world cup in 2018
9676,who are the members of the traveling wilburys band
9677,what was the purpose of the treaty of versailles
9678,where did the white house get its name from
9679,according to evolutionary theory kin selection is most adaptive in terms of
9680,where was the i have a dream speech
9681,what is the documentary forks over knives about
9682,which earth’s surfaces have the highest and lowest albedo
9683,the guy who plays chris in everybody hates chris
9684,when did the three point shot in basketball start
9685,who signed an alliance between germany and italy
9686,when is the nobel peace prize awarded each year
9687,who was carol from new york housewives married to
9688,what is the name of nigeria football coach
9689,which countries in the european union don't use the euro
9690,where is mall of asia located in the philippines
9691,where is roman empire located on a map
9692,who is the author of the book dork diaries
9693,when did the democratic and republican party start
9694,who is the original winnie the pooh voice
9695,when is the slender man movie coming out
9696,is a acura the same as a honda
9697,when was the dominator built at kings dominion
9698,when does season 2 of scream come out on netflix
9699,who wrote the song i can' t make you love me if you don't
9700,yellow colour in diamonds is caused by the presence of
9701,shut up and dance with me woman dancer
9702,who is the indian cricket team captain 2018
9703,when did chemistry replace alchemy as a science
9704,difference between shall and will in english grammar
9705,who sings the song it never rains in california
9706,who stars in the phantom of the opera movie
9707,what year does when the heart calls take place
9708,what is the song one tree hill about
9709,where does the expression soup to nuts originate
9710,how did lewy body dementia get its name
9711,where does the queen mary 2 sail from in new york
9712,when was the bantu education act passed and implemented and why
9713,what are the products of the citric acid cycle
9714,where did the proclamation of 1763 divide british territory
9715,who played gary ewing's wife on knots landing
9716,who played the warden in the movie shawshank redemption
9717,when does new season of law and order svu start
9718,the italian job cast member who was knighted
9719,when is the major league baseball home run hitting contest
9720,when was imperial bank was changed as sbi
9721,who is the winner of zumbo's just desserts
9722,who plays the girl in the bridge to terabithia
9723,where are the winter olympics held in 2018
9724,when will the next marvel movie be released
9725,when was capita fully listed on the london stock exchange
9726,who plays ridge on the bold and the beautiful
9727,who is alex karev dating on grey's anatomy
9728,what is a critical hit in dungeons and dragons
9729,where is canada's greatest concentration of fossil fuel resources located
9730,who has sold the highest number of albums
9731,in the maharashtra he crowned karna as the king of anga
9732,when did the white sox become a team
9733,when did the virgin islands become part of the united states
9734,when does the longmire series start on netflix
9735,what ultimately led to the americans using black recruits in the continental army
9736,where is most furniture made in the united states
9737,where did us get the money for louisiana purchase
9738,who did tom brady back up at michigan
9739,when was the product red iphone 7 released
9740,who has the record for fastest century in one day international cricket
9741,when was the lord of the rings written
9742,when was the first piece of gold found in australia
9743,who played luke skywalker in the force awakens
9744,what does boot camp assistant do on mac
9745,how many origins have qld won in a row
9746,how many years of school for public relations
9747,who sang the song one day at a time
9748,what the cowardly lion wanted from the wizard of oz
9749,who had the tonight show before jimmy fallon
9750,dense cord like tissues that attach muscles to bones
9751,where is the data stored on a hard drive
9752,how does the book the glass castle end
9753,where does the term mother lode come from
9754,where is abu dhabi on a world map
9755,who played fred macmurray's wife on my three sons
9756,where is the army navy game usually played
9757,liquid produced by the interaction of rainwater with solid waste
9758,who played wendy on saved by the bell
9759,the gestalt principle of proximity refers to the idea that
9760,who is opening for shania twain tour 2018
9761,where are the 2020 olympic games going to be
9762,under the ucc statute of frauds a contract must be signed by the
9763,who is the lead singer of lcd soundsystem
9764,who plays rocky in guardians of the galaxy
9765,who coached the winner of the voice last year
9766,are blue ridge and smoky mountains the same
9767,when did disney world start using magic bands
9768,where did the song row row row your boat come from
9769,where is the fynbos biome found in south africa
9770,layers of the earth with lithosphere and asthenosphere
9771,what's the capital of mexico name in spanish
9772,when did andrew lloyd webber write love never dies
9773,how old was the quuen mother when she died
9774,rule that applies to one group but not another
9775,at 750 000 acres yosemite national park is about the size of what state
9776,what are the criteria for something to be considered living
9777,when does year of the snitch come out
9778,who was calling rick on the walking dead
9779,what year was the film the revenant set
9780,who wrote old grey whistle test theme tune
9781,who is the green arrow love interest in the comics
9782,who is known as the drillmaster of the american revolution
9783,who played commander shelby in star trek the next generation
9784,where is testosterone secreted in the body of the human male
9785,which cm's father was maharaja(king)
9786,who said everyone is fighting a battle you know nothing about
9787,when did cuba gain independence from the us
9788,what type of book is because of winn-dixie
9789,what physical quantity is a measure of the amount of inertia and object has
9790,roman emporer who wanted to make his horse consul
9791,when did the iconic trump tower open its doors
9792,where is oman located on the world map
9793,how many prime ministers in the queen's reign
9794,which continent of today were part of gondwana land
9795,who wrote my tribute to god be the glory
9796,who was named india crickter of the century by wisden
9797,how did the bent pyramid get its name
9798,the first time ever i saw your face aretha franklin
9799,when was the first book written on paper
9800,book about a nurse who goes back in time
9801,who wins season 10 of hell's kitchen
9802,when is america got talent 2017 live shows
9803,who plays victoria on how i met your mother
9804,where is muchukunda cave is situated in uttrakhand
9805,who made the cars for mad max fury road
9806,who wrote the song all along the watch tower
9807,what genre of music is lord of the rings
9808,bob's burgers there's no business like mr. business cast
9809,who won the second battle of el alamein
9810,is nebraska in the middle of the usa
9811,when did british rule came to an end in india
9812,what is the name of the forbidden island in hawaii
9813,what is the diameter of an nba basketball hoop
9814,when did women get the right to vote in the uk
9815,what scripture says honor thy mother and father
9816,when was the northern kingdom of israel destroyed
9817,when was the original planet of the apes released
9818,who plays albert in count of monte cristo
9819,what verse in the bible are the ten commandments
9820,when does the pokemon movie i choose you come out
9821,what general won a huge victory at vicksburg
9822,who formed the national assembly in france in 1789 answer
9823,how many times has barcelona beaten real madrid
9824,what is the origin of the word tariff
9825,how is the south african government provides support to the road accident fund
9826,where is isle of man located on the world map
9827,who sings the song there is no arizona
9828,which european country was the first to claim land in africa
9829,when is the sims mobile supposed to come out
9830,what is the second season of the year
9831,who is the rbi governor of india 2016
9832,how did math discover aranrhod had lost her virginity
9833,when was the indian independence bill passed by house of lords in england
9834,who played the dad on that 70 show
9835,where is the potomac river located on a map
9836,city which hosts the annual us masters golf tournament
9837,when does black lightning start on the cw
9838,when does season 6 of game of thrones start
9839,when did louisiana become a part of the united states
9840,who has the most home runs in major league baseball
9841,chief legal officer of the scottish government crossword clue
9842,who played bill cosby's mother on the cosby show
9843,who played deacon palmer on king of queens
9844,who came up with the principle of double effect
9845,whitesnake here i go again girl in video
9846,what is the significance of 777 in the bible
9847,this nb town has a giant axe statue
9848,where is arabian peninsula located on a map
9849,who plays melody in the little mermaid 2
9850,who stars in the movie the glass castle
9851,what happens if the groundhog doesnt see his shadow
9852,advancements in technology led to what new theater of battle
9853,when did toyota start selling cars in the us
9854,who has won the nobel peace prize three times
9855,how much money did the twin towers cost
9856,where is eurovision 2018 going to be held
9857,what is the key signature for b flat major
9858,when did astros last go to world series
9859,where did the revolt begin as a mutiny
9860,when did the first wave of western settlement began
9861,who played granny on the beverly hillbillies tv show
9862,japanese prefecture located in westernmost tip of honshu
9863,who won three gold medals at the eight all african games
9864,what is the purpose of expr in shell script
9865,which is the last season of game of thrones
9866,who played the ringo kid in the original stagecoach film
9867,who takes part in the election of president of india
9868,who killed bruce wayne's parents in gotham show
9869,when did the fighting stop in the revolutionary war
9870,how do you play the game truth or dare
9871,how many seasons of hinterland are on netflix
9872,who was the book of hosea written to
9873,where does the water from clothes go when they are dried in sun name this process
9874,who sings the theme song from true blood
9875,who fought in the trojan war in the odyssey
9876,where was the movie come and find me filmed
9877,where is love simon supposed to take place
9878,when does a wronkle in time come out
9879,are there any more episodes of once upon a time
9880,back to the future part 2 marty's mom
9881,what is the rank of pakistan in corruption
9882,when did dragon ball z come out in usa
9883,who was were the leader of salt satyagraha movement at ankola
9884,who is the oldest nba player to play
9885,when did season 7 of the walking dead start
9886,cardiac cells have the ability to generate an electrical impulse which is called
9887,when was the last full eclipse seen in the united states
9888,what is the name of the chinese flag
9889,who does jackson avery end up with on grey's anatomy
9890,who has indefinite leave to remain in uk
9891,what episode of family guy does cleveland come back
9892,who invented the steam engine in the 1800s
9893,where does one tree hill take place in real life
9894,who became the first african american principle dancer
9895,what did robin buy lily for her wedding shower
9896,when was the last time ottawa made the finals
9897,who played the girl on the big comfy couch
9898,why was it called war of the roses
9899,where did the hemlock wooly adelgid come from
9900,the burned-over district in new york got its name as a seedbed of
9901,who decides how many stars a hotel gets
9902,use of upside down exclamation mark in spanish
9903,when does the slender man movie come out
9904,when do i use a crossover ethernet cable
9905,what happened at the end of friday the 13th part 2
9906,who fired the first shot at bunker hill
9907,who says by the pricking of my thumbs
9908,when was fear and loathing in las vegas made
9909,where is the big brother house in america
9910,who plays the district attorney on blue bloods
9911,who sings could i have this kiss forever
9912,where does the last name stephenson originate from
9913,when was the city of mohenjo daro discovered and by whom
9914,when was the current missouri state capitol building completed
9915,how was the doctor able to regenerate 13 times
9916,actress who played star on one life to live
9917,where did the battle fort sumter take place
9918,why is norway not a member of the european union
9919,who played thelma lou on andy griffith show
9920,how hplc is used as a separation technique
9921,which is the longest road in the india
9922,where are the san diego chargers playing football
9923,why is the knight green in sir gawain
9924,who sings we can dance if we want to
9925,how long can the prime minister of england stay in office
9926,where does the eurostar go from and to
9927,when was the first international game of cricket played
9928,when did federal government get involved in education
9929,who did notre dame beat in 1988 national championship
9930,who was principally entrusted with the task of illuminating the original constitution of india
9931,when did the nuclear accident happen in chernobyl
9932,what happened to genesis at the end of preacher
9933,who did the voice of the cheshire cat in alice in wonderland
9934,under whose recommendation the constituent assembly was set up in india
9935,who is the present chairman of law commission of india
9936,who played the father in meet me in st louis
9937,who was the city of pompeii named after
9938,what are the four main sources of fresh water on earth
9939,did hurricane audrey create a recorded storm surge
9940,who is the actress in meet joe black
9941,when is the sequal to avengers infinity war coming out
9942,where was the last episode of games of thrones filmed
9943,who sings ill make a man out of you
9944,what type of store is kohls considered to be
9945,who hired leonardo da vinci to paint the last supper
9946,where does chemical digestion of triglyceride (fat and oil) begin
9947,what happened to darrell from ice road truckers
9948,where is the mansion used in the beverly hillbillies
9949,when did elvis record the wonder of you
9950,what does the ductus arteriosus become following birth
9951,who sang the song i'm so excited
9952,where does morton salt get their salt from
9953,where is the general assembly of the united nations located
9954,what represents the greatest distance sun to earth
9955,can you get carpal tunnel in your leg
9956,the resolution for the removal of the vice-president of india can be proposed in
9957,what was the reason for the establishment of the national collegiate athletic association
9958,when did tim hortons open in the us
9959,who presides over the session of house of lords
9960,who has the longest winning streak in football
9961,washington dc is located near the border of what two states
9962,when was to kill a mocking bird published
9963,what term describes when the 14th amendment is used to apply the bill of rights to state governments
9964,when did the white house get its name
9965,where are ligaments and tendons found in the body
9966,what is the difference between a villain and a freeman
9967,when does the rule of obstruction take place in netball
9968,in america which racial group has the highest infant morality rate
9969,what is the function of constructor in java
9970,who led carthage in the first punic war
9971,who plays angela's father on boy meets world
9972,where is the parenchyma cell located in a plant
9973,where is survivor australia champions vs contenders filmed
9974,can you play 2 positions in the nfl
9975,who made the rings of power in lord of the rings
9976,who plays sally in the cat in the hat
9977,what is the difference between session and transport layer
9978,what is the objective of consumer protection act 1986
9979,who in the bible almost sacrificed his son
9980,what hospital is tv show er based on
9981,how many ymcas are there in the united states
9982,who plays eomer in lord of the rings
9983,developmental psychologist have used a procedure called the false belief task to examine childrens
9984,how can you remove a supreme court justice
9985,who does the voice of mabel from gravity falls
9986,who did it in death on the nile
9987,why is there no wawa in new york
9988,who sings sweet pea apple of my eye
9989,individuals who use substances are said to be dependent on the substance when
9990,when was we gotta get out of this place written
9991,who will be the king after the queen dies
9992,when is far from the madding crowd released
9993,where is peru located on a world map
9994,which city is known as the city of roses in india
9995,first airport in india to run on solar power
9996,who was the first person to suggest that light is an electromagnetic wave
9997,where does the filet come from on a cow
9998,when did nigeria change from right to left driving
9999,are cranial nerves part of the cns or pns
